{
  "data": {
    "type": "incidence_rate",
    "data": [
      {
        "age": "[0,20)",
        "sex": "male",
        "count": 0,
        "age_mid": 10,
        "duration": 11230721,
        "est": 0,
        "lwr.ci": 0,
        "upr.ci": 0
      },
      {
        "age": "[20,30)",
        "sex": "male",
        "count": 0,
        "age_mid": 25,
        "duration": 47983643,
        "est": 0,
        "lwr.ci": 0,
        "upr.ci": 0
      },
      {
        "age": "[30,40)",
        "sex": "male",
        "count": 0,
        "age_mid": 35,
        "duration": 58130794,
        "est": 0,
        "lwr.ci": 0,
        "upr.ci": 0
      },
      {
        "age": "[40,50)",
        "sex": "male",
        "count": 204,
        "age_mid": 45,
        "duration": 39760110,
        "est": 6.242,
        "lwr.ci": 5.385,
        "upr.ci": 7.099
      },
      {
        "age": "[50,60)",
        "sex": "male",
        "count": 300,
        "age_mid": 55,
        "duration": 32911658,
        "est": 11.09,
        "lwr.ci": 9.835,
        "upr.ci": 12.345
      },
      {
        "age": "[60,70)",
        "sex": "male",
        "count": 149,
        "age_mid": 65,
        "duration": 23394957,
        "est": 7.748,
        "lwr.ci": 6.504,
        "upr.ci": 8.993
      },
      {
        "age": "[70,80)",
        "sex": "male",
        "count": 7,
        "age_mid": 75,
        "duration": 10230481,
        "est": 0.832,
        "lwr.ci": 0.215,
        "upr.ci": 1.449
      },
      {
        "age": "[80,120)",
        "sex": "male",
        "count": 0,
        "age_mid": 100,
        "duration": 2155764,
        "est": 0,
        "lwr.ci": 0,
        "upr.ci": 0
      },
      {
        "age": "[0,20)",
        "sex": "female",
        "count": 0,
        "age_mid": 10,
        "duration": 10620157,
        "est": 0,
        "lwr.ci": 0,
        "upr.ci": 0
      },
      {
        "age": "[20,30)",
        "sex": "female",
        "count": 0,
        "age_mid": 25,
        "duration": 43447530,
        "est": 0,
        "lwr.ci": 0,
        "upr.ci": 0
      },
      {
        "age": "[30,40)",
        "sex": "female",
        "count": 0,
        "age_mid": 35,
        "duration": 54275841,
        "est": 0,
        "lwr.ci": 0,
        "upr.ci": 0
      },
      {
        "age": "[40,50)",
        "sex": "female",
        "count": 108,
        "age_mid": 45,
        "duration": 42253776,
        "est": 3.109,
        "lwr.ci": 2.523,
        "upr.ci": 3.696
      },
      {
        "age": "[50,60)",
        "sex": "female",
        "count": 210,
        "age_mid": 55,
        "duration": 38870614,
        "est": 6.573,
        "lwr.ci": 5.684,
        "upr.ci": 7.462
      },
      {
        "age": "[60,70)",
        "sex": "female",
        "count": 55,
        "age_mid": 65,
        "duration": 28984034,
        "est": 2.308,
        "lwr.ci": 1.698,
        "upr.ci": 2.918
      },
      {
        "age": "[70,80)",
        "sex": "female",
        "count": 4,
        "age_mid": 75,
        "duration": 15981958,
        "est": 0.304,
        "lwr.ci": 0.006,
        "upr.ci": 0.602
      },
      {
        "age": "[80,120)",
        "sex": "female",
        "count": 0,
        "age_mid": 100,
        "duration": 4931987,
        "est": 0,
        "lwr.ci": 0,
        "upr.ci": 0
      }
    ],
    "figures": null,
    "messageType": "chronicDiseaseCohorts.report",
    "requestId": "7378d23a-a088-4530-a67f-c333ff5edaba",
    "cohortId": "c_f74b9c92bc0517005234279f26646e4a"
  },
  "id": "9a9fc87a-717e-4b06-9f66-7ca8b6a31b7a"
}