{
  "data": {
    "type": "lab_clusters",
    "data": null,
    "figures": {
      "trends": {
        "20100 GLUCOSE- BLOOD normalized": {
          "21200 CHOLESTEROL normalized": "243b0ff3-0228-46d9-8d14-c234de3a85c3.c_c_f74b9c92bc0517005234279f26646e4a.cluster_trends_lab.20100.norm_lab.21200.norm.png"
        },
        "21200 CHOLESTEROL normalized": {
          "20100 GLUCOSE- BLOOD normalized": "243b0ff3-0228-46d9-8d14-c234de3a85c3.c_c_f74b9c92bc0517005234279f26646e4a.cluster_trends_lab.21200.norm_lab.20100.norm.png"
        }
      }
    },
    "messageType": "chronicDiseaseCohorts.report",
    "requestId": "243b0ff3-0228-46d9-8d14-c234de3a85c3",
    "cohortId": "c_f74b9c92bc0517005234279f26646e4a"
  },
  "id": "243b0ff3-0228-46d9-8d14-c234de3a85c3"
}