{
  "data": {
    "type": "medication",
    "data": [
      {
        "year": 2004,
        "sex": "male",
        "n": 2,
        "track_name": "WZMN.med.BENAZEPRIL",
        "med": "BENAZEPRIL"
      },
      {
        "year": 2004,
        "sex": "female",
        "n": 4,
        "track_name": "WZMN.med.BENAZEPRIL",
        "med": "BENAZEPRIL"
      },
      {
        "year": 2005,
        "sex": "male",
        "n": 1,
        "track_name": "WZMN.med.BENAZEPRIL",
        "med": "BENAZEPRIL"
      },
      {
        "year": 2005,
        "sex": "female",
        "n": 2,
        "track_name": "WZMN.med.BENAZEPRIL",
        "med": "BENAZEPRIL"
      },
      {
        "year": 2006,
        "sex": "male",
        "n": 3,
        "track_name": "WZMN.med.BENAZEPRIL",
        "med": "BENAZEPRIL"
      },
      {
        "year": 2006,
        "sex": "female",
        "n": 4,
        "track_name": "WZMN.med.BENAZEPRIL",
        "med": "BENAZEPRIL"
      },
      {
        "year": 2007,
        "sex": "male",
        "n": 6,
        "track_name": "WZMN.med.BENAZEPRIL",
        "med": "BENAZEPRIL"
      },
      {
        "year": 2007,
        "sex": "female",
        "n": 4,
        "track_name": "WZMN.med.BENAZEPRIL",
        "med": "BENAZEPRIL"
      },
      {
        "year": 2008,
        "sex": "male",
        "n": 4,
        "track_name": "WZMN.med.BENAZEPRIL",
        "med": "BENAZEPRIL"
      },
      {
        "year": 2008,
        "sex": "female",
        "n": 1,
        "track_name": "WZMN.med.BENAZEPRIL",
        "med": "BENAZEPRIL"
      },
      {
        "year": 2009,
        "sex": "male",
        "n": 3,
        "track_name": "WZMN.med.BENAZEPRIL",
        "med": "BENAZEPRIL"
      }
    ],
    "figures": null,
    "messageType": "chronicDiseaseCohorts.report",
    "requestId": "1039fd65-d17f-4484-8164-3457b12103e2",
    "cohortId": "c_f74b9c92bc0517005234279f26646e4a"
  },
  "id": "70e371ed-3e20-46cf-9f23-170866b182c8"
}