year,sex,n,track_name,med
2004,male,2,WZMN.med.BENAZEPRIL,BENAZEPRIL
2004,female,4,WZMN.med.BENAZEPRIL,BENAZEPRIL
2005,male,1,WZMN.med.BENAZEPRIL,BENAZEPRIL
2005,female,2,WZMN.med.BENAZEPRIL,BENAZEPRIL
2006,male,3,WZMN.med.BENAZEPRIL,BENAZEPRIL
2006,female,4,WZMN.med.BENAZEPRIL,BENAZEPRIL
2007,male,6,WZMN.med.BENAZEPRIL,BENAZEPRIL
2007,female,4,WZMN.med.BENAZEPRIL,BENAZEPRIL
2008,male,4,WZMN.med.BENAZEPRIL,BENAZEPRIL
2008,female,1,WZMN.med.BENAZEPRIL,BENAZEPRIL
2009,male,3,WZMN.med.BENAZEPRIL,BENAZEPRIL
