age_group,gender,track,predisposition,risk,rr,risk_count,predisposition_and_risk,risk_duration,predisposition_and_risk_duration,type
"[60,70)",male,icd9_371.4,cohort.5Fc.5Ff74b9c92bc0517005234279f26646e4a,371.4* CORNEAL DEGENERATIONS,5.77,1570,11,23432625,28474,ICD9
"[60,70)",female,icd9_357.2,cohort.5Fc.5Ff74b9c92bc0517005234279f26646e4a,357.2* POLYNEUROPATHY IN DIABETES,2.77,7477,14,28270705,19136,ICD9
"[60,70)",female,icd9_428.0,cohort.5Fc.5Ff74b9c92bc0517005234279f26646e4a,428.0* CONGESTIVE HEART FAILURE,2.73,6575,12,28601667,19136,ICD9
"[60,70)",female,icd9_585_,cohort.5Fc.5Ff74b9c92bc0517005234279f26646e4a,585 CHRONIC RENAL FAILURE,2.58,8622,15,28362802,19136,ICD9
"[60,70)",male,icd9_362.0,cohort.5Fc.5Ff74b9c92bc0517005234279f26646e4a,362.0* DIABETIC RETINOPATHY,2.17,8643,24,22271466,28474,ICD9
"[60,70)",male,icd9_427.3,cohort.5Fc.5Ff74b9c92bc0517005234279f26646e4a,427.3* ATRIAL FIBRILLATION AND FLUTTER,2.14,12499,34,22398272,28474,ICD9
"[60,70)",female,icd9_362.0,cohort.5Fc.5Ff74b9c92bc0517005234279f26646e4a,362.0* DIABETIC RETINOPATHY,1.98,8824,12,27877206,19136,ICD9
"[60,70)",male,icd9_585_,cohort.5Fc.5Ff74b9c92bc0517005234279f26646e4a,585 CHRONIC RENAL FAILURE,1.92,15728,39,22096467,28474,ICD9
"[60,70)",male,icd9_781.2,cohort.5Fc.5Ff74b9c92bc0517005234279f26646e4a,781.2* ABNORMALITY OF GAIT,1.77,6374,14,22998675,28474,ICD9
"[60,70)",male,icd9_431,cohort.5Fc.5Ff74b9c92bc0517005234279f26646e4a,431* INTRACEREBRAL HEMORRHAGE,1.75,10374,23,22437039,28474,ICD9
"[60,70)",male,icd9_357.2,cohort.5Fc.5Ff74b9c92bc0517005234279f26646e4a,357.2* POLYNEUROPATHY IN DIABETES,1.7,7065,15,22742358,28474,ICD9
"[60,70)",male,icd9_428.9,cohort.5Fc.5Ff74b9c92bc0517005234279f26646e4a,"428.9* HEART FAILURE, UNSPECIFIED",1.67,6296,13,23067896,28474,ICD9
"[60,70)",male,icd9_Z36.1,cohort.5Fc.5Ff74b9c92bc0517005234279f26646e4a,Z36.1* BYPASS ANASTOMOSIS FOR HEART REVASCULARIZATION,1.66,6755,14,22837271,28474,ICD9
"[60,70)",male,icd9_361.3,cohort.5Fc.5Ff74b9c92bc0517005234279f26646e4a,361.3* RETINAL DEFECTS WITHOUT DETACHMENT,1.65,5422,11,23142930,28474,ICD9
"[60,70)",female,icd9_782.3,cohort.5Fc.5Ff74b9c92bc0517005234279f26646e4a,782.3* EDEMA,1.64,23717,28,26657237,19136,ICD9
"[60,70)",male,icd9_L71,cohort.5Fc.5Ff74b9c92bc0517005234279f26646e4a,L71* NEOPLASMS,1.6,6086,12,23074855,28474,ICD9
"[60,70)",male,icd9_836.0,cohort.5Fc.5Ff74b9c92bc0517005234279f26646e4a,"836.0* TEAR OF MEDIAL CARTILAGE OR MENISCUS OF KNEE, CURRENT",1.59,8920,18,22409626,28474,ICD9
"[60,70)",male,icd9_496,cohort.5Fc.5Ff74b9c92bc0517005234279f26646e4a,"496* CHRONIC AIRWAY OBSTRUCTION, NOT ELSEWHERE CLASSIFIED",1.59,16082,34,21463200,28474,ICD9
"[60,70)",male,icd9_709.2,cohort.5Fc.5Ff74b9c92bc0517005234279f26646e4a,709.2* SCAR CONDITIONS AND FIBROSIS OF SKIN,1.58,7143,14,22951651,28474,ICD9
"[60,70)",male,icd9_428.0,cohort.5Fc.5Ff74b9c92bc0517005234279f26646e4a,428.0* CONGESTIVE HEART FAILURE,1.56,9712,19,22717523,28474,ICD9
"[60,70)",female,icd9_496,cohort.5Fc.5Ff74b9c92bc0517005234279f26646e4a,"496* CHRONIC AIRWAY OBSTRUCTION, NOT ELSEWHERE CLASSIFIED",1.56,11952,13,27455026,19136,ICD9
"[60,70)",female,icd9_250.0,cohort.5Fc.5Ff74b9c92bc0517005234279f26646e4a,250.0* DIABETES MELLITUS WITHOUT MENTION OF COMPLICATION,1.55,30224,36,24878004,19136,ICD9
"[60,70)",female,icd9_133.0,cohort.5Fc.5Ff74b9c92bc0517005234279f26646e4a,133.0* SCABIES,1.53,12417,13,27902496,19136,ICD9
"[60,70)",female,icd9_369.0,cohort.5Fc.5Ff74b9c92bc0517005234279f26646e4a,"369.0* PROFOUND VISION IMPAIRMENT, BOTH EYES",1.49,11909,12,28251069,19136,ICD9
"[60,70)",male,icd9_782.3,cohort.5Fc.5Ff74b9c92bc0517005234279f26646e4a,782.3* EDEMA,1.47,15405,29,22162215,28474,ICD9
"[60,70)",female,icd9_487_,cohort.5Fc.5Ff74b9c92bc0517005234279f26646e4a,487 INFLUENZA,1.47,13443,14,27008225,19136,ICD9
"[60,70)",male,icd9_250.0,cohort.5Fc.5Ff74b9c92bc0517005234279f26646e4a,250.0* DIABETES MELLITUS WITHOUT MENTION OF COMPLICATION,1.45,29521,63,19335433,28474,ICD9
"[60,70)",male,icd9_K90,cohort.5Fc.5Ff74b9c92bc0517005234279f26646e4a,K90* STROKE/CEREBROVASC.ACC.,1.43,10586,19,22710884,28474,ICD9
"[60,70)",female,icd9_623.6,cohort.5Fc.5Ff74b9c92bc0517005234279f26646e4a,623.6* VAGINAL HEMATOMA,1.39,12205,12,27057871,19136,ICD9
"[60,70)",female,icd9_470,cohort.5Fc.5Ff74b9c92bc0517005234279f26646e4a,470* DEVIATED NASAL SEPTUM,1.39,15405,15,27278455,19136,ICD9
"[60,70)",female,icd9_715.9,cohort.5Fc.5Ff74b9c92bc0517005234279f26646e4a,"715.9* OSTEOARTHROSIS, UNSPECIFIED WHETHER GENERALIZED OR LOCALIZED",1.37,14008,13,28166570,19136,ICD9
"[60,70)",male,icd9_244.9,cohort.5Fc.5Ff74b9c92bc0517005234279f26646e4a,244.9* UNSPECIFIED ACQUIRED HYPOTHYROIDISM,1.36,8131,14,22514680,28474,ICD9
"[60,70)",female,icd9_L89,cohort.5Fc.5Ff74b9c92bc0517005234279f26646e4a,L89* OSTEOARTHRITIS OF HIP,1.36,14982,14,27924654,19136,ICD9
"[60,70)",female,icd9_S12,cohort.5Fc.5Ff74b9c92bc0517005234279f26646e4a,S12* INSECT BITE,1.36,23460,23,26633220,19136,ICD9
"[60,70)",female,icd9_244.9,cohort.5Fc.5Ff74b9c92bc0517005234279f26646e4a,244.9* UNSPECIFIED ACQUIRED HYPOTHYROIDISM,1.33,24121,25,24512011,19136,ICD9
"[60,70)",female,icd9_454.3,cohort.5Fc.5Ff74b9c92bc0517005234279f26646e4a,454.3* VARICOSE VEINS SEVERE,1.33,14097,13,27502046,19136,ICD9
"[60,70)",male,icd9_232_,cohort.5Fc.5Ff74b9c92bc0517005234279f26646e4a,232 CARCINOMA IN SITU OF SKIN,1.33,9106,15,22940191,28474,ICD9
"[60,70)",male,icd9_382.3,cohort.5Fc.5Ff74b9c92bc0517005234279f26646e4a,382.3* UNSPECIFIED CHRONIC SUPPURATIVE OTITIS MEDIA,1.31,10858,18,22527061,28474,ICD9
"[60,70)",male,icd9_367_,cohort.5Fc.5Ff74b9c92bc0517005234279f26646e4a,367 DISORDERS OF REFRACTION AND ACCOMMODATION,1.3,6790,11,22892841,28474,ICD9
"[60,70)",male,icd9_728.6,cohort.5Fc.5Ff74b9c92bc0517005234279f26646e4a,728.6* CONTRACTURE OF PALMAR FASCIA,1.29,7484,12,22872230,28474,ICD9
"[60,70)",male,icd9_790.7,cohort.5Fc.5Ff74b9c92bc0517005234279f26646e4a,790.7* UNSPECIFIED BACTEREMIA,1.29,8721,14,22881954,28474,ICD9
"[60,70)",female,icd9_464.0,cohort.5Fc.5Ff74b9c92bc0517005234279f26646e4a,464.0* ACUTE LARYNGITIS,1.27,19767,18,26713431,19136,ICD9
"[60,70)",female,icd9_V15.0,cohort.5Fc.5Ff74b9c92bc0517005234279f26646e4a,"V15.0* PERSONAL HISTORY OF ALLERGY,OTHER THAN TO MEDICINAL AGENTS",1.27,17268,15,27872331,19136,ICD9
"[60,70)",male,icd9_845.0,cohort.5Fc.5Ff74b9c92bc0517005234279f26646e4a,845.0* ANKLE SPRAIN,1.26,13972,23,21727537,28474,ICD9
"[60,70)",male,icd9_R74,cohort.5Fc.5Ff74b9c92bc0517005234279f26646e4a,R74* U.R.I. (HEAD COLD),1.24,8935,14,22522524,28474,ICD9
"[60,70)",male,icd9_410.9,cohort.5Fc.5Ff74b9c92bc0517005234279f26646e4a,410.9* ACUTE MYOCARDIAL INFARCTION OF UNSPECIFIED SITE,1.23,10344,16,22730624,28474,ICD9
"[60,70)",female,icd9_753.1,cohort.5Fc.5Ff74b9c92bc0517005234279f26646e4a,753.1* CONGENITAL CYSTIC KIDNEY DISEASE,1.22,15488,13,27839720,19136,ICD9
"[60,70)",male,icd9_040.1,cohort.5Fc.5Ff74b9c92bc0517005234279f26646e4a,040.1* RHINOSCLEROMA,1.2,7369,11,22955931,28474,ICD9
"[60,70)",male,icd9_412.2,cohort.5Fc.5Ff74b9c92bc0517005234279f26646e4a,412.2* STATUS POST MYOCARDIAL INFARCTION INFERIOR,1.2,7431,11,22996979,28474,ICD9
"[60,70)",female,icd9_333.1,cohort.5Fc.5Ff74b9c92bc0517005234279f26646e4a,333.1* ESSENTIAL AND OTHER SPECIFIED FORMS OF TREMOR,1.19,17273,14,28053712,19136,ICD9
"[60,70)",male,icd9_410.3,cohort.5Fc.5Ff74b9c92bc0517005234279f26646e4a,410.3* ACUTE MYOCARDIAL INFARCTION OF INFEROPOSTERIOR WALL,1.19,9392,14,22740328,28474,ICD9
"[60,70)",male,icd9_274.9,cohort.5Fc.5Ff74b9c92bc0517005234279f26646e4a,"274.9* GOUT, UNSPECIFIED",1.18,8064,12,22489129,28474,ICD9
"[60,70)",male,icd9_443.9,cohort.5Fc.5Ff74b9c92bc0517005234279f26646e4a,"443.9* PERIPHERAL VASCULAR DISEASE, UNSPECIFIED",1.18,10704,16,22504021,28474,ICD9
"[60,70)",male,icd9_428.1,cohort.5Fc.5Ff74b9c92bc0517005234279f26646e4a,428.1* LEFT HEART FAILURE,1.17,31197,49,21194060,28474,ICD9
"[60,70)",female,icd9_V16.0,cohort.5Fc.5Ff74b9c92bc0517005234279f26646e4a,V16.0* FAMILY HISTORY OF MALIGNANT NEOPLASM OF GASTROINTESTINAL TRACT,1.17,22733,19,26885222,19136,ICD9
"[60,70)",female,icd9_272.2,cohort.5Fc.5Ff74b9c92bc0517005234279f26646e4a,272.2* MIXED HYPERLIPIDEMIA,1.16,13911,11,27974785,19136,ICD9
"[60,70)",male,icd9_435.9,cohort.5Fc.5Ff74b9c92bc0517005234279f26646e4a,435.9* UNSPECIFIED TRANSIENT CEREBRAL ISCHEMIA,1.16,13636,20,22527326,28474,ICD9
"[60,70)",male,icd9_728.2,cohort.5Fc.5Ff74b9c92bc0517005234279f26646e4a,"728.2* MUSCULAR WASTING AND DISUSE ATROPHY, NOT ELSEWHERE CLASSIFIED",1.16,10273,15,22605787,28474,ICD9
"[60,70)",male,icd9_153.9,cohort.5Fc.5Ff74b9c92bc0517005234279f26646e4a,"153.9* MALIGNANT NEOPLASM OF COLON, UNSPECIFIED",1.15,14780,22,21937906,28474,ICD9
"[60,70)",female,icd9_427.6,cohort.5Fc.5Ff74b9c92bc0517005234279f26646e4a,427.6* PREMATURE BEATS,1.15,13949,11,27945748,19136,ICD9
"[60,70)",male,icd9_Z95.4,cohort.5Fc.5Ff74b9c92bc0517005234279f26646e4a,Z95.4* NONOPERATIVE PROCEDURES RELATED TO HEARING,1.14,14359,21,22142850,28474,ICD9
"[60,70)",male,icd9_790_,cohort.5Fc.5Ff74b9c92bc0517005234279f26646e4a,790 NONSPECIFIC FINDINGS ON EXAMINATION OF BLOOD,1.14,26487,40,21429157,28474,ICD9
"[60,70)",male,icd9_782.1,cohort.5Fc.5Ff74b9c92bc0517005234279f26646e4a,782.1* RASH AND OTHER NONSPECIFIC SKIN ERUPTION,1.11,21162,31,21550195,28474,ICD9
"[60,70)",female,icd9_790.2,cohort.5Fc.5Ff74b9c92bc0517005234279f26646e4a,790.2* ABNORMAL GLUCOSE TOLERANCE TEST,1.11,47156,41,24400182,19136,ICD9
"[60,70)",male,icd9_V16.0,cohort.5Fc.5Ff74b9c92bc0517005234279f26646e4a,V16.0* FAMILY HISTORY OF MALIGNANT NEOPLASM OF GASTROINTESTINAL TRACT,1.11,13992,20,22121213,28474,ICD9
"[60,70)",female,icd9_414.0,cohort.5Fc.5Ff74b9c92bc0517005234279f26646e4a,414.0* CORONARY ATHEROSCLEROSIS,1.1,46396,38,25589385,19136,ICD9
"[60,70)",male,icd9_918.1,cohort.5Fc.5Ff74b9c92bc0517005234279f26646e4a,918.1* SUPERFICIAL INJURY OF CORNEA,1.1,11418,16,22308929,28474,ICD9
"[60,70)",male,icd9_V67.0,cohort.5Fc.5Ff74b9c92bc0517005234279f26646e4a,V67.0* FOLLOW-UP EXAMINATION FOLLOWING SURGERY,1.1,8032,11,22889195,28474,ICD9
"[60,70)",male,icd9_133.0,cohort.5Fc.5Ff74b9c92bc0517005234279f26646e4a,133.0* SCABIES,1.09,9438,13,22597997,28474,ICD9
"[60,70)",male,icd9_414.9,cohort.5Fc.5Ff74b9c92bc0517005234279f26646e4a,"414.9* CHRONIC ISCHEMIC HEART DISEASE, UNSPECIFIED",1.09,10225,14,22649203,28474,ICD9
"[60,70)",male,icd9_041.1,cohort.5Fc.5Ff74b9c92bc0517005234279f26646e4a,"041.1* STAPHYLOCOCCUS INFECT.IN CONDIT.CLASSIF.ELSEWHERE,UNSP.SITE",1.08,12450,17,22556306,28474,ICD9
"[60,70)",female,icd9_958.3,cohort.5Fc.5Ff74b9c92bc0517005234279f26646e4a,958.3* POSTTRAUMATIC WOUND INFECTION NOT ELSEWHERE CLASSIFIED,1.08,32457,26,25781581,19136,ICD9
"[60,70)",male,icd9_Z81.5,cohort.5Fc.5Ff74b9c92bc0517005234279f26646e4a,Z81.5* TOTAL HIP REPLACEMENT,1.08,13915,19,22503972,28474,ICD9
"[60,70)",male,icd9_604_,cohort.5Fc.5Ff74b9c92bc0517005234279f26646e4a,604 ORCHITIS AND EPIDIDYMITIS,1.08,15229,21,22242630,28474,ICD9
"[60,70)",female,icd9_285.2,cohort.5Fc.5Ff74b9c92bc0517005234279f26646e4a,285.2* ANEMIA IN CHRONIC ILLNESS,1.07,28055,21,27258246,19136,ICD9
"[60,70)",male,icd9_426.2,cohort.5Fc.5Ff74b9c92bc0517005234279f26646e4a,426.2* LEFT BUNDLE BRANCH HEMIBLOCK,1.07,8290,11,22998600,28474,ICD9
"[60,70)",male,icd9_435_,cohort.5Fc.5Ff74b9c92bc0517005234279f26646e4a,435 TRANSIENT CEREBRAL ISCHEMIA,1.07,30535,44,21124745,28474,ICD9
"[60,70)",male,icd9_532_,cohort.5Fc.5Ff74b9c92bc0517005234279f26646e4a,532 DUODENAL ULCER,1.07,15262,21,22139745,28474,ICD9
"[60,70)",female,icd9_153.9,cohort.5Fc.5Ff74b9c92bc0517005234279f26646e4a,"153.9* MALIGNANT NEOPLASM OF COLON, UNSPECIFIED",1.06,19804,15,26779421,19136,ICD9
"[60,70)",female,icd9_696.1,cohort.5Fc.5Ff74b9c92bc0517005234279f26646e4a,696.1* OTHER PSORIASIS AND SIMILAR DISORDERS,1.06,22436,17,26716313,19136,ICD9
"[60,70)",female,icd9_702.8,cohort.5Fc.5Ff74b9c92bc0517005234279f26646e4a,702.8* OTHER SPECIFIED DERMATOSES,1.06,31626,25,25766501,19136,ICD9
"[60,70)",male,icd9_923.0,cohort.5Fc.5Ff74b9c92bc0517005234279f26646e4a,923.0* CONTUSION OF SHOULDER AND UPPER ARM,1.06,16635,23,21785234,28474,ICD9
"[60,70)",male,icd9_L02,cohort.5Fc.5Ff74b9c92bc0517005234279f26646e4a,L02* BACK SYMPTOMS/COMPLAINTS,1.06,57711,108,16053515,28474,ICD9
"[60,70)",female,icd9_L10,cohort.5Fc.5Ff74b9c92bc0517005234279f26646e4a,L10* ELBOW SYMPTOMS/COMPLAINTS,1.06,14779,11,27132312,19136,ICD9
"[60,70)",male,icd9_L89,cohort.5Fc.5Ff74b9c92bc0517005234279f26646e4a,L89* OSTEOARTHRITIS OF HIP,1.06,9030,12,22804371,28474,ICD9
"[60,70)",male,icd9_592.1,cohort.5Fc.5Ff74b9c92bc0517005234279f26646e4a,592.1* CALCULUS OF URETER,1.05,14680,20,21921404,28474,ICD9
"[60,70)",male,icd9_799.9,cohort.5Fc.5Ff74b9c92bc0517005234279f26646e4a,799.9* UNKNOWN OR UNSPECIFIED CAUSE OF MORBIDITY (DIAGNOSIS DEFERRED),1.05,10648,14,22657185,28474,ICD9
"[60,70)",female,icd9_715.0,cohort.5Fc.5Ff74b9c92bc0517005234279f26646e4a,"715.0* OSTEOARTHROSIS, GENERALIZED",1.04,28161,21,26800019,19136,ICD9
"[60,70)",male,icd9_Z86.2,cohort.5Fc.5Ff74b9c92bc0517005234279f26646e4a,Z86.2* EXC.OR DESTRUCT.OF LESION OF SKIN AND SUBCUTANEOUS TISSUE,1.04,9916,13,22675734,28474,ICD9
"[60,70)",female,icd9_680_,cohort.5Fc.5Ff74b9c92bc0517005234279f26646e4a,680 CARBUNCLE AND FURUNCLE,1.04,16326,12,27169920,19136,ICD9
"[60,70)",male,icd9_702.8,cohort.5Fc.5Ff74b9c92bc0517005234279f26646e4a,702.8* OTHER SPECIFIED DERMATOSES,1.03,25202,35,21167210,28474,ICD9
"[60,70)",female,icd9_722.1,cohort.5Fc.5Ff74b9c92bc0517005234279f26646e4a,722.1* DISPL.OF THORACIC OR LUMBAR INTERVERT.DISC WITHOUT MYELOPATHY,1.03,34502,27,25251800,19136,ICD9
"[60,70)",female,icd9_790.6,cohort.5Fc.5Ff74b9c92bc0517005234279f26646e4a,790.6* OTHER ABNORMAL BLOOD CHEMISTRY,1.03,39595,31,25293752,19136,ICD9
"[60,70)",male,icd9_337.9,cohort.5Fc.5Ff74b9c92bc0517005234279f26646e4a,337.9* UNSPECIFIED DISORDER OF AUTONOMIC NERVOUS SYSTEM,1.02,22407,31,21023573,28474,ICD9
"[60,70)",male,icd9_813.0,cohort.5Fc.5Ff74b9c92bc0517005234279f26646e4a,"813.0* FRACTURE OF UPPER END OF RADIUS AND ULNA, CLOSED",1.02,12159,16,22038154,28474,ICD9
"[60,70)",male,icd9_Z44.1,cohort.5Fc.5Ff74b9c92bc0517005234279f26646e4a,Z44.1* DIAGNOSTIC PROCEDURES ON STOMACH,1.02,10184,13,22764207,28474,ICD9
"[60,70)",female,icd9_272.7,cohort.5Fc.5Ff74b9c92bc0517005234279f26646e4a,272.7* LIPIDOSES,1.01,46735,38,23837660,19136,ICD9
"[60,70)",female,icd9_368.0,cohort.5Fc.5Ff74b9c92bc0517005234279f26646e4a,368.0* AMBLYOPIA EX ANOPSIA,1.01,31713,23,26532318,19136,ICD9
"[60,70)",male,icd9_440.2,cohort.5Fc.5Ff74b9c92bc0517005234279f26646e4a,440.2* ATHEROSCLEROSIS OF ARTERIES OF THE EXTREMITIES,1.01,14729,19,22384839,28474,ICD9
"[60,70)",male,icd9_569.4,cohort.5Fc.5Ff74b9c92bc0517005234279f26646e4a,569.4* OTHER SPECIFIED DISORDERS OF RECTUM AND ANUS,1.01,15309,20,21948628,28474,ICD9
"[60,70)",female,icd9_681.0,cohort.5Fc.5Ff74b9c92bc0517005234279f26646e4a,681.0* CELLULITIS AND ABSCESS OF FINGER,1.01,30714,23,25789634,19136,ICD9
"[60,70)",male,icd9_780.3,cohort.5Fc.5Ff74b9c92bc0517005234279f26646e4a,780.3* CONVULSIONS,1.01,15556,20,22260635,28474,ICD9
"[60,70)",male,icd9_847.0,cohort.5Fc.5Ff74b9c92bc0517005234279f26646e4a,847.0* NECK SPRAIN,1.01,33695,52,18682643,28474,ICD9
"[60,70)",female,icd9_924.2,cohort.5Fc.5Ff74b9c92bc0517005234279f26646e4a,"924.2* CONTUSION OF ANKLE AND FOOT, EXCLUDING TOE(S)",1,16950,12,27054058,19136,ICD9
