{
  "data": {
    "type": "lab_clusters",
    "data": null,
    "figures": {
      "trends": {
        "20100 GLUCOSE- BLOOD normalized": {
          "21200 CHOLESTEROL normalized": "21b0e171-b4a6-4ca2-a4f0-b91f555f77f3.c_c_f74b9c92bc0517005234279f26646e4a.cluster_trends_lab.20100.norm_lab.21200.norm.png"
        },
        "21200 CHOLESTEROL normalized": {
          "20100 GLUCOSE- BLOOD normalized": "21b0e171-b4a6-4ca2-a4f0-b91f555f77f3.c_c_f74b9c92bc0517005234279f26646e4a.cluster_trends_lab.21200.norm_lab.20100.norm.png"
        }
      }
    },
    "messageType": "chronicDiseaseCohorts.report",
    "requestId": "21b0e171-b4a6-4ca2-a4f0-b91f555f77f3",
    "cohortId": "c_f74b9c92bc0517005234279f26646e4a"
  },
  "id": "21b0e171-b4a6-4ca2-a4f0-b91f555f77f3"
}