{
  "data": {
    "type": "predisposition_risk",
    "data": [
      {
        "age_group": "[60,70)",
        "gender": "male",
        "track": "icd9_371.4",
        "predisposition": "cohort.5Fc.5Ff74b9c92bc0517005234279f26646e4a",
        "risk": "371.4* CORNEAL DEGENERATIONS",
        "rr": 5.77,
        "risk_count": 1570,
        "predisposition_and_risk": 11,
        "risk_duration": 23432625,
        "predisposition_and_risk_duration": 28474,
        "type": "ICD9"
      },
      {
        "age_group": "[60,70)",
        "gender": "female",
        "track": "icd9_357.2",
        "predisposition": "cohort.5Fc.5Ff74b9c92bc0517005234279f26646e4a",
        "risk": "357.2* POLYNEUROPATHY IN DIABETES",
        "rr": 2.77,
        "risk_count": 7477,
        "predisposition_and_risk": 14,
        "risk_duration": 28270705,
        "predisposition_and_risk_duration": 19136,
        "type": "ICD9"
      },
      {
        "age_group": "[60,70)",
        "gender": "female",
        "track": "icd9_428.0",
        "predisposition": "cohort.5Fc.5Ff74b9c92bc0517005234279f26646e4a",
        "risk": "428.0* CONGESTIVE HEART FAILURE",
        "rr": 2.73,
        "risk_count": 6575,
        "predisposition_and_risk": 12,
        "risk_duration": 28601667,
        "predisposition_and_risk_duration": 19136,
        "type": "ICD9"
      },
      {
        "age_group": "[60,70)",
        "gender": "female",
        "track": "icd9_585_",
        "predisposition": "cohort.5Fc.5Ff74b9c92bc0517005234279f26646e4a",
        "risk": "585 CHRONIC RENAL FAILURE",
        "rr": 2.58,
        "risk_count": 8622,
        "predisposition_and_risk": 15,
        "risk_duration": 28362802,
        "predisposition_and_risk_duration": 19136,
        "type": "ICD9"
      },
      {
        "age_group": "[60,70)",
        "gender": "male",
        "track": "icd9_362.0",
        "predisposition": "cohort.5Fc.5Ff74b9c92bc0517005234279f26646e4a",
        "risk": "362.0* DIABETIC RETINOPATHY",
        "rr": 2.17,
        "risk_count": 8643,
        "predisposition_and_risk": 24,
        "risk_duration": 22271466,
        "predisposition_and_risk_duration": 28474,
        "type": "ICD9"
      },
      {
        "age_group": "[60,70)",
        "gender": "male",
        "track": "icd9_427.3",
        "predisposition": "cohort.5Fc.5Ff74b9c92bc0517005234279f26646e4a",
        "risk": "427.3* ATRIAL FIBRILLATION AND FLUTTER",
        "rr": 2.14,
        "risk_count": 12499,
        "predisposition_and_risk": 34,
        "risk_duration": 22398272,
        "predisposition_and_risk_duration": 28474,
        "type": "ICD9"
      },
      {
        "age_group": "[60,70)",
        "gender": "female",
        "track": "icd9_362.0",
        "predisposition": "cohort.5Fc.5Ff74b9c92bc0517005234279f26646e4a",
        "risk": "362.0* DIABETIC RETINOPATHY",
        "rr": 1.98,
        "risk_count": 8824,
        "predisposition_and_risk": 12,
        "risk_duration": 27877206,
        "predisposition_and_risk_duration": 19136,
        "type": "ICD9"
      },
      {
        "age_group": "[60,70)",
        "gender": "male",
        "track": "icd9_585_",
        "predisposition": "cohort.5Fc.5Ff74b9c92bc0517005234279f26646e4a",
        "risk": "585 CHRONIC RENAL FAILURE",
        "rr": 1.92,
        "risk_count": 15728,
        "predisposition_and_risk": 39,
        "risk_duration": 22096467,
        "predisposition_and_risk_duration": 28474,
        "type": "ICD9"
      },
      {
        "age_group": "[60,70)",
        "gender": "male",
        "track": "icd9_781.2",
        "predisposition": "cohort.5Fc.5Ff74b9c92bc0517005234279f26646e4a",
        "risk": "781.2* ABNORMALITY OF GAIT",
        "rr": 1.77,
        "risk_count": 6374,
        "predisposition_and_risk": 14,
        "risk_duration": 22998675,
        "predisposition_and_risk_duration": 28474,
        "type": "ICD9"
      },
      {
        "age_group": "[60,70)",
        "gender": "male",
        "track": "icd9_431",
        "predisposition": "cohort.5Fc.5Ff74b9c92bc0517005234279f26646e4a",
        "risk": "431* INTRACEREBRAL HEMORRHAGE",
        "rr": 1.75,
        "risk_count": 10374,
        "predisposition_and_risk": 23,
        "risk_duration": 22437039,
        "predisposition_and_risk_duration": 28474,
        "type": "ICD9"
      },
      {
        "age_group": "[60,70)",
        "gender": "male",
        "track": "icd9_357.2",
        "predisposition": "cohort.5Fc.5Ff74b9c92bc0517005234279f26646e4a",
        "risk": "357.2* POLYNEUROPATHY IN DIABETES",
        "rr": 1.7,
        "risk_count": 7065,
        "predisposition_and_risk": 15,
        "risk_duration": 22742358,
        "predisposition_and_risk_duration": 28474,
        "type": "ICD9"
      },
      {
        "age_group": "[60,70)",
        "gender": "male",
        "track": "icd9_428.9",
        "predisposition": "cohort.5Fc.5Ff74b9c92bc0517005234279f26646e4a",
        "risk": "428.9* HEART FAILURE, UNSPECIFIED",
        "rr": 1.67,
        "risk_count": 6296,
        "predisposition_and_risk": 13,
        "risk_duration": 23067896,
        "predisposition_and_risk_duration": 28474,
        "type": "ICD9"
      },
      {
        "age_group": "[60,70)",
        "gender": "male",
        "track": "icd9_Z36.1",
        "predisposition": "cohort.5Fc.5Ff74b9c92bc0517005234279f26646e4a",
        "risk": "Z36.1* BYPASS ANASTOMOSIS FOR HEART REVASCULARIZATION",
        "rr": 1.66,
        "risk_count": 6755,
        "predisposition_and_risk": 14,
        "risk_duration": 22837271,
        "predisposition_and_risk_duration": 28474,
        "type": "ICD9"
      },
      {
        "age_group": "[60,70)",
        "gender": "male",
        "track": "icd9_361.3",
        "predisposition": "cohort.5Fc.5Ff74b9c92bc0517005234279f26646e4a",
        "risk": "361.3* RETINAL DEFECTS WITHOUT DETACHMENT",
        "rr": 1.65,
        "risk_count": 5422,
        "predisposition_and_risk": 11,
        "risk_duration": 23142930,
        "predisposition_and_risk_duration": 28474,
        "type": "ICD9"
      },
      {
        "age_group": "[60,70)",
        "gender": "female",
        "track": "icd9_782.3",
        "predisposition": "cohort.5Fc.5Ff74b9c92bc0517005234279f26646e4a",
        "risk": "782.3* EDEMA",
        "rr": 1.64,
        "risk_count": 23717,
        "predisposition_and_risk": 28,
        "risk_duration": 26657237,
        "predisposition_and_risk_duration": 19136,
        "type": "ICD9"
      },
      {
        "age_group": "[60,70)",
        "gender": "male",
        "track": "icd9_L71",
        "predisposition": "cohort.5Fc.5Ff74b9c92bc0517005234279f26646e4a",
        "risk": "L71* NEOPLASMS",
        "rr": 1.6,
        "risk_count": 6086,
        "predisposition_and_risk": 12,
        "risk_duration": 23074855,
        "predisposition_and_risk_duration": 28474,
        "type": "ICD9"
      },
      {
        "age_group": "[60,70)",
        "gender": "male",
        "track": "icd9_836.0",
        "predisposition": "cohort.5Fc.5Ff74b9c92bc0517005234279f26646e4a",
        "risk": "836.0* TEAR OF MEDIAL CARTILAGE OR MENISCUS OF KNEE, CURRENT",
        "rr": 1.59,
        "risk_count": 8920,
        "predisposition_and_risk": 18,
        "risk_duration": 22409626,
        "predisposition_and_risk_duration": 28474,
        "type": "ICD9"
      },
      {
        "age_group": "[60,70)",
        "gender": "male",
        "track": "icd9_496",
        "predisposition": "cohort.5Fc.5Ff74b9c92bc0517005234279f26646e4a",
        "risk": "496* CHRONIC AIRWAY OBSTRUCTION, NOT ELSEWHERE CLASSIFIED",
        "rr": 1.59,
        "risk_count": 16082,
        "predisposition_and_risk": 34,
        "risk_duration": 21463200,
        "predisposition_and_risk_duration": 28474,
        "type": "ICD9"
      },
      {
        "age_group": "[60,70)",
        "gender": "male",
        "track": "icd9_709.2",
        "predisposition": "cohort.5Fc.5Ff74b9c92bc0517005234279f26646e4a",
        "risk": "709.2* SCAR CONDITIONS AND FIBROSIS OF SKIN",
        "rr": 1.58,
        "risk_count": 7143,
        "predisposition_and_risk": 14,
        "risk_duration": 22951651,
        "predisposition_and_risk_duration": 28474,
        "type": "ICD9"
      },
      {
        "age_group": "[60,70)",
        "gender": "male",
        "track": "icd9_428.0",
        "predisposition": "cohort.5Fc.5Ff74b9c92bc0517005234279f26646e4a",
        "risk": "428.0* CONGESTIVE HEART FAILURE",
        "rr": 1.56,
        "risk_count": 9712,
        "predisposition_and_risk": 19,
        "risk_duration": 22717523,
        "predisposition_and_risk_duration": 28474,
        "type": "ICD9"
      },
      {
        "age_group": "[60,70)",
        "gender": "female",
        "track": "icd9_496",
        "predisposition": "cohort.5Fc.5Ff74b9c92bc0517005234279f26646e4a",
        "risk": "496* CHRONIC AIRWAY OBSTRUCTION, NOT ELSEWHERE CLASSIFIED",
        "rr": 1.56,
        "risk_count": 11952,
        "predisposition_and_risk": 13,
        "risk_duration": 27455026,
        "predisposition_and_risk_duration": 19136,
        "type": "ICD9"
      },
      {
        "age_group": "[60,70)",
        "gender": "female",
        "track": "icd9_250.0",
        "predisposition": "cohort.5Fc.5Ff74b9c92bc0517005234279f26646e4a",
        "risk": "250.0* DIABETES MELLITUS WITHOUT MENTION OF COMPLICATION",
        "rr": 1.55,
        "risk_count": 30224,
        "predisposition_and_risk": 36,
        "risk_duration": 24878004,
        "predisposition_and_risk_duration": 19136,
        "type": "ICD9"
      },
      {
        "age_group": "[60,70)",
        "gender": "female",
        "track": "icd9_133.0",
        "predisposition": "cohort.5Fc.5Ff74b9c92bc0517005234279f26646e4a",
        "risk": "133.0* SCABIES",
        "rr": 1.53,
        "risk_count": 12417,
        "predisposition_and_risk": 13,
        "risk_duration": 27902496,
        "predisposition_and_risk_duration": 19136,
        "type": "ICD9"
      },
      {
        "age_group": "[60,70)",
        "gender": "female",
        "track": "icd9_369.0",
        "predisposition": "cohort.5Fc.5Ff74b9c92bc0517005234279f26646e4a",
        "risk": "369.0* PROFOUND VISION IMPAIRMENT, BOTH EYES",
        "rr": 1.49,
        "risk_count": 11909,
        "predisposition_and_risk": 12,
        "risk_duration": 28251069,
        "predisposition_and_risk_duration": 19136,
        "type": "ICD9"
      },
      {
        "age_group": "[60,70)",
        "gender": "male",
        "track": "icd9_782.3",
        "predisposition": "cohort.5Fc.5Ff74b9c92bc0517005234279f26646e4a",
        "risk": "782.3* EDEMA",
        "rr": 1.47,
        "risk_count": 15405,
        "predisposition_and_risk": 29,
        "risk_duration": 22162215,
        "predisposition_and_risk_duration": 28474,
        "type": "ICD9"
      },
      {
        "age_group": "[60,70)",
        "gender": "female",
        "track": "icd9_487_",
        "predisposition": "cohort.5Fc.5Ff74b9c92bc0517005234279f26646e4a",
        "risk": "487 INFLUENZA",
        "rr": 1.47,
        "risk_count": 13443,
        "predisposition_and_risk": 14,
        "risk_duration": 27008225,
        "predisposition_and_risk_duration": 19136,
        "type": "ICD9"
      },
      {
        "age_group": "[60,70)",
        "gender": "male",
        "track": "icd9_250.0",
        "predisposition": "cohort.5Fc.5Ff74b9c92bc0517005234279f26646e4a",
        "risk": "250.0* DIABETES MELLITUS WITHOUT MENTION OF COMPLICATION",
        "rr": 1.45,
        "risk_count": 29521,
        "predisposition_and_risk": 63,
        "risk_duration": 19335433,
        "predisposition_and_risk_duration": 28474,
        "type": "ICD9"
      },
      {
        "age_group": "[60,70)",
        "gender": "male",
        "track": "icd9_K90",
        "predisposition": "cohort.5Fc.5Ff74b9c92bc0517005234279f26646e4a",
        "risk": "K90* STROKE/CEREBROVASC.ACC.",
        "rr": 1.43,
        "risk_count": 10586,
        "predisposition_and_risk": 19,
        "risk_duration": 22710884,
        "predisposition_and_risk_duration": 28474,
        "type": "ICD9"
      },
      {
        "age_group": "[60,70)",
        "gender": "female",
        "track": "icd9_623.6",
        "predisposition": "cohort.5Fc.5Ff74b9c92bc0517005234279f26646e4a",
        "risk": "623.6* VAGINAL HEMATOMA",
        "rr": 1.39,
        "risk_count": 12205,
        "predisposition_and_risk": 12,
        "risk_duration": 27057871,
        "predisposition_and_risk_duration": 19136,
        "type": "ICD9"
      },
      {
        "age_group": "[60,70)",
        "gender": "female",
        "track": "icd9_470",
        "predisposition": "cohort.5Fc.5Ff74b9c92bc0517005234279f26646e4a",
        "risk": "470* DEVIATED NASAL SEPTUM",
        "rr": 1.39,
        "risk_count": 15405,
        "predisposition_and_risk": 15,
        "risk_duration": 27278455,
        "predisposition_and_risk_duration": 19136,
        "type": "ICD9"
      },
      {
        "age_group": "[60,70)",
        "gender": "female",
        "track": "icd9_715.9",
        "predisposition": "cohort.5Fc.5Ff74b9c92bc0517005234279f26646e4a",
        "risk": "715.9* OSTEOARTHROSIS, UNSPECIFIED WHETHER GENERALIZED OR LOCALIZED",
        "rr": 1.37,
        "risk_count": 14008,
        "predisposition_and_risk": 13,
        "risk_duration": 28166570,
        "predisposition_and_risk_duration": 19136,
        "type": "ICD9"
      },
      {
        "age_group": "[60,70)",
        "gender": "male",
        "track": "icd9_244.9",
        "predisposition": "cohort.5Fc.5Ff74b9c92bc0517005234279f26646e4a",
        "risk": "244.9* UNSPECIFIED ACQUIRED HYPOTHYROIDISM",
        "rr": 1.36,
        "risk_count": 8131,
        "predisposition_and_risk": 14,
        "risk_duration": 22514680,
        "predisposition_and_risk_duration": 28474,
        "type": "ICD9"
      },
      {
        "age_group": "[60,70)",
        "gender": "female",
        "track": "icd9_L89",
        "predisposition": "cohort.5Fc.5Ff74b9c92bc0517005234279f26646e4a",
        "risk": "L89* OSTEOARTHRITIS OF HIP",
        "rr": 1.36,
        "risk_count": 14982,
        "predisposition_and_risk": 14,
        "risk_duration": 27924654,
        "predisposition_and_risk_duration": 19136,
        "type": "ICD9"
      },
      {
        "age_group": "[60,70)",
        "gender": "female",
        "track": "icd9_S12",
        "predisposition": "cohort.5Fc.5Ff74b9c92bc0517005234279f26646e4a",
        "risk": "S12* INSECT BITE",
        "rr": 1.36,
        "risk_count": 23460,
        "predisposition_and_risk": 23,
        "risk_duration": 26633220,
        "predisposition_and_risk_duration": 19136,
        "type": "ICD9"
      },
      {
        "age_group": "[60,70)",
        "gender": "female",
        "track": "icd9_244.9",
        "predisposition": "cohort.5Fc.5Ff74b9c92bc0517005234279f26646e4a",
        "risk": "244.9* UNSPECIFIED ACQUIRED HYPOTHYROIDISM",
        "rr": 1.33,
        "risk_count": 24121,
        "predisposition_and_risk": 25,
        "risk_duration": 24512011,
        "predisposition_and_risk_duration": 19136,
        "type": "ICD9"
      },
      {
        "age_group": "[60,70)",
        "gender": "female",
        "track": "icd9_454.3",
        "predisposition": "cohort.5Fc.5Ff74b9c92bc0517005234279f26646e4a",
        "risk": "454.3* VARICOSE VEINS SEVERE",
        "rr": 1.33,
        "risk_count": 14097,
        "predisposition_and_risk": 13,
        "risk_duration": 27502046,
        "predisposition_and_risk_duration": 19136,
        "type": "ICD9"
      },
      {
        "age_group": "[60,70)",
        "gender": "male",
        "track": "icd9_232_",
        "predisposition": "cohort.5Fc.5Ff74b9c92bc0517005234279f26646e4a",
        "risk": "232 CARCINOMA IN SITU OF SKIN",
        "rr": 1.33,
        "risk_count": 9106,
        "predisposition_and_risk": 15,
        "risk_duration": 22940191,
        "predisposition_and_risk_duration": 28474,
        "type": "ICD9"
      },
      {
        "age_group": "[60,70)",
        "gender": "male",
        "track": "icd9_382.3",
        "predisposition": "cohort.5Fc.5Ff74b9c92bc0517005234279f26646e4a",
        "risk": "382.3* UNSPECIFIED CHRONIC SUPPURATIVE OTITIS MEDIA",
        "rr": 1.31,
        "risk_count": 10858,
        "predisposition_and_risk": 18,
        "risk_duration": 22527061,
        "predisposition_and_risk_duration": 28474,
        "type": "ICD9"
      },
      {
        "age_group": "[60,70)",
        "gender": "male",
        "track": "icd9_367_",
        "predisposition": "cohort.5Fc.5Ff74b9c92bc0517005234279f26646e4a",
        "risk": "367 DISORDERS OF REFRACTION AND ACCOMMODATION",
        "rr": 1.3,
        "risk_count": 6790,
        "predisposition_and_risk": 11,
        "risk_duration": 22892841,
        "predisposition_and_risk_duration": 28474,
        "type": "ICD9"
      },
      {
        "age_group": "[60,70)",
        "gender": "male",
        "track": "icd9_728.6",
        "predisposition": "cohort.5Fc.5Ff74b9c92bc0517005234279f26646e4a",
        "risk": "728.6* CONTRACTURE OF PALMAR FASCIA",
        "rr": 1.29,
        "risk_count": 7484,
        "predisposition_and_risk": 12,
        "risk_duration": 22872230,
        "predisposition_and_risk_duration": 28474,
        "type": "ICD9"
      },
      {
        "age_group": "[60,70)",
        "gender": "male",
        "track": "icd9_790.7",
        "predisposition": "cohort.5Fc.5Ff74b9c92bc0517005234279f26646e4a",
        "risk": "790.7* UNSPECIFIED BACTEREMIA",
        "rr": 1.29,
        "risk_count": 8721,
        "predisposition_and_risk": 14,
        "risk_duration": 22881954,
        "predisposition_and_risk_duration": 28474,
        "type": "ICD9"
      },
      {
        "age_group": "[60,70)",
        "gender": "female",
        "track": "icd9_464.0",
        "predisposition": "cohort.5Fc.5Ff74b9c92bc0517005234279f26646e4a",
        "risk": "464.0* ACUTE LARYNGITIS",
        "rr": 1.27,
        "risk_count": 19767,
        "predisposition_and_risk": 18,
        "risk_duration": 26713431,
        "predisposition_and_risk_duration": 19136,
        "type": "ICD9"
      },
      {
        "age_group": "[60,70)",
        "gender": "female",
        "track": "icd9_V15.0",
        "predisposition": "cohort.5Fc.5Ff74b9c92bc0517005234279f26646e4a",
        "risk": "V15.0* PERSONAL HISTORY OF ALLERGY,OTHER THAN TO MEDICINAL AGENTS",
        "rr": 1.27,
        "risk_count": 17268,
        "predisposition_and_risk": 15,
        "risk_duration": 27872331,
        "predisposition_and_risk_duration": 19136,
        "type": "ICD9"
      },
      {
        "age_group": "[60,70)",
        "gender": "male",
        "track": "icd9_845.0",
        "predisposition": "cohort.5Fc.5Ff74b9c92bc0517005234279f26646e4a",
        "risk": "845.0* ANKLE SPRAIN",
        "rr": 1.26,
        "risk_count": 13972,
        "predisposition_and_risk": 23,
        "risk_duration": 21727537,
        "predisposition_and_risk_duration": 28474,
        "type": "ICD9"
      },
      {
        "age_group": "[60,70)",
        "gender": "male",
        "track": "icd9_R74",
        "predisposition": "cohort.5Fc.5Ff74b9c92bc0517005234279f26646e4a",
        "risk": "R74* U.R.I. (HEAD COLD)",
        "rr": 1.24,
        "risk_count": 8935,
        "predisposition_and_risk": 14,
        "risk_duration": 22522524,
        "predisposition_and_risk_duration": 28474,
        "type": "ICD9"
      },
      {
        "age_group": "[60,70)",
        "gender": "male",
        "track": "icd9_410.9",
        "predisposition": "cohort.5Fc.5Ff74b9c92bc0517005234279f26646e4a",
        "risk": "410.9* ACUTE MYOCARDIAL INFARCTION OF UNSPECIFIED SITE",
        "rr": 1.23,
        "risk_count": 10344,
        "predisposition_and_risk": 16,
        "risk_duration": 22730624,
        "predisposition_and_risk_duration": 28474,
        "type": "ICD9"
      },
      {
        "age_group": "[60,70)",
        "gender": "female",
        "track": "icd9_753.1",
        "predisposition": "cohort.5Fc.5Ff74b9c92bc0517005234279f26646e4a",
        "risk": "753.1* CONGENITAL CYSTIC KIDNEY DISEASE",
        "rr": 1.22,
        "risk_count": 15488,
        "predisposition_and_risk": 13,
        "risk_duration": 27839720,
        "predisposition_and_risk_duration": 19136,
        "type": "ICD9"
      },
      {
        "age_group": "[60,70)",
        "gender": "male",
        "track": "icd9_040.1",
        "predisposition": "cohort.5Fc.5Ff74b9c92bc0517005234279f26646e4a",
        "risk": "040.1* RHINOSCLEROMA",
        "rr": 1.2,
        "risk_count": 7369,
        "predisposition_and_risk": 11,
        "risk_duration": 22955931,
        "predisposition_and_risk_duration": 28474,
        "type": "ICD9"
      },
      {
        "age_group": "[60,70)",
        "gender": "male",
        "track": "icd9_412.2",
        "predisposition": "cohort.5Fc.5Ff74b9c92bc0517005234279f26646e4a",
        "risk": "412.2* STATUS POST MYOCARDIAL INFARCTION INFERIOR",
        "rr": 1.2,
        "risk_count": 7431,
        "predisposition_and_risk": 11,
        "risk_duration": 22996979,
        "predisposition_and_risk_duration": 28474,
        "type": "ICD9"
      },
      {
        "age_group": "[60,70)",
        "gender": "female",
        "track": "icd9_333.1",
        "predisposition": "cohort.5Fc.5Ff74b9c92bc0517005234279f26646e4a",
        "risk": "333.1* ESSENTIAL AND OTHER SPECIFIED FORMS OF TREMOR",
        "rr": 1.19,
        "risk_count": 17273,
        "predisposition_and_risk": 14,
        "risk_duration": 28053712,
        "predisposition_and_risk_duration": 19136,
        "type": "ICD9"
      },
      {
        "age_group": "[60,70)",
        "gender": "male",
        "track": "icd9_410.3",
        "predisposition": "cohort.5Fc.5Ff74b9c92bc0517005234279f26646e4a",
        "risk": "410.3* ACUTE MYOCARDIAL INFARCTION OF INFEROPOSTERIOR WALL",
        "rr": 1.19,
        "risk_count": 9392,
        "predisposition_and_risk": 14,
        "risk_duration": 22740328,
        "predisposition_and_risk_duration": 28474,
        "type": "ICD9"
      },
      {
        "age_group": "[60,70)",
        "gender": "male",
        "track": "icd9_274.9",
        "predisposition": "cohort.5Fc.5Ff74b9c92bc0517005234279f26646e4a",
        "risk": "274.9* GOUT, UNSPECIFIED",
        "rr": 1.18,
        "risk_count": 8064,
        "predisposition_and_risk": 12,
        "risk_duration": 22489129,
        "predisposition_and_risk_duration": 28474,
        "type": "ICD9"
      },
      {
        "age_group": "[60,70)",
        "gender": "male",
        "track": "icd9_443.9",
        "predisposition": "cohort.5Fc.5Ff74b9c92bc0517005234279f26646e4a",
        "risk": "443.9* PERIPHERAL VASCULAR DISEASE, UNSPECIFIED",
        "rr": 1.18,
        "risk_count": 10704,
        "predisposition_and_risk": 16,
        "risk_duration": 22504021,
        "predisposition_and_risk_duration": 28474,
        "type": "ICD9"
      },
      {
        "age_group": "[60,70)",
        "gender": "male",
        "track": "icd9_428.1",
        "predisposition": "cohort.5Fc.5Ff74b9c92bc0517005234279f26646e4a",
        "risk": "428.1* LEFT HEART FAILURE",
        "rr": 1.17,
        "risk_count": 31197,
        "predisposition_and_risk": 49,
        "risk_duration": 21194060,
        "predisposition_and_risk_duration": 28474,
        "type": "ICD9"
      },
      {
        "age_group": "[60,70)",
        "gender": "female",
        "track": "icd9_V16.0",
        "predisposition": "cohort.5Fc.5Ff74b9c92bc0517005234279f26646e4a",
        "risk": "V16.0* FAMILY HISTORY OF MALIGNANT NEOPLASM OF GASTROINTESTINAL TRACT",
        "rr": 1.17,
        "risk_count": 22733,
        "predisposition_and_risk": 19,
        "risk_duration": 26885222,
        "predisposition_and_risk_duration": 19136,
        "type": "ICD9"
      },
      {
        "age_group": "[60,70)",
        "gender": "female",
        "track": "icd9_272.2",
        "predisposition": "cohort.5Fc.5Ff74b9c92bc0517005234279f26646e4a",
        "risk": "272.2* MIXED HYPERLIPIDEMIA",
        "rr": 1.16,
        "risk_count": 13911,
        "predisposition_and_risk": 11,
        "risk_duration": 27974785,
        "predisposition_and_risk_duration": 19136,
        "type": "ICD9"
      },
      {
        "age_group": "[60,70)",
        "gender": "male",
        "track": "icd9_435.9",
        "predisposition": "cohort.5Fc.5Ff74b9c92bc0517005234279f26646e4a",
        "risk": "435.9* UNSPECIFIED TRANSIENT CEREBRAL ISCHEMIA",
        "rr": 1.16,
        "risk_count": 13636,
        "predisposition_and_risk": 20,
        "risk_duration": 22527326,
        "predisposition_and_risk_duration": 28474,
        "type": "ICD9"
      },
      {
        "age_group": "[60,70)",
        "gender": "male",
        "track": "icd9_728.2",
        "predisposition": "cohort.5Fc.5Ff74b9c92bc0517005234279f26646e4a",
        "risk": "728.2* MUSCULAR WASTING AND DISUSE ATROPHY, NOT ELSEWHERE CLASSIFIED",
        "rr": 1.16,
        "risk_count": 10273,
        "predisposition_and_risk": 15,
        "risk_duration": 22605787,
        "predisposition_and_risk_duration": 28474,
        "type": "ICD9"
      },
      {
        "age_group": "[60,70)",
        "gender": "male",
        "track": "icd9_153.9",
        "predisposition": "cohort.5Fc.5Ff74b9c92bc0517005234279f26646e4a",
        "risk": "153.9* MALIGNANT NEOPLASM OF COLON, UNSPECIFIED",
        "rr": 1.15,
        "risk_count": 14780,
        "predisposition_and_risk": 22,
        "risk_duration": 21937906,
        "predisposition_and_risk_duration": 28474,
        "type": "ICD9"
      },
      {
        "age_group": "[60,70)",
        "gender": "female",
        "track": "icd9_427.6",
        "predisposition": "cohort.5Fc.5Ff74b9c92bc0517005234279f26646e4a",
        "risk": "427.6* PREMATURE BEATS",
        "rr": 1.15,
        "risk_count": 13949,
        "predisposition_and_risk": 11,
        "risk_duration": 27945748,
        "predisposition_and_risk_duration": 19136,
        "type": "ICD9"
      },
      {
        "age_group": "[60,70)",
        "gender": "male",
        "track": "icd9_Z95.4",
        "predisposition": "cohort.5Fc.5Ff74b9c92bc0517005234279f26646e4a",
        "risk": "Z95.4* NONOPERATIVE PROCEDURES RELATED TO HEARING",
        "rr": 1.14,
        "risk_count": 14359,
        "predisposition_and_risk": 21,
        "risk_duration": 22142850,
        "predisposition_and_risk_duration": 28474,
        "type": "ICD9"
      },
      {
        "age_group": "[60,70)",
        "gender": "male",
        "track": "icd9_790_",
        "predisposition": "cohort.5Fc.5Ff74b9c92bc0517005234279f26646e4a",
        "risk": "790 NONSPECIFIC FINDINGS ON EXAMINATION OF BLOOD",
        "rr": 1.14,
        "risk_count": 26487,
        "predisposition_and_risk": 40,
        "risk_duration": 21429157,
        "predisposition_and_risk_duration": 28474,
        "type": "ICD9"
      },
      {
        "age_group": "[60,70)",
        "gender": "male",
        "track": "icd9_782.1",
        "predisposition": "cohort.5Fc.5Ff74b9c92bc0517005234279f26646e4a",
        "risk": "782.1* RASH AND OTHER NONSPECIFIC SKIN ERUPTION",
        "rr": 1.11,
        "risk_count": 21162,
        "predisposition_and_risk": 31,
        "risk_duration": 21550195,
        "predisposition_and_risk_duration": 28474,
        "type": "ICD9"
      },
      {
        "age_group": "[60,70)",
        "gender": "female",
        "track": "icd9_790.2",
        "predisposition": "cohort.5Fc.5Ff74b9c92bc0517005234279f26646e4a",
        "risk": "790.2* ABNORMAL GLUCOSE TOLERANCE TEST",
        "rr": 1.11,
        "risk_count": 47156,
        "predisposition_and_risk": 41,
        "risk_duration": 24400182,
        "predisposition_and_risk_duration": 19136,
        "type": "ICD9"
      },
      {
        "age_group": "[60,70)",
        "gender": "male",
        "track": "icd9_V16.0",
        "predisposition": "cohort.5Fc.5Ff74b9c92bc0517005234279f26646e4a",
        "risk": "V16.0* FAMILY HISTORY OF MALIGNANT NEOPLASM OF GASTROINTESTINAL TRACT",
        "rr": 1.11,
        "risk_count": 13992,
        "predisposition_and_risk": 20,
        "risk_duration": 22121213,
        "predisposition_and_risk_duration": 28474,
        "type": "ICD9"
      },
      {
        "age_group": "[60,70)",
        "gender": "female",
        "track": "icd9_414.0",
        "predisposition": "cohort.5Fc.5Ff74b9c92bc0517005234279f26646e4a",
        "risk": "414.0* CORONARY ATHEROSCLEROSIS",
        "rr": 1.1,
        "risk_count": 46396,
        "predisposition_and_risk": 38,
        "risk_duration": 25589385,
        "predisposition_and_risk_duration": 19136,
        "type": "ICD9"
      },
      {
        "age_group": "[60,70)",
        "gender": "male",
        "track": "icd9_918.1",
        "predisposition": "cohort.5Fc.5Ff74b9c92bc0517005234279f26646e4a",
        "risk": "918.1* SUPERFICIAL INJURY OF CORNEA",
        "rr": 1.1,
        "risk_count": 11418,
        "predisposition_and_risk": 16,
        "risk_duration": 22308929,
        "predisposition_and_risk_duration": 28474,
        "type": "ICD9"
      },
      {
        "age_group": "[60,70)",
        "gender": "male",
        "track": "icd9_V67.0",
        "predisposition": "cohort.5Fc.5Ff74b9c92bc0517005234279f26646e4a",
        "risk": "V67.0* FOLLOW-UP EXAMINATION FOLLOWING SURGERY",
        "rr": 1.1,
        "risk_count": 8032,
        "predisposition_and_risk": 11,
        "risk_duration": 22889195,
        "predisposition_and_risk_duration": 28474,
        "type": "ICD9"
      },
      {
        "age_group": "[60,70)",
        "gender": "male",
        "track": "icd9_133.0",
        "predisposition": "cohort.5Fc.5Ff74b9c92bc0517005234279f26646e4a",
        "risk": "133.0* SCABIES",
        "rr": 1.09,
        "risk_count": 9438,
        "predisposition_and_risk": 13,
        "risk_duration": 22597997,
        "predisposition_and_risk_duration": 28474,
        "type": "ICD9"
      },
      {
        "age_group": "[60,70)",
        "gender": "male",
        "track": "icd9_414.9",
        "predisposition": "cohort.5Fc.5Ff74b9c92bc0517005234279f26646e4a",
        "risk": "414.9* CHRONIC ISCHEMIC HEART DISEASE, UNSPECIFIED",
        "rr": 1.09,
        "risk_count": 10225,
        "predisposition_and_risk": 14,
        "risk_duration": 22649203,
        "predisposition_and_risk_duration": 28474,
        "type": "ICD9"
      },
      {
        "age_group": "[60,70)",
        "gender": "male",
        "track": "icd9_041.1",
        "predisposition": "cohort.5Fc.5Ff74b9c92bc0517005234279f26646e4a",
        "risk": "041.1* STAPHYLOCOCCUS INFECT.IN CONDIT.CLASSIF.ELSEWHERE,UNSP.SITE",
        "rr": 1.08,
        "risk_count": 12450,
        "predisposition_and_risk": 17,
        "risk_duration": 22556306,
        "predisposition_and_risk_duration": 28474,
        "type": "ICD9"
      },
      {
        "age_group": "[60,70)",
        "gender": "female",
        "track": "icd9_958.3",
        "predisposition": "cohort.5Fc.5Ff74b9c92bc0517005234279f26646e4a",
        "risk": "958.3* POSTTRAUMATIC WOUND INFECTION NOT ELSEWHERE CLASSIFIED",
        "rr": 1.08,
        "risk_count": 32457,
        "predisposition_and_risk": 26,
        "risk_duration": 25781581,
        "predisposition_and_risk_duration": 19136,
        "type": "ICD9"
      },
      {
        "age_group": "[60,70)",
        "gender": "male",
        "track": "icd9_Z81.5",
        "predisposition": "cohort.5Fc.5Ff74b9c92bc0517005234279f26646e4a",
        "risk": "Z81.5* TOTAL HIP REPLACEMENT",
        "rr": 1.08,
        "risk_count": 13915,
        "predisposition_and_risk": 19,
        "risk_duration": 22503972,
        "predisposition_and_risk_duration": 28474,
        "type": "ICD9"
      },
      {
        "age_group": "[60,70)",
        "gender": "male",
        "track": "icd9_604_",
        "predisposition": "cohort.5Fc.5Ff74b9c92bc0517005234279f26646e4a",
        "risk": "604 ORCHITIS AND EPIDIDYMITIS",
        "rr": 1.08,
        "risk_count": 15229,
        "predisposition_and_risk": 21,
        "risk_duration": 22242630,
        "predisposition_and_risk_duration": 28474,
        "type": "ICD9"
      },
      {
        "age_group": "[60,70)",
        "gender": "female",
        "track": "icd9_285.2",
        "predisposition": "cohort.5Fc.5Ff74b9c92bc0517005234279f26646e4a",
        "risk": "285.2* ANEMIA IN CHRONIC ILLNESS",
        "rr": 1.07,
        "risk_count": 28055,
        "predisposition_and_risk": 21,
        "risk_duration": 27258246,
        "predisposition_and_risk_duration": 19136,
        "type": "ICD9"
      },
      {
        "age_group": "[60,70)",
        "gender": "male",
        "track": "icd9_426.2",
        "predisposition": "cohort.5Fc.5Ff74b9c92bc0517005234279f26646e4a",
        "risk": "426.2* LEFT BUNDLE BRANCH HEMIBLOCK",
        "rr": 1.07,
        "risk_count": 8290,
        "predisposition_and_risk": 11,
        "risk_duration": 22998600,
        "predisposition_and_risk_duration": 28474,
        "type": "ICD9"
      },
      {
        "age_group": "[60,70)",
        "gender": "male",
        "track": "icd9_435_",
        "predisposition": "cohort.5Fc.5Ff74b9c92bc0517005234279f26646e4a",
        "risk": "435 TRANSIENT CEREBRAL ISCHEMIA",
        "rr": 1.07,
        "risk_count": 30535,
        "predisposition_and_risk": 44,
        "risk_duration": 21124745,
        "predisposition_and_risk_duration": 28474,
        "type": "ICD9"
      },
      {
        "age_group": "[60,70)",
        "gender": "male",
        "track": "icd9_532_",
        "predisposition": "cohort.5Fc.5Ff74b9c92bc0517005234279f26646e4a",
        "risk": "532 DUODENAL ULCER",
        "rr": 1.07,
        "risk_count": 15262,
        "predisposition_and_risk": 21,
        "risk_duration": 22139745,
        "predisposition_and_risk_duration": 28474,
        "type": "ICD9"
      },
      {
        "age_group": "[60,70)",
        "gender": "female",
        "track": "icd9_153.9",
        "predisposition": "cohort.5Fc.5Ff74b9c92bc0517005234279f26646e4a",
        "risk": "153.9* MALIGNANT NEOPLASM OF COLON, UNSPECIFIED",
        "rr": 1.06,
        "risk_count": 19804,
        "predisposition_and_risk": 15,
        "risk_duration": 26779421,
        "predisposition_and_risk_duration": 19136,
        "type": "ICD9"
      },
      {
        "age_group": "[60,70)",
        "gender": "female",
        "track": "icd9_696.1",
        "predisposition": "cohort.5Fc.5Ff74b9c92bc0517005234279f26646e4a",
        "risk": "696.1* OTHER PSORIASIS AND SIMILAR DISORDERS",
        "rr": 1.06,
        "risk_count": 22436,
        "predisposition_and_risk": 17,
        "risk_duration": 26716313,
        "predisposition_and_risk_duration": 19136,
        "type": "ICD9"
      },
      {
        "age_group": "[60,70)",
        "gender": "female",
        "track": "icd9_702.8",
        "predisposition": "cohort.5Fc.5Ff74b9c92bc0517005234279f26646e4a",
        "risk": "702.8* OTHER SPECIFIED DERMATOSES",
        "rr": 1.06,
        "risk_count": 31626,
        "predisposition_and_risk": 25,
        "risk_duration": 25766501,
        "predisposition_and_risk_duration": 19136,
        "type": "ICD9"
      },
      {
        "age_group": "[60,70)",
        "gender": "male",
        "track": "icd9_923.0",
        "predisposition": "cohort.5Fc.5Ff74b9c92bc0517005234279f26646e4a",
        "risk": "923.0* CONTUSION OF SHOULDER AND UPPER ARM",
        "rr": 1.06,
        "risk_count": 16635,
        "predisposition_and_risk": 23,
        "risk_duration": 21785234,
        "predisposition_and_risk_duration": 28474,
        "type": "ICD9"
      },
      {
        "age_group": "[60,70)",
        "gender": "male",
        "track": "icd9_L02",
        "predisposition": "cohort.5Fc.5Ff74b9c92bc0517005234279f26646e4a",
        "risk": "L02* BACK SYMPTOMS/COMPLAINTS",
        "rr": 1.06,
        "risk_count": 57711,
        "predisposition_and_risk": 108,
        "risk_duration": 16053515,
        "predisposition_and_risk_duration": 28474,
        "type": "ICD9"
      },
      {
        "age_group": "[60,70)",
        "gender": "female",
        "track": "icd9_L10",
        "predisposition": "cohort.5Fc.5Ff74b9c92bc0517005234279f26646e4a",
        "risk": "L10* ELBOW SYMPTOMS/COMPLAINTS",
        "rr": 1.06,
        "risk_count": 14779,
        "predisposition_and_risk": 11,
        "risk_duration": 27132312,
        "predisposition_and_risk_duration": 19136,
        "type": "ICD9"
      },
      {
        "age_group": "[60,70)",
        "gender": "male",
        "track": "icd9_L89",
        "predisposition": "cohort.5Fc.5Ff74b9c92bc0517005234279f26646e4a",
        "risk": "L89* OSTEOARTHRITIS OF HIP",
        "rr": 1.06,
        "risk_count": 9030,
        "predisposition_and_risk": 12,
        "risk_duration": 22804371,
        "predisposition_and_risk_duration": 28474,
        "type": "ICD9"
      },
      {
        "age_group": "[60,70)",
        "gender": "male",
        "track": "icd9_592.1",
        "predisposition": "cohort.5Fc.5Ff74b9c92bc0517005234279f26646e4a",
        "risk": "592.1* CALCULUS OF URETER",
        "rr": 1.05,
        "risk_count": 14680,
        "predisposition_and_risk": 20,
        "risk_duration": 21921404,
        "predisposition_and_risk_duration": 28474,
        "type": "ICD9"
      },
      {
        "age_group": "[60,70)",
        "gender": "male",
        "track": "icd9_799.9",
        "predisposition": "cohort.5Fc.5Ff74b9c92bc0517005234279f26646e4a",
        "risk": "799.9* UNKNOWN OR UNSPECIFIED CAUSE OF MORBIDITY (DIAGNOSIS DEFERRED)",
        "rr": 1.05,
        "risk_count": 10648,
        "predisposition_and_risk": 14,
        "risk_duration": 22657185,
        "predisposition_and_risk_duration": 28474,
        "type": "ICD9"
      },
      {
        "age_group": "[60,70)",
        "gender": "female",
        "track": "icd9_715.0",
        "predisposition": "cohort.5Fc.5Ff74b9c92bc0517005234279f26646e4a",
        "risk": "715.0* OSTEOARTHROSIS, GENERALIZED",
        "rr": 1.04,
        "risk_count": 28161,
        "predisposition_and_risk": 21,
        "risk_duration": 26800019,
        "predisposition_and_risk_duration": 19136,
        "type": "ICD9"
      },
      {
        "age_group": "[60,70)",
        "gender": "male",
        "track": "icd9_Z86.2",
        "predisposition": "cohort.5Fc.5Ff74b9c92bc0517005234279f26646e4a",
        "risk": "Z86.2* EXC.OR DESTRUCT.OF LESION OF SKIN AND SUBCUTANEOUS TISSUE",
        "rr": 1.04,
        "risk_count": 9916,
        "predisposition_and_risk": 13,
        "risk_duration": 22675734,
        "predisposition_and_risk_duration": 28474,
        "type": "ICD9"
      },
      {
        "age_group": "[60,70)",
        "gender": "female",
        "track": "icd9_680_",
        "predisposition": "cohort.5Fc.5Ff74b9c92bc0517005234279f26646e4a",
        "risk": "680 CARBUNCLE AND FURUNCLE",
        "rr": 1.04,
        "risk_count": 16326,
        "predisposition_and_risk": 12,
        "risk_duration": 27169920,
        "predisposition_and_risk_duration": 19136,
        "type": "ICD9"
      },
      {
        "age_group": "[60,70)",
        "gender": "male",
        "track": "icd9_702.8",
        "predisposition": "cohort.5Fc.5Ff74b9c92bc0517005234279f26646e4a",
        "risk": "702.8* OTHER SPECIFIED DERMATOSES",
        "rr": 1.03,
        "risk_count": 25202,
        "predisposition_and_risk": 35,
        "risk_duration": 21167210,
        "predisposition_and_risk_duration": 28474,
        "type": "ICD9"
      },
      {
        "age_group": "[60,70)",
        "gender": "female",
        "track": "icd9_722.1",
        "predisposition": "cohort.5Fc.5Ff74b9c92bc0517005234279f26646e4a",
        "risk": "722.1* DISPL.OF THORACIC OR LUMBAR INTERVERT.DISC WITHOUT MYELOPATHY",
        "rr": 1.03,
        "risk_count": 34502,
        "predisposition_and_risk": 27,
        "risk_duration": 25251800,
        "predisposition_and_risk_duration": 19136,
        "type": "ICD9"
      },
      {
        "age_group": "[60,70)",
        "gender": "female",
        "track": "icd9_790.6",
        "predisposition": "cohort.5Fc.5Ff74b9c92bc0517005234279f26646e4a",
        "risk": "790.6* OTHER ABNORMAL BLOOD CHEMISTRY",
        "rr": 1.03,
        "risk_count": 39595,
        "predisposition_and_risk": 31,
        "risk_duration": 25293752,
        "predisposition_and_risk_duration": 19136,
        "type": "ICD9"
      },
      {
        "age_group": "[60,70)",
        "gender": "male",
        "track": "icd9_337.9",
        "predisposition": "cohort.5Fc.5Ff74b9c92bc0517005234279f26646e4a",
        "risk": "337.9* UNSPECIFIED DISORDER OF AUTONOMIC NERVOUS SYSTEM",
        "rr": 1.02,
        "risk_count": 22407,
        "predisposition_and_risk": 31,
        "risk_duration": 21023573,
        "predisposition_and_risk_duration": 28474,
        "type": "ICD9"
      },
      {
        "age_group": "[60,70)",
        "gender": "male",
        "track": "icd9_813.0",
        "predisposition": "cohort.5Fc.5Ff74b9c92bc0517005234279f26646e4a",
        "risk": "813.0* FRACTURE OF UPPER END OF RADIUS AND ULNA, CLOSED",
        "rr": 1.02,
        "risk_count": 12159,
        "predisposition_and_risk": 16,
        "risk_duration": 22038154,
        "predisposition_and_risk_duration": 28474,
        "type": "ICD9"
      },
      {
        "age_group": "[60,70)",
        "gender": "male",
        "track": "icd9_Z44.1",
        "predisposition": "cohort.5Fc.5Ff74b9c92bc0517005234279f26646e4a",
        "risk": "Z44.1* DIAGNOSTIC PROCEDURES ON STOMACH",
        "rr": 1.02,
        "risk_count": 10184,
        "predisposition_and_risk": 13,
        "risk_duration": 22764207,
        "predisposition_and_risk_duration": 28474,
        "type": "ICD9"
      },
      {
        "age_group": "[60,70)",
        "gender": "female",
        "track": "icd9_272.7",
        "predisposition": "cohort.5Fc.5Ff74b9c92bc0517005234279f26646e4a",
        "risk": "272.7* LIPIDOSES",
        "rr": 1.01,
        "risk_count": 46735,
        "predisposition_and_risk": 38,
        "risk_duration": 23837660,
        "predisposition_and_risk_duration": 19136,
        "type": "ICD9"
      },
      {
        "age_group": "[60,70)",
        "gender": "female",
        "track": "icd9_368.0",
        "predisposition": "cohort.5Fc.5Ff74b9c92bc0517005234279f26646e4a",
        "risk": "368.0* AMBLYOPIA EX ANOPSIA",
        "rr": 1.01,
        "risk_count": 31713,
        "predisposition_and_risk": 23,
        "risk_duration": 26532318,
        "predisposition_and_risk_duration": 19136,
        "type": "ICD9"
      },
      {
        "age_group": "[60,70)",
        "gender": "male",
        "track": "icd9_440.2",
        "predisposition": "cohort.5Fc.5Ff74b9c92bc0517005234279f26646e4a",
        "risk": "440.2* ATHEROSCLEROSIS OF ARTERIES OF THE EXTREMITIES",
        "rr": 1.01,
        "risk_count": 14729,
        "predisposition_and_risk": 19,
        "risk_duration": 22384839,
        "predisposition_and_risk_duration": 28474,
        "type": "ICD9"
      },
      {
        "age_group": "[60,70)",
        "gender": "male",
        "track": "icd9_569.4",
        "predisposition": "cohort.5Fc.5Ff74b9c92bc0517005234279f26646e4a",
        "risk": "569.4* OTHER SPECIFIED DISORDERS OF RECTUM AND ANUS",
        "rr": 1.01,
        "risk_count": 15309,
        "predisposition_and_risk": 20,
        "risk_duration": 21948628,
        "predisposition_and_risk_duration": 28474,
        "type": "ICD9"
      },
      {
        "age_group": "[60,70)",
        "gender": "female",
        "track": "icd9_681.0",
        "predisposition": "cohort.5Fc.5Ff74b9c92bc0517005234279f26646e4a",
        "risk": "681.0* CELLULITIS AND ABSCESS OF FINGER",
        "rr": 1.01,
        "risk_count": 30714,
        "predisposition_and_risk": 23,
        "risk_duration": 25789634,
        "predisposition_and_risk_duration": 19136,
        "type": "ICD9"
      },
      {
        "age_group": "[60,70)",
        "gender": "male",
        "track": "icd9_780.3",
        "predisposition": "cohort.5Fc.5Ff74b9c92bc0517005234279f26646e4a",
        "risk": "780.3* CONVULSIONS",
        "rr": 1.01,
        "risk_count": 15556,
        "predisposition_and_risk": 20,
        "risk_duration": 22260635,
        "predisposition_and_risk_duration": 28474,
        "type": "ICD9"
      },
      {
        "age_group": "[60,70)",
        "gender": "male",
        "track": "icd9_847.0",
        "predisposition": "cohort.5Fc.5Ff74b9c92bc0517005234279f26646e4a",
        "risk": "847.0* NECK SPRAIN",
        "rr": 1.01,
        "risk_count": 33695,
        "predisposition_and_risk": 52,
        "risk_duration": 18682643,
        "predisposition_and_risk_duration": 28474,
        "type": "ICD9"
      },
      {
        "age_group": "[60,70)",
        "gender": "female",
        "track": "icd9_924.2",
        "predisposition": "cohort.5Fc.5Ff74b9c92bc0517005234279f26646e4a",
        "risk": "924.2* CONTUSION OF ANKLE AND FOOT, EXCLUDING TOE(S)",
        "rr": 1,
        "risk_count": 16950,
        "predisposition_and_risk": 12,
        "risk_duration": 27054058,
        "predisposition_and_risk_duration": 19136,
        "type": "ICD9"
      }
    ],
    "figures": null,
    "messageType": "chronicDiseaseCohorts.report",
    "requestId": "660ca5f4-d130-46e5-9b06-a2fe659ebf60",
    "cohortId": "c_f74b9c92bc0517005234279f26646e4a"
  },
  "id": "252e3c15-09f5-46bf-a781-6ee69041e84f"
}