{
  "data": {
    "type": "lab_clusters",
    "data": null,
    "figures": {
      "trends": {
        "20100 GLUCOSE- BLOOD normalized": {
          "21200 CHOLESTEROL normalized": "e360a75a-dbba-4a2b-aa26-d269e42b00ba.c_c_f74b9c92bc0517005234279f26646e4a.cluster_trends_lab.20100.norm_lab.21200.norm.png"
        },
        "21200 CHOLESTEROL normalized": {
          "20100 GLUCOSE- BLOOD normalized": "e360a75a-dbba-4a2b-aa26-d269e42b00ba.c_c_f74b9c92bc0517005234279f26646e4a.cluster_trends_lab.21200.norm_lab.20100.norm.png"
        }
      }
    },
    "messageType": "chronicDiseaseCohorts.report",
    "requestId": "e360a75a-dbba-4a2b-aa26-d269e42b00ba",
    "cohortId": "c_f74b9c92bc0517005234279f26646e4a"
  },
  "id": "bd723df2-1d09-4c1e-bd8f-5770f8d47118"
}