{
  "messageType": "chronicDiseaseCohorts.genReport",
  "cohortId": "c_f74b9c92bc0517005234279f26646e4a",
  "report": {
    "type": "lab_clusters",
    "timeScope": [
      {
        "day": 1,
        "month": 1,
        "year": 2004
      },
      {
        "day": 1,
        "month": 1,
        "year": 2018
      }
    ],
    "minAge": 60,
    "maxAge": 70,
    "timeBreaks": [
      -1460,
      -1095,
      -730,
      -365,
      0,
      365
    ],
    "k": 5,
    "labs": [
      "lab.21200.norm",
      "lab.20100.norm"
    ],
    "trend": [
      "21200 CHOLESTEROL normalized",
      "20100 GLUCOSE- BLOOD normalized"
    ],
    "survivalTimeRange": [
      0,
      5
    ],
    "survivalAgeBreaks": [
      60,
      70
    ],
    "cohortsId": "a_4066fc5be117e52dff504ef931f4bcd7a47ea10f",
    "forExport": true
  }
}