{
  "messageType": "chronicDiseaseCohorts.genReport",
  "cohortId": "c_9cd34a7354efc613782cad924f7313b6",
  "report": {
    "type": "relative_risk",
    "timeWindow": [
      -1825,
      -1
    ],
    "timeScope": [
      {
        "day": 1,
        "month": 1,
        "year": 2004
      },
      {
        "day": 1,
        "month": 1,
        "year": 2018
      }
    ],
    "ageBreaks": [
      60,
      70
    ],
    "minRiskCount": 100,
    "minPredCount": 20,
    "minRiskValue": 2,
    "cohortSet": "med"
  }
}