{
  "data": {
    "messageType": "retSaveUserTrack",
    "requestId": "7e2b8e37-a6b4-48c8-8060-fabce7066ac6",
    "userName": "maya",
    "name": "tuberculosis track",
    "id": "c_d3b9e6ecac81b7f4e23171243bb80dad",
    "status": "success",
    "size": 52351,
    "tracks": [
      {
        "name": "tuberculosis track",
        "label": "tuberculosis track",
        "track": "tuberculosis.5Ftrack",
        "inclusionCriteria": [
          {
            "enabled": true,
            "type": "ICD9",
            "label": "011* PULMONARY TUBERCULOSIS",
            "track": "icd9_011"
          }
        ],
        "adjustOnsetTime": [],
        "requiredFilterAnd": [
          {
            "enabled": true,
            "type": "age",
            "minAge": 30,
            "maxAge": 90
          }
        ],
        "excludeFilterAnd": [],
        "requiredFilterOr": [],
        "excludeFilterOr": [],
        "is_chronic": false
      },
      {
        "name": "unnamed",
        "label": "unnamed",
        "track": "unnamed",
        "inclusionCriteria": [
          {
            "enabled": true,
            "type": "ICD9",
            "label": "003* OTHER SALMONELLA INFECTIONS",
            "track": "icd9_003"
          }
        ],
        "adjustOnsetTime": [],
        "requiredFilterAnd": [],
        "excludeFilterAnd": [],
        "requiredFilterOr": [],
        "excludeFilterOr": [],
        "is_chronic": false
      }
    ],
    "sharedTracks": []
  },
  "id": "7e2b8e37-a6b4-48c8-8060-fabce7066ac6"
}