{
  "timestamp": "20240404175723517263",
  "request_id": "b3e19afe-152d-421a-9f39-23e1aeeb3d45",
  "output_file": "data/outputs\\full_cohort_builder_with_export_all_reports\\0311123908572_genReport_tracks.json",
  "expected_output_file": "data/expectations\\full_cohort_builder_with_export_all_reports\\0311123908572_genReport_tracks.json",
  "diff": [
    {
      "path": [
        "data",
        0,
        "mean"
      ],
      "action": "type_changes",
      "value": 87,
      "old_value": 86.25,
      "type": "<class 'int'>",
      "old_type": "<class 'float'>"
    },
    {
      "path": [
        "data",
        0,
        "q50"
      ],
      "action": "type_changes",
      "value": 87,
      "old_value": 86.25,
      "type": "<class 'int'>",
      "old_type": "<class 'float'>"
    },
    {
      "path": [
        "data",
        2,
        "q75"
      ],
      "action": "type_changes",
      "value": 91,
      "old_value": 91.0499992370605,
      "type": "<class 'int'>",
      "old_type": "<class 'float'>"
    },
    {
      "path": [
        "data",
        3,
        "q25"
      ],
      "action": "type_changes",
      "value": 77.6999969482422,
      "old_value": 76,
      "type": "<class 'float'>",
      "old_type": "<class 'int'>"
    },
    {
      "path": [
        "data",
        4,
        "q75"
      ],
      "action": "type_changes",
      "value": 88,
      "old_value": 88.0999984741211,
      "type": "<class 'int'>",
      "old_type": "<class 'float'>"
    },
    {
      "path": [
        "data",
        9,
        "q50"
      ],
      "action": "type_changes",
      "value": 78,
      "old_value": 78.1999969482422,
      "type": "<class 'int'>",
      "old_type": "<class 'float'>"
    },
    {
      "path": [
        "data",
        12,
        "q10"
      ],
      "action": "type_changes",
      "value": 61,
      "old_value": 60.9000015258789,
      "type": "<class 'int'>",
      "old_type": "<class 'float'>"
    },
    {
      "path": [
        "data",
        13,
        "q25"
      ],
      "action": "type_changes",
      "value": 68.0999984741211,
      "old_value": 68,
      "type": "<class 'float'>",
      "old_type": "<class 'int'>"
    },
    {
      "path": [
        "data",
        17,
        "q25"
      ],
      "action": "type_changes",
      "value": 67,
      "old_value": 66.8000030517578,
      "type": "<class 'int'>",
      "old_type": "<class 'float'>"
    },
    {
      "path": [
        "data",
        19,
        "q50"
      ],
      "action": "type_changes",
      "value": 77,
      "old_value": 81.4000015258789,
      "type": "<class 'int'>",
      "old_type": "<class 'float'>"
    },
    {
      "path": [
        "data",
        20,
        "q75"
      ],
      "action": "type_changes",
      "value": 86,
      "old_value": 85.9000015258789,
      "type": "<class 'int'>",
      "old_type": "<class 'float'>"
    },
    {
      "path": [
        "data",
        22,
        "q50"
      ],
      "action": "type_changes",
      "value": 74,
      "old_value": 75.5,
      "type": "<class 'int'>",
      "old_type": "<class 'float'>"
    },
    {
      "path": [
        "data",
        26,
        "q10"
      ],
      "action": "type_changes",
      "value": 60,
      "old_value": 60.5,
      "type": "<class 'int'>",
      "old_type": "<class 'float'>"
    },
    {
      "path": [
        "data",
        26,
        "q50"
      ],
      "action": "type_changes",
      "value": 74.1999969482422,
      "old_value": 75,
      "type": "<class 'float'>",
      "old_type": "<class 'int'>"
    },
    {
      "path": [
        "data",
        28,
        "q10"
      ],
      "action": "type_changes",
      "value": 59,
      "old_value": 59.0999984741211,
      "type": "<class 'int'>",
      "old_type": "<class 'float'>"
    },
    {
      "path": [
        "data",
        29,
        "q25"
      ],
      "action": "type_changes",
      "value": 65,
      "old_value": 64.9000015258789,
      "type": "<class 'int'>",
      "old_type": "<class 'float'>"
    },
    {
      "path": [
        "data",
        30,
        "q75"
      ],
      "action": "type_changes",
      "value": 87.5,
      "old_value": 83,
      "type": "<class 'float'>",
      "old_type": "<class 'int'>"
    },
    {
      "path": [
        "data",
        33,
        "q50"
      ],
      "action": "type_changes",
      "value": 74.0999984741211,
      "old_value": 74,
      "type": "<class 'float'>",
      "old_type": "<class 'int'>"
    },
    {
      "path": [
        "data",
        36,
        "q10"
      ],
      "action": "type_changes",
      "value": 57.9000015258789,
      "old_value": 58,
      "type": "<class 'float'>",
      "old_type": "<class 'int'>"
    },
    {
      "path": [
        "data",
        36,
        "q50"
      ],
      "action": "type_changes",
      "value": 73,
      "old_value": 72.9000015258789,
      "type": "<class 'int'>",
      "old_type": "<class 'float'>"
    },
    {
      "path": [
        "data",
        36,
        "q75"
      ],
      "action": "type_changes",
      "value": 83.9000015258789,
      "old_value": 84,
      "type": "<class 'float'>",
      "old_type": "<class 'int'>"
    },
    {
      "path": [
        "data",
        0,
        "sd"
      ],
      "action": "values_changed",
      "value": 9.33380735374378,
      "old_value": 8.27314718196396
    },
    {
      "path": [
        "data",
        0,
        "q10"
      ],
      "action": "values_changed",
      "value": 81.7200012207031,
      "old_value": 81.5700012207031
    },
    {
      "path": [
        "data",
        0,
        "q25"
      ],
      "action": "values_changed",
      "value": 83.7000007629395,
      "old_value": 83.3250007629395
    },
    {
      "path": [
        "data",
        0,
        "q75"
      ],
      "action": "values_changed",
      "value": 90.2999992370605,
      "old_value": 89.1749992370605
    },
    {
      "path": [
        "data",
        0,
        "q90"
      ],
      "action": "values_changed",
      "value": 92.2799987792969,
      "old_value": 90.9299987792969
    },
    {
      "path": [
        "data",
        1,
        "mean"
      ],
      "action": "values_changed",
      "value": 79.5747802506207,
      "old_value": 79.6453773882626
    },
    {
      "path": [
        "data",
        1,
        "sd"
      ],
      "action": "values_changed",
      "value": 16.8274526312128,
      "old_value": 16.7817717116948
    },
    {
      "path": [
        "data",
        1,
        "q10"
      ],
      "action": "values_changed",
      "value": 62.5999984741211,
      "old_value": 62.5
    },
    {
      "path": [
        "data",
        1,
        "q25"
      ],
      "action": "values_changed",
      "value": 68.6999969482422,
      "old_value": 68.8000030517578
    },
    {
      "path": [
        "data",
        1,
        "q50"
      ],
      "action": "values_changed",
      "value": 77.1999969482422,
      "old_value": 77.4000015258789
    },
    {
      "path": [
        "data",
        1,
        "q90"
      ],
      "action": "values_changed",
      "value": 98.5,
      "old_value": 98.4000015258789
    },
    {
      "path": [
        "data",
        2,
        "mean"
      ],
      "action": "values_changed",
      "value": 81.6026616921944,
      "old_value": 81.4928368658851
    },
    {
      "path": [
        "data",
        2,
        "sd"
      ],
      "action": "values_changed",
      "value": 19.8844839260873,
      "old_value": 17.259574229041
    },
    {
      "path": [
        "data",
        2,
        "q10"
      ],
      "action": "values_changed",
      "value": 62.5,
      "old_value": 62.4000015258789
    },
    {
      "path": [
        "data",
        2,
        "q25"
      ],
      "action": "values_changed",
      "value": 70.4000015258789,
      "old_value": 70.3000030517578
    },
    {
      "path": [
        "data",
        2,
        "q50"
      ],
      "action": "values_changed",
      "value": 79.9000015258789,
      "old_value": 79.8000030517578
    },
    {
      "path": [
        "data",
        2,
        "q90"
      ],
      "action": "values_changed",
      "value": 102.199996948242,
      "old_value": 102.599998474121
    },
    {
      "path": [
        "data",
        3,
        "mean"
      ],
      "action": "values_changed",
      "value": 82.8333329094781,
      "old_value": 81.4444440205892
    },
    {
      "path": [
        "data",
        3,
        "sd"
      ],
      "action": "values_changed",
      "value": 10.433599977976,
      "old_value": 11.473351285567
    },
    {
      "path": [
        "data",
        3,
        "q10"
      ],
      "action": "values_changed",
      "value": 73.1599998474121,
      "old_value": 67.239998626709
    },
    {
      "path": [
        "data",
        4,
        "mean"
      ],
      "action": "values_changed",
      "value": 79.0568676851015,
      "old_value": 79.1595391025786
    },
    {
      "path": [
        "data",
        4,
        "sd"
      ],
      "action": "values_changed",
      "value": 16.0353426678721,
      "old_value": 18.1781105116052
    },
    {
      "path": [
        "data",
        4,
        "q10"
      ],
      "action": "values_changed",
      "value": 62.0999984741211,
      "old_value": 62.1299991607666
    },
    {
      "path": [
        "data",
        4,
        "q25"
      ],
      "action": "values_changed",
      "value": 68.3000030517578,
      "old_value": 68.1999969482422
    },
    {
      "path": [
        "data",
        4,
        "q50"
      ],
      "action": "values_changed",
      "value": 76.5999984741211,
      "old_value": 76.6999969482422
    },
    {
      "path": [
        "data",
        4,
        "q90"
      ],
      "action": "values_changed",
      "value": 98.1999969482422,
      "old_value": 98.2700012207032
    },
    {
      "path": [
        "data",
        5,
        "mean"
      ],
      "action": "values_changed",
      "value": 80.6940633843797,
      "old_value": 80.7113209482005
    },
    {
      "path": [
        "data",
        5,
        "sd"
      ],
      "action": "values_changed",
      "value": 17.3165056870831,
      "old_value": 17.0641689934564
    },
    {
      "path": [
        "data",
        5,
        "q25"
      ],
      "action": "values_changed",
      "value": 69.3000030517578,
      "old_value": 69.1999969482422
    },
    {
      "path": [
        "data",
        5,
        "q50"
      ],
      "action": "values_changed",
      "value": 78.9000015258789,
      "old_value": 78.8000030517578
    },
    {
      "path": [
        "data",
        5,
        "q75"
      ],
      "action": "values_changed",
      "value": 90.0999984741211,
      "old_value": 90.3000030517578
    },
    {
      "path": [
        "data",
        5,
        "q90"
      ],
      "action": "values_changed",
      "value": 101.199996948242,
      "old_value": 101.5
    },
    {
      "path": [
        "data",
        7,
        "mean"
      ],
      "action": "values_changed",
      "value": 80.2749996185303,
      "old_value": 82.125
    },
    {
      "path": [
        "data",
        7,
        "sd"
      ],
      "action": "values_changed",
      "value": 8.73627472137231,
      "old_value": 11.0321875293222
    },
    {
      "path": [
        "data",
        7,
        "q50"
      ],
      "action": "values_changed",
      "value": 79.7999992370605,
      "old_value": 80.9000015258789
    },
    {
      "path": [
        "data",
        7,
        "q75"
      ],
      "action": "values_changed",
      "value": 87.2499980926514,
      "old_value": 90.2000007629395
    },
    {
      "path": [
        "data",
        7,
        "q90"
      ],
      "action": "values_changed",
      "value": 88.2400001525879,
      "old_value": 92.5399993896484
    },
    {
      "path": [
        "data",
        8,
        "mean"
      ],
      "action": "values_changed",
      "value": 78.5178668652334,
      "old_value": 78.3823322369547
    },
    {
      "path": [
        "data",
        8,
        "sd"
      ],
      "action": "values_changed",
      "value": 16.0507830682355,
      "old_value": 15.9495821946631
    },
    {
      "path": [
        "data",
        8,
        "q10"
      ],
      "action": "values_changed",
      "value": 61.5999984741211,
      "old_value": 61.4000015258789
    },
    {
      "path": [
        "data",
        8,
        "q25"
      ],
      "action": "values_changed",
      "value": 67.9000015258789,
      "old_value": 67.8000030517578
    },
    {
      "path": [
        "data",
        8,
        "q75"
      ],
      "action": "values_changed",
      "value": 87.5,
      "old_value": 87.3000030517578
    },
    {
      "path": [
        "data",
        9,
        "mean"
      ],
      "action": "values_changed",
      "value": 79.8879316038631,
      "old_value": 80.0408176152664
    },
    {
      "path": [
        "data",
        9,
        "sd"
      ],
      "action": "values_changed",
      "value": 17.1828515375474,
      "old_value": 17.2583547884021
    },
    {
      "path": [
        "data",
        9,
        "q25"
      ],
      "action": "values_changed",
      "value": 68.5999984741211,
      "old_value": 68.6999969482422
    },
    {
      "path": [
        "data",
        9,
        "q75"
      ],
      "action": "values_changed",
      "value": 89.1999969482422,
      "old_value": 89.5
    },
    {
      "path": [
        "data",
        9,
        "q90"
      ],
      "action": "values_changed",
      "value": 100.199996948242,
      "old_value": 100.5
    },
    {
      "path": [
        "data",
        10,
        "mean"
      ],
      "action": "values_changed",
      "value": 84.4166677263048,
      "old_value": 84.4444455040826
    },
    {
      "path": [
        "data",
        10,
        "sd"
      ],
      "action": "values_changed",
      "value": 14.1898051163001,
      "old_value": 14.1542611617474
    },
    {
      "path": [
        "data",
        11,
        "mean"
      ],
      "action": "values_changed",
      "value": 84.0105257536236,
      "old_value": 87.5947374042712
    },
    {
      "path": [
        "data",
        11,
        "sd"
      ],
      "action": "values_changed",
      "value": 13.7438826805625,
      "old_value": 30.8568288700904
    },
    {
      "path": [
        "data",
        11,
        "q25"
      ],
      "action": "values_changed",
      "value": 72.7000007629395,
      "old_value": 72.0500030517578
    },
    {
      "path": [
        "data",
        11,
        "q50"
      ],
      "action": "values_changed",
      "value": 82.4000015258789,
      "old_value": 79.3000030517578
    },
    {
      "path": [
        "data",
        11,
        "q75"
      ],
      "action": "values_changed",
      "value": 91.1999969482422,
      "old_value": 90.5499992370605
    },
    {
      "path": [
        "data",
        11,
        "q90"
      ],
      "action": "values_changed",
      "value": 99.3199981689453,
      "old_value": 98.8399993896484
    },
    {
      "path": [
        "data",
        12,
        "mean"
      ],
      "action": "values_changed",
      "value": 77.8628085212288,
      "old_value": 77.7988730078596
    },
    {
      "path": [
        "data",
        12,
        "sd"
      ],
      "action": "values_changed",
      "value": 17.7669244968732,
      "old_value": 16.2882605195826
    },
    {
      "path": [
        "data",
        12,
        "q75"
      ],
      "action": "values_changed",
      "value": 86.9000015258789,
      "old_value": 86.8000030517578
    },
    {
      "path": [
        "data",
        13,
        "mean"
      ],
      "action": "values_changed",
      "value": 79.5011189140878,
      "old_value": 79.439698793946
    },
    {
      "path": [
        "data",
        13,
        "sd"
      ],
      "action": "values_changed",
      "value": 17.0559053553403,
      "old_value": 16.8967990197095
    },
    {
      "path": [
        "data",
        13,
        "q10"
      ],
      "action": "values_changed",
      "value": 60.9000015258789,
      "old_value": 60.7999992370605
    },
    {
      "path": [
        "data",
        13,
        "q50"
      ],
      "action": "values_changed",
      "value": 77.6999969482422,
      "old_value": 77.5499992370605
    },
    {
      "path": [
        "data",
        13,
        "q75"
      ],
      "action": "values_changed",
      "value": 88.8000030517578,
      "old_value": 88.6999969482422
    },
    {
      "path": [
        "data",
        13,
        "q90"
      ],
      "action": "values_changed",
      "value": 99.9000015258789,
      "old_value": 100.199996948242
    },
    {
      "path": [
        "data",
        14,
        "mean"
      ],
      "action": "values_changed",
      "value": 80.5162158656765,
      "old_value": 80.3594592326396
    },
    {
      "path": [
        "data",
        14,
        "sd"
      ],
      "action": "values_changed",
      "value": 12.1061394990095,
      "old_value": 12.2625321671256
    },
    {
      "path": [
        "data",
        14,
        "q25"
      ],
      "action": "values_changed",
      "value": 72.0999984741211,
      "old_value": 70.8000030517578
    },
    {
      "path": [
        "data",
        15,
        "mean"
      ],
      "action": "values_changed",
      "value": 81.6850002288818,
      "old_value": 81.8349998474121
    },
    {
      "path": [
        "data",
        15,
        "sd"
      ],
      "action": "values_changed",
      "value": 19.0308417648354,
      "old_value": 19.0524841072142
    },
    {
      "path": [
        "data",
        15,
        "q25"
      ],
      "action": "values_changed",
      "value": 70.7750015258789,
      "old_value": 70.1000003814697
    },
    {
      "path": [
        "data",
        15,
        "q50"
      ],
      "action": "values_changed",
      "value": 79.25,
      "old_value": 79.6499977111816
    },
    {
      "path": [
        "data",
        16,
        "mean"
      ],
      "action": "values_changed",
      "value": 77.4933926640215,
      "old_value": 77.4554706332325
    },
    {
      "path": [
        "data",
        16,
        "sd"
      ],
      "action": "values_changed",
      "value": 17.0522966083359,
      "old_value": 16.4454237069755
    },
    {
      "path": [
        "data",
        16,
        "q10"
      ],
      "action": "values_changed",
      "value": 60.4000015258789,
      "old_value": 60.5
    },
    {
      "path": [
        "data",
        17,
        "mean"
      ],
      "action": "values_changed",
      "value": 78.5623105176068,
      "old_value": 78.6405674358706
    },
    {
      "path": [
        "data",
        17,
        "sd"
      ],
      "action": "values_changed",
      "value": 17.1392963595988,
      "old_value": 17.1642705903266
    },
    {
      "path": [
        "data",
        17,
        "q10"
      ],
      "action": "values_changed",
      "value": 60.0999984741211,
      "old_value": 60.2000007629395
    },
    {
      "path": [
        "data",
        17,
        "q75"
      ],
      "action": "values_changed",
      "value": 87.9000015258789,
      "old_value": 88.1999969482422
    },
    {
      "path": [
        "data",
        17,
        "q90"
      ],
      "action": "values_changed",
      "value": 99.0999984741211,
      "old_value": 99.1999969482422
    },
    {
      "path": [
        "data",
        18,
        "mean"
      ],
      "action": "values_changed",
      "value": 77.9653848012288,
      "old_value": 78.8500002347506
    },
    {
      "path": [
        "data",
        18,
        "sd"
      ],
      "action": "values_changed",
      "value": 13.3322560119566,
      "old_value": 13.0427347142945
    },
    {
      "path": [
        "data",
        18,
        "q10"
      ],
      "action": "values_changed",
      "value": 62.3100002288818,
      "old_value": 63.9100021362305
    },
    {
      "path": [
        "data",
        18,
        "q50"
      ],
      "action": "values_changed",
      "value": 77.7999992370605,
      "old_value": 78.9500007629395
    },
    {
      "path": [
        "data",
        18,
        "q90"
      ],
      "action": "values_changed",
      "value": 93.9500030517578,
      "old_value": 94.5100021362305
    },
    {
      "path": [
        "data",
        19,
        "mean"
      ],
      "action": "values_changed",
      "value": 78.9146345185071,
      "old_value": 81.9731710480481
    },
    {
      "path": [
        "data",
        19,
        "sd"
      ],
      "action": "values_changed",
      "value": 16.5724108036176,
      "old_value": 16.9350086012605
    },
    {
      "path": [
        "data",
        19,
        "q10"
      ],
      "action": "values_changed",
      "value": 60.2999992370605,
      "old_value": 62.7999992370605
    },
    {
      "path": [
        "data",
        19,
        "q25"
      ],
      "action": "values_changed",
      "value": 68.0999984741211,
      "old_value": 68.5
    },
    {
      "path": [
        "data",
        19,
        "q75"
      ],
      "action": "values_changed",
      "value": 88.8000030517578,
      "old_value": 94.5
    },
    {
      "path": [
        "data",
        19,
        "q90"
      ],
      "action": "values_changed",
      "value": 96.5999984741211,
      "old_value": 97.9000015258789
    },
    {
      "path": [
        "data",
        20,
        "mean"
      ],
      "action": "values_changed",
      "value": 76.8764373882483,
      "old_value": 76.8246234258118
    },
    {
      "path": [
        "data",
        20,
        "sd"
      ],
      "action": "values_changed",
      "value": 16.9310251191777,
      "old_value": 16.8199756381932
    },
    {
      "path": [
        "data",
        20,
        "q50"
      ],
      "action": "values_changed",
      "value": 74.5999984741211,
      "old_value": 74.6999969482422
    },
    {
      "path": [
        "data",
        20,
        "q90"
      ],
      "action": "values_changed",
      "value": 96.1999969482422,
      "old_value": 95.9000015258789
    },
    {
      "path": [
        "data",
        21,
        "mean"
      ],
      "action": "values_changed",
      "value": 78.0731119883232,
      "old_value": 78.0048146108879
    },
    {
      "path": [
        "data",
        21,
        "sd"
      ],
      "action": "values_changed",
      "value": 16.9940522273904,
      "old_value": 16.8776723280964
    },
    {
      "path": [
        "data",
        21,
        "q10"
      ],
      "action": "values_changed",
      "value": 59.2000007629395,
      "old_value": 59.2999992370605
    },
    {
      "path": [
        "data",
        21,
        "q25"
      ],
      "action": "values_changed",
      "value": 66.3000030517578,
      "old_value": 66.4000015258789
    },
    {
      "path": [
        "data",
        21,
        "q50"
      ],
      "action": "values_changed",
      "value": 76.3000030517578,
      "old_value": 76.1999969482422
    },
    {
      "path": [
        "data",
        21,
        "q75"
      ],
      "action": "values_changed",
      "value": 87.5,
      "old_value": 87.4000015258789
    },
    {
      "path": [
        "data",
        21,
        "q90"
      ],
      "action": "values_changed",
      "value": 98.6999969482422,
      "old_value": 98.3000030517578
    },
    {
      "path": [
        "data",
        22,
        "mean"
      ],
      "action": "values_changed",
      "value": 75.9526882376722,
      "old_value": 77.3215055978426
    },
    {
      "path": [
        "data",
        22,
        "sd"
      ],
      "action": "values_changed",
      "value": 16.7788663308881,
      "old_value": 16.2838603030393
    },
    {
      "path": [
        "data",
        22,
        "q10"
      ],
      "action": "values_changed",
      "value": 60.3199996948242,
      "old_value": 60.6400001525879
    },
    {
      "path": [
        "data",
        22,
        "q25"
      ],
      "action": "values_changed",
      "value": 65.8000030517578,
      "old_value": 66.5999984741211
    },
    {
      "path": [
        "data",
        22,
        "q75"
      ],
      "action": "values_changed",
      "value": 85.6999969482422,
      "old_value": 86.5
    },
    {
      "path": [
        "data",
        22,
        "q90"
      ],
      "action": "values_changed",
      "value": 94.2400009155273,
      "old_value": 96.0000015258789
    },
    {
      "path": [
        "data",
        23,
        "mean"
      ],
      "action": "values_changed",
      "value": 80.5486490404284,
      "old_value": 79.4432431813833
    },
    {
      "path": [
        "data",
        23,
        "sd"
      ],
      "action": "values_changed",
      "value": 18.6490493099099,
      "old_value": 15.3412220159916
    },
    {
      "path": [
        "data",
        23,
        "q10"
      ],
      "action": "values_changed",
      "value": 60.9400009155273,
      "old_value": 61.4799995422363
    },
    {
      "path": [
        "data",
        23,
        "q25"
      ],
      "action": "values_changed",
      "value": 64.0999984741211,
      "old_value": 69.8000030517578
    },
    {
      "path": [
        "data",
        23,
        "q50"
      ],
      "action": "values_changed",
      "value": 78.3000030517578,
      "old_value": 77.5999984741211
    },
    {
      "path": [
        "data",
        23,
        "q75"
      ],
      "action": "values_changed",
      "value": 92.9000015258789,
      "old_value": 90.8000030517578
    },
    {
      "path": [
        "data",
        24,
        "mean"
      ],
      "action": "values_changed",
      "value": 76.4148982321899,
      "old_value": 76.3083890893863
    },
    {
      "path": [
        "data",
        24,
        "sd"
      ],
      "action": "values_changed",
      "value": 16.6941577160175,
      "old_value": 16.2202797143132
    },
    {
      "path": [
        "data",
        24,
        "q10"
      ],
      "action": "values_changed",
      "value": 59.5999984741211,
      "old_value": 59.5
    },
    {
      "path": [
        "data",
        24,
        "q90"
      ],
      "action": "values_changed",
      "value": 95.8000030517578,
      "old_value": 95.9000015258789
    },
    {
      "path": [
        "data",
        25,
        "mean"
      ],
      "action": "values_changed",
      "value": 77.403500346842,
      "old_value": 77.3035647563544
    },
    {
      "path": [
        "data",
        25,
        "sd"
      ],
      "action": "values_changed",
      "value": 16.9486812456444,
      "old_value": 17.1708983224901
    },
    {
      "path": [
        "data",
        25,
        "q10"
      ],
      "action": "values_changed",
      "value": 58.7999992370605,
      "old_value": 58.5
    },
    {
      "path": [
        "data",
        25,
        "q25"
      ],
      "action": "values_changed",
      "value": 65.6999969482422,
      "old_value": 65.5
    },
    {
      "path": [
        "data",
        25,
        "q50"
      ],
      "action": "values_changed",
      "value": 75.4000015258789,
      "old_value": 75.3000030517578
    },
    {
      "path": [
        "data",
        25,
        "q90"
      ],
      "action": "values_changed",
      "value": 98.0999984741211,
      "old_value": 97.8000030517578
    },
    {
      "path": [
        "data",
        26,
        "mean"
      ],
      "action": "values_changed",
      "value": 75.5900903822066,
      "old_value": 76.9279280653945
    },
    {
      "path": [
        "data",
        26,
        "sd"
      ],
      "action": "values_changed",
      "value": 14.8987367357059,
      "old_value": 14.3886330972889
    },
    {
      "path": [
        "data",
        26,
        "q25"
      ],
      "action": "values_changed",
      "value": 66.8499984741211,
      "old_value": 66.5499992370605
    },
    {
      "path": [
        "data",
        26,
        "q75"
      ],
      "action": "values_changed",
      "value": 85.6500015258789,
      "old_value": 87.0499992370605
    },
    {
      "path": [
        "data",
        26,
        "q90"
      ],
      "action": "values_changed",
      "value": 93.5999984741211,
      "old_value": 96.0999984741211
    },
    {
      "path": [
        "data",
        27,
        "mean"
      ],
      "action": "values_changed",
      "value": 77.9512192330709,
      "old_value": 77.6707316142757
    },
    {
      "path": [
        "data",
        27,
        "sd"
      ],
      "action": "values_changed",
      "value": 12.342915926731,
      "old_value": 12.5404001027209
    },
    {
      "path": [
        "data",
        27,
        "q10"
      ],
      "action": "values_changed",
      "value": 61.9000015258789,
      "old_value": 62.7000007629395
    },
    {
      "path": [
        "data",
        27,
        "q25"
      ],
      "action": "values_changed",
      "value": 71.1999969482422,
      "old_value": 68.1999969482422
    },
    {
      "path": [
        "data",
        27,
        "q50"
      ],
      "action": "values_changed",
      "value": 78.0999984741211,
      "old_value": 78.5999984741211
    },
    {
      "path": [
        "data",
        27,
        "q75"
      ],
      "action": "values_changed",
      "value": 86.3000030517578,
      "old_value": 85.9000015258789
    },
    {
      "path": [
        "data",
        28,
        "mean"
      ],
      "action": "values_changed",
      "value": 75.8511291543672,
      "old_value": 75.7627564446848
    },
    {
      "path": [
        "data",
        28,
        "sd"
      ],
      "action": "values_changed",
      "value": 16.7067990291275,
      "old_value": 16.7101523808994
    },
    {
      "path": [
        "data",
        28,
        "q25"
      ],
      "action": "values_changed",
      "value": 65.5999984741211,
      "old_value": 65.5
    },
    {
      "path": [
        "data",
        28,
        "q50"
      ],
      "action": "values_changed",
      "value": 73.6999969482422,
      "old_value": 73.5999984741211
    },
    {
      "path": [
        "data",
        29,
        "mean"
      ],
      "action": "values_changed",
      "value": 76.7662877263894,
      "old_value": 76.6333889124254
    },
    {
      "path": [
        "data",
        29,
        "sd"
      ],
      "action": "values_changed",
      "value": 17.2807973617288,
      "old_value": 16.9437376744477
    },
    {
      "path": [
        "data",
        29,
        "q10"
      ],
      "action": "values_changed",
      "value": 57.9000015258789,
      "old_value": 57.9400009155273
    },
    {
      "path": [
        "data",
        29,
        "q50"
      ],
      "action": "values_changed",
      "value": 74.8000030517578,
      "old_value": 74.6999969482422
    },
    {
      "path": [
        "data",
        29,
        "q75"
      ],
      "action": "values_changed",
      "value": 86.5,
      "old_value": 86.4000015258789
    },
    {
      "path": [
        "data",
        29,
        "q90"
      ],
      "action": "values_changed",
      "value": 97.6999969482422,
      "old_value": 97.5
    },
    {
      "path": [
        "data",
        30,
        "mean"
      ],
      "action": "values_changed",
      "value": 77.5527999572754,
      "old_value": 75.0519998779297
    },
    {
      "path": [
        "data",
        30,
        "sd"
      ],
      "action": "values_changed",
      "value": 15.2299820993455,
      "old_value": 14.9454686784404
    },
    {
      "path": [
        "data",
        30,
        "q10"
      ],
      "action": "values_changed",
      "value": 60.0999984741211,
      "old_value": 56.9200012207031
    },
    {
      "path": [
        "data",
        30,
        "q25"
      ],
      "action": "values_changed",
      "value": 67.8000030517578,
      "old_value": 66.4000015258789
    },
    {
      "path": [
        "data",
        30,
        "q50"
      ],
      "action": "values_changed",
      "value": 75.1999969482422,
      "old_value": 73.5999984741211
    },
    {
      "path": [
        "data",
        30,
        "q90"
      ],
      "action": "values_changed",
      "value": 96.7800003051758,
      "old_value": 95.7800003051758
    },
    {
      "path": [
        "data",
        31,
        "mean"
      ],
      "action": "values_changed",
      "value": 78.1489359267214,
      "old_value": 77.7872339613894
    },
    {
      "path": [
        "data",
        31,
        "sd"
      ],
      "action": "values_changed",
      "value": 18.1150771440925,
      "old_value": 18.4991959298328
    },
    {
      "path": [
        "data",
        31,
        "q50"
      ],
      "action": "values_changed",
      "value": 76.0999984741211,
      "old_value": 74.8000030517578
    },
    {
      "path": [
        "data",
        31,
        "q75"
      ],
      "action": "values_changed",
      "value": 87.25,
      "old_value": 85.6000022888184
    },
    {
      "path": [
        "data",
        31,
        "q90"
      ],
      "action": "values_changed",
      "value": 98.5800003051758,
      "old_value": 96.8799987792969
    },
    {
      "path": [
        "data",
        32,
        "mean"
      ],
      "action": "values_changed",
      "value": 75.4347122150252,
      "old_value": 75.3950439354448
    },
    {
      "path": [
        "data",
        32,
        "sd"
      ],
      "action": "values_changed",
      "value": 17.318384558984,
      "old_value": 16.7043591122829
    },
    {
      "path": [
        "data",
        32,
        "q10"
      ],
      "action": "values_changed",
      "value": 58.2999992370605,
      "old_value": 58.4000015258789
    },
    {
      "path": [
        "data",
        32,
        "q25"
      ],
      "action": "values_changed",
      "value": 65.0999984741211,
      "old_value": 65.1999969482422
    },
    {
      "path": [
        "data",
        32,
        "q75"
      ],
      "action": "values_changed",
      "value": 84.5,
      "old_value": 84.4000015258789
    },
    {
      "path": [
        "data",
        32,
        "q90"
      ],
      "action": "values_changed",
      "value": 95.0999984741211,
      "old_value": 94.9000015258789
    },
    {
      "path": [
        "data",
        33,
        "mean"
      ],
      "action": "values_changed",
      "value": 76.11071157828,
      "old_value": 75.9519393878215
    },
    {
      "path": [
        "data",
        33,
        "sd"
      ],
      "action": "values_changed",
      "value": 17.0156338576365,
      "old_value": 16.8052981064067
    },
    {
      "path": [
        "data",
        33,
        "q10"
      ],
      "action": "values_changed",
      "value": 57.2999992370605,
      "old_value": 57.2000007629395
    },
    {
      "path": [
        "data",
        33,
        "q25"
      ],
      "action": "values_changed",
      "value": 64.5,
      "old_value": 64.4000015258789
    },
    {
      "path": [
        "data",
        33,
        "q75"
      ],
      "action": "values_changed",
      "value": 85.9000015258789,
      "old_value": 85.6999969482422
    },
    {
      "path": [
        "data",
        33,
        "q90"
      ],
      "action": "values_changed",
      "value": 96.9000015258789,
      "old_value": 96.5
    },
    {
      "path": [
        "data",
        34,
        "mean"
      ],
      "action": "values_changed",
      "value": 72.408461365333,
      "old_value": 73.1061538989727
    },
    {
      "path": [
        "data",
        34,
        "sd"
      ],
      "action": "values_changed",
      "value": 16.0289712396936,
      "old_value": 14.6277626944941
    },
    {
      "path": [
        "data",
        34,
        "q10"
      ],
      "action": "values_changed",
      "value": 56.589998626709,
      "old_value": 56.4900001525879
    },
    {
      "path": [
        "data",
        34,
        "q25"
      ],
      "action": "values_changed",
      "value": 64.0499992370605,
      "old_value": 62.7000007629395
    },
    {
      "path": [
        "data",
        34,
        "q50"
      ],
      "action": "values_changed",
      "value": 70.1499977111816,
      "old_value": 71.5999984741211
    },
    {
      "path": [
        "data",
        34,
        "q75"
      ],
      "action": "values_changed",
      "value": 79.6499977111816,
      "old_value": 81.7750015258789
    },
    {
      "path": [
        "data",
        34,
        "q90"
      ],
      "action": "values_changed",
      "value": 94.5800003051758,
      "old_value": 90.55
    },
    {
      "path": [
        "data",
        35,
        "mean"
      ],
      "action": "values_changed",
      "value": 77.1048781232136,
      "old_value": 75.7951215418374
    },
    {
      "path": [
        "data",
        35,
        "sd"
      ],
      "action": "values_changed",
      "value": 16.160599156694,
      "old_value": 14.2402939106543
    },
    {
      "path": [
        "data",
        35,
        "q10"
      ],
      "action": "values_changed",
      "value": 61.2000007629395,
      "old_value": 56.9000015258789
    },
    {
      "path": [
        "data",
        35,
        "q25"
      ],
      "action": "values_changed",
      "value": 67.5,
      "old_value": 69.6999969482422
    },
    {
      "path": [
        "data",
        35,
        "q50"
      ],
      "action": "values_changed",
      "value": 74.1999969482422,
      "old_value": 75.1999969482422
    },
    {
      "path": [
        "data",
        35,
        "q75"
      ],
      "action": "values_changed",
      "value": 85.5999984741211,
      "old_value": 84.5999984741211
    },
    {
      "path": [
        "data",
        35,
        "q90"
      ],
      "action": "values_changed",
      "value": 100.599998474121,
      "old_value": 91.3000030517578
    },
    {
      "path": [
        "data",
        36,
        "mean"
      ],
      "action": "values_changed",
      "value": 74.8250597057836,
      "old_value": 74.9334413890638
    },
    {
      "path": [
        "data",
        36,
        "sd"
      ],
      "action": "values_changed",
      "value": 16.8981969655049,
      "old_value": 18.4450782617128
    },
    {
      "path": [
        "data",
        36,
        "q90"
      ],
      "action": "values_changed",
      "value": 94.4000015258789,
      "old_value": 94.5
    },
    {
      "path": [
        "data",
        37,
        "mean"
      ],
      "action": "values_changed",
      "value": 75.6078337037641,
      "old_value": 75.5111761285559
    },
    {
      "path": [
        "data",
        37,
        "sd"
      ],
      "action": "values_changed",
      "value": 17.4514433033107,
      "old_value": 17.4793704504648
    },
    {
      "path": [
        "data",
        37,
        "q10"
      ],
      "action": "values_changed",
      "value": 56.7000007629395,
      "old_value": 56.4000015258789
    },
    {
      "path": [
        "data",
        37,
        "q25"
      ],
      "action": "values_changed",
      "value": 63.9000015258789,
      "old_value": 63.7999992370605
    },
    {
      "path": [
        "data",
        37,
        "q50"
      ],
      "action": "values_changed",
      "value": 73.5,
      "old_value": 73.4000015258789
    },
    {
      "path": [
        "data",
        37,
        "q75"
      ],
      "action": "values_changed",
      "value": 85.5,
      "old_value": 85.4000015258789
    }
  ]
}