{
  "data": {
    "type": "lab",
    "data": [
      {
        "track": "lab.scores.GFR_MDRD",
        "dtime": "[-5,-4)",
        "dt": -4.5,
        "group": "cohort",
        "age": "[60,70)",
        "sex": "male",
        "count": 2,
        "mean": 86.25,
        "sd": 8.27314718196396,
        "q10": 81.5700012207031,
        "q25": 83.3250007629395,
        "q50": 86.25,
        "q75": 89.1749992370605,
        "q90": 90.9299987792969
      },
      {
        "track": "lab.scores.GFR_MDRD",
        "dtime": "[-5,-4)",
        "dt": -4.5,
        "group": "control",
        "age": "[60,70)",
        "sex": "male",
        "count": 9897,
        "mean": 79.6453773882626,
        "sd": 16.7817717116948,
        "q10": 62.5,
        "q25": 68.8000030517578,
        "q50": 77.4000015258789,
        "q75": 88.5,
        "q90": 98.4000015258789
      },
      {
        "track": "lab.scores.GFR_MDRD",
        "dtime": "[-5,-4)",
        "dt": -4.5,
        "group": "control",
        "age": "[60,70)",
        "sex": "female",
        "count": 10219,
        "mean": 81.4928368658851,
        "sd": 17.259574229041,
        "q10": 62.4000015258789,
        "q25": 70.3000030517578,
        "q50": 79.8000030517578,
        "q75": 91.0499992370605,
        "q90": 102.599998474121
      },
      {
        "track": "lab.scores.GFR_MDRD",
        "dtime": "[-4,-3)",
        "dt": -3.5,
        "group": "cohort",
        "age": "[60,70)",
        "sex": "male",
        "count": 9,
        "mean": 81.4444440205892,
        "sd": 11.473351285567,
        "q10": 67.239998626709,
        "q25": 76,
        "q50": 84.4000015258789,
        "q75": 88.8000030517578,
        "q90": 91.4599975585937
      },
      {
        "track": "lab.scores.GFR_MDRD",
        "dtime": "[-4,-3)",
        "dt": -3.5,
        "group": "control",
        "age": "[60,70)",
        "sex": "male",
        "count": 17444,
        "mean": 79.1595391025786,
        "sd": 18.1781105116052,
        "q10": 62.1299991607666,
        "q25": 68.1999969482422,
        "q50": 76.6999969482422,
        "q75": 88.0999984741211,
        "q90": 98.2700012207032
      },
      {
        "track": "lab.scores.GFR_MDRD",
        "dtime": "[-4,-3)",
        "dt": -3.5,
        "group": "control",
        "age": "[60,70)",
        "sex": "female",
        "count": 18108,
        "mean": 80.7113209482005,
        "sd": 17.0641689934564,
        "q10": 62.0999984741211,
        "q25": 69.1999969482422,
        "q50": 78.8000030517578,
        "q75": 90.3000030517578,
        "q90": 101.5
      },
      {
        "track": "lab.scores.GFR_MDRD",
        "dtime": "[-3,-2)",
        "dt": -2.5,
        "group": "cohort",
        "age": "[60,70)",
        "sex": "male",
        "count": 21,
        "mean": 87.257143838065,
        "sd": 13.1691139605724,
        "q10": 72.9000015258789,
        "q25": 78,
        "q50": 88.5,
        "q75": 91,
        "q90": 103.300003051758
      },
      {
        "track": "lab.scores.GFR_MDRD",
        "dtime": "[-3,-2)",
        "dt": -2.5,
        "group": "cohort",
        "age": "[60,70)",
        "sex": "female",
        "count": 4,
        "mean": 82.125,
        "sd": 11.0321875293222,
        "q10": 72.6899993896484,
        "q25": 72.8250007629395,
        "q50": 80.9000015258789,
        "q75": 90.2000007629395,
        "q90": 92.5399993896484
      },
      {
        "track": "lab.scores.GFR_MDRD",
        "dtime": "[-3,-2)",
        "dt": -2.5,
        "group": "control",
        "age": "[60,70)",
        "sex": "male",
        "count": 26121,
        "mean": 78.3823322369547,
        "sd": 15.9495821946631,
        "q10": 61.4000015258789,
        "q25": 67.8000030517578,
        "q50": 76.0999984741211,
        "q75": 87.3000030517578,
        "q90": 97.5
      },
      {
        "track": "lab.scores.GFR_MDRD",
        "dtime": "[-3,-2)",
        "dt": -2.5,
        "group": "control",
        "age": "[60,70)",
        "sex": "female",
        "count": 27079,
        "mean": 80.0408176152664,
        "sd": 17.2583547884021,
        "q10": 61.5,
        "q25": 68.6999969482422,
        "q50": 78.1999969482422,
        "q75": 89.5,
        "q90": 100.5
      },
      {
        "track": "lab.scores.GFR_MDRD",
        "dtime": "[-2,-1)",
        "dt": -1.5,
        "group": "cohort",
        "age": "[60,70)",
        "sex": "male",
        "count": 36,
        "mean": 84.4444455040826,
        "sd": 14.1542611617474,
        "q10": 70.4500007629395,
        "q25": 75.0750026702881,
        "q50": 81,
        "q75": 91.2000026702881,
        "q90": 99
      },
      {
        "track": "lab.scores.GFR_MDRD",
        "dtime": "[-2,-1)",
        "dt": -1.5,
        "group": "cohort",
        "age": "[60,70)",
        "sex": "female",
        "count": 19,
        "mean": 87.5947374042712,
        "sd": 30.8568288700904,
        "q10": 70.1399978637695,
        "q25": 72.0500030517578,
        "q50": 79.3000030517578,
        "q75": 90.5499992370605,
        "q90": 98.8399993896484
      },
      {
        "track": "lab.scores.GFR_MDRD",
        "dtime": "[-2,-1)",
        "dt": -1.5,
        "group": "control",
        "age": "[60,70)",
        "sex": "male",
        "count": 29902,
        "mean": 77.7988730078596,
        "sd": 16.2882605195826,
        "q10": 60.9000015258789,
        "q25": 67.3000030517578,
        "q50": 75.5,
        "q75": 86.8000030517578,
        "q90": 97
      },
      {
        "track": "lab.scores.GFR_MDRD",
        "dtime": "[-2,-1)",
        "dt": -1.5,
        "group": "control",
        "age": "[60,70)",
        "sex": "female",
        "count": 30744,
        "mean": 79.439698793946,
        "sd": 16.8967990197095,
        "q10": 60.7999992370605,
        "q25": 68,
        "q50": 77.5499992370605,
        "q75": 88.6999969482422,
        "q90": 100.199996948242
      },
      {
        "track": "lab.scores.GFR_MDRD",
        "dtime": "[-1,0)",
        "dt": -0.5,
        "group": "cohort",
        "age": "[60,70)",
        "sex": "male",
        "count": 37,
        "mean": 80.3594592326396,
        "sd": 12.2625321671256,
        "q10": 67.4400024414062,
        "q25": 70.8000030517578,
        "q50": 77.5999984741211,
        "q75": 89.0999984741211,
        "q90": 94.1600006103516
      },
      {
        "track": "lab.scores.GFR_MDRD",
        "dtime": "[-1,0)",
        "dt": -0.5,
        "group": "cohort",
        "age": "[60,70)",
        "sex": "female",
        "count": 20,
        "mean": 81.8349998474121,
        "sd": 19.0524841072142,
        "q10": 64.9900001525879,
        "q25": 70.1000003814697,
        "q50": 79.6499977111816,
        "q75": 88.4750022888184,
        "q90": 93.2699996948242
      },
      {
        "track": "lab.scores.GFR_MDRD",
        "dtime": "[-1,0)",
        "dt": -0.5,
        "group": "control",
        "age": "[60,70)",
        "sex": "male",
        "count": 31011,
        "mean": 77.4554706332325,
        "sd": 16.4454237069755,
        "q10": 60.5,
        "q25": 66.8000030517578,
        "q50": 75.0999984741211,
        "q75": 86.5999984741211,
        "q90": 96.8000030517578
      },
      {
        "track": "lab.scores.GFR_MDRD",
        "dtime": "[-1,0)",
        "dt": -0.5,
        "group": "control",
        "age": "[60,70)",
        "sex": "female",
        "count": 31863,
        "mean": 78.6405674358706,
        "sd": 17.1642705903266,
        "q10": 60.2000007629395,
        "q25": 66.8000030517578,
        "q50": 76.6999969482422,
        "q75": 88.1999969482422,
        "q90": 99.1999969482422
      },
      {
        "track": "lab.scores.GFR_MDRD",
        "dtime": "[0,1)",
        "dt": 0.5,
        "group": "cohort",
        "age": "[60,70)",
        "sex": "male",
        "count": 78,
        "mean": 78.8500002347506,
        "sd": 13.0427347142945,
        "q10": 63.9100021362305,
        "q25": 68.1999988555908,
        "q50": 78.9500007629395,
        "q75": 85.9499988555908,
        "q90": 94.5100021362305
      },
      {
        "track": "lab.scores.GFR_MDRD",
        "dtime": "[0,1)",
        "dt": 0.5,
        "group": "cohort",
        "age": "[60,70)",
        "sex": "female",
        "count": 41,
        "mean": 81.9731710480481,
        "sd": 16.9350086012605,
        "q10": 62.7999992370605,
        "q25": 68.5,
        "q50": 81.4000015258789,
        "q75": 94.5,
        "q90": 97.9000015258789
      },
      {
        "track": "lab.scores.GFR_MDRD",
        "dtime": "[0,1)",
        "dt": 0.5,
        "group": "control",
        "age": "[60,70)",
        "sex": "male",
        "count": 31202,
        "mean": 76.8246234258118,
        "sd": 16.8199756381932,
        "q10": 60,
        "q25": 66.4000015258789,
        "q50": 74.6999969482422,
        "q75": 85.9000015258789,
        "q90": 95.9000015258789
      },
      {
        "track": "lab.scores.GFR_MDRD",
        "dtime": "[0,1)",
        "dt": 0.5,
        "group": "control",
        "age": "[60,70)",
        "sex": "female",
        "count": 32256,
        "mean": 78.0048146108879,
        "sd": 16.8776723280964,
        "q10": 59.2999992370605,
        "q25": 66.4000015258789,
        "q50": 76.1999969482422,
        "q75": 87.4000015258789,
        "q90": 98.3000030517578
      },
      {
        "track": "lab.scores.GFR_MDRD",
        "dtime": "[1,2)",
        "dt": 1.5,
        "group": "cohort",
        "age": "[60,70)",
        "sex": "male",
        "count": 93,
        "mean": 77.3215055978426,
        "sd": 16.2838603030393,
        "q10": 60.6400001525879,
        "q25": 66.5999984741211,
        "q50": 75.5,
        "q75": 86.5,
        "q90": 96.0000015258789
      },
      {
        "track": "lab.scores.GFR_MDRD",
        "dtime": "[1,2)",
        "dt": 1.5,
        "group": "cohort",
        "age": "[60,70)",
        "sex": "female",
        "count": 37,
        "mean": 79.4432431813833,
        "sd": 15.3412220159916,
        "q10": 61.4799995422363,
        "q25": 69.8000030517578,
        "q50": 77.5999984741211,
        "q75": 90.8000030517578,
        "q90": 97.4600006103516
      },
      {
        "track": "lab.scores.GFR_MDRD",
        "dtime": "[1,2)",
        "dt": 1.5,
        "group": "control",
        "age": "[60,70)",
        "sex": "male",
        "count": 28990,
        "mean": 76.3083890893863,
        "sd": 16.2202797143132,
        "q10": 59.5,
        "q25": 66,
        "q50": 74.1999969482422,
        "q75": 85.5,
        "q90": 95.9000015258789
      },
      {
        "track": "lab.scores.GFR_MDRD",
        "dtime": "[1,2)",
        "dt": 1.5,
        "group": "control",
        "age": "[60,70)",
        "sex": "female",
        "count": 31054,
        "mean": 77.3035647563544,
        "sd": 17.1708983224901,
        "q10": 58.5,
        "q25": 65.5,
        "q50": 75.3000030517578,
        "q75": 86.9000015258789,
        "q90": 97.8000030517578
      },
      {
        "track": "lab.scores.GFR_MDRD",
        "dtime": "[2,3)",
        "dt": 2.5,
        "group": "cohort",
        "age": "[60,70)",
        "sex": "male",
        "count": 111,
        "mean": 76.9279280653945,
        "sd": 14.3886330972889,
        "q10": 60.5,
        "q25": 66.5499992370605,
        "q50": 75,
        "q75": 87.0499992370605,
        "q90": 96.0999984741211
      },
      {
        "track": "lab.scores.GFR_MDRD",
        "dtime": "[2,3)",
        "dt": 2.5,
        "group": "cohort",
        "age": "[60,70)",
        "sex": "female",
        "count": 41,
        "mean": 77.6707316142757,
        "sd": 12.5404001027209,
        "q10": 62.7000007629395,
        "q25": 68.1999969482422,
        "q50": 78.5999984741211,
        "q75": 85.9000015258789,
        "q90": 95.8000030517578
      },
      {
        "track": "lab.scores.GFR_MDRD",
        "dtime": "[2,3)",
        "dt": 2.5,
        "group": "control",
        "age": "[60,70)",
        "sex": "male",
        "count": 27100,
        "mean": 75.7627564446848,
        "sd": 16.7101523808994,
        "q10": 59.0999984741211,
        "q25": 65.5,
        "q50": 73.5999984741211,
        "q75": 84.8000030517578,
        "q90": 95.3000030517578
      },
      {
        "track": "lab.scores.GFR_MDRD",
        "dtime": "[2,3)",
        "dt": 2.5,
        "group": "control",
        "age": "[60,70)",
        "sex": "female",
        "count": 29995,
        "mean": 76.6333889124254,
        "sd": 16.9437376744477,
        "q10": 57.9400009155273,
        "q25": 64.9000015258789,
        "q50": 74.6999969482422,
        "q75": 86.4000015258789,
        "q90": 97.5
      },
      {
        "track": "lab.scores.GFR_MDRD",
        "dtime": "[3,4)",
        "dt": 3.5,
        "group": "cohort",
        "age": "[60,70)",
        "sex": "male",
        "count": 125,
        "mean": 75.0519998779297,
        "sd": 14.9454686784404,
        "q10": 56.9200012207031,
        "q25": 66.4000015258789,
        "q50": 73.5999984741211,
        "q75": 83,
        "q90": 95.7800003051758
      },
      {
        "track": "lab.scores.GFR_MDRD",
        "dtime": "[3,4)",
        "dt": 3.5,
        "group": "cohort",
        "age": "[60,70)",
        "sex": "female",
        "count": 47,
        "mean": 77.7872339613894,
        "sd": 18.4991959298328,
        "q10": 58.8600006103516,
        "q25": 65.1499977111816,
        "q50": 74.8000030517578,
        "q75": 85.6000022888184,
        "q90": 96.8799987792969
      },
      {
        "track": "lab.scores.GFR_MDRD",
        "dtime": "[3,4)",
        "dt": 3.5,
        "group": "control",
        "age": "[60,70)",
        "sex": "male",
        "count": 25262,
        "mean": 75.3950439354448,
        "sd": 16.7043591122829,
        "q10": 58.4000015258789,
        "q25": 65.1999969482422,
        "q50": 73.4000015258789,
        "q75": 84.4000015258789,
        "q90": 94.9000015258789
      },
      {
        "track": "lab.scores.GFR_MDRD",
        "dtime": "[3,4)",
        "dt": 3.5,
        "group": "control",
        "age": "[60,70)",
        "sex": "female",
        "count": 28978,
        "mean": 75.9519393878215,
        "sd": 16.8052981064067,
        "q10": 57.2000007629395,
        "q25": 64.4000015258789,
        "q50": 74,
        "q75": 85.6999969482422,
        "q90": 96.5
      },
      {
        "track": "lab.scores.GFR_MDRD",
        "dtime": "[4,5)",
        "dt": 4.5,
        "group": "cohort",
        "age": "[60,70)",
        "sex": "male",
        "count": 130,
        "mean": 73.1061538989727,
        "sd": 14.6277626944941,
        "q10": 56.4900001525879,
        "q25": 62.7000007629395,
        "q50": 71.5999984741211,
        "q75": 81.7750015258789,
        "q90": 90.55
      },
      {
        "track": "lab.scores.GFR_MDRD",
        "dtime": "[4,5)",
        "dt": 4.5,
        "group": "cohort",
        "age": "[60,70)",
        "sex": "female",
        "count": 41,
        "mean": 75.7951215418374,
        "sd": 14.2402939106543,
        "q10": 56.9000015258789,
        "q25": 69.6999969482422,
        "q50": 75.1999969482422,
        "q75": 84.5999984741211,
        "q90": 91.3000030517578
      },
      {
        "track": "lab.scores.GFR_MDRD",
        "dtime": "[4,5)",
        "dt": 4.5,
        "group": "control",
        "age": "[60,70)",
        "sex": "male",
        "count": 23444,
        "mean": 74.9334413890638,
        "sd": 18.4450782617128,
        "q10": 58,
        "q25": 64.6999969482422,
        "q50": 72.9000015258789,
        "q75": 84,
        "q90": 94.5
      },
      {
        "track": "lab.scores.GFR_MDRD",
        "dtime": "[4,5)",
        "dt": 4.5,
        "group": "control",
        "age": "[60,70)",
        "sex": "female",
        "count": 27854,
        "mean": 75.5111761285559,
        "sd": 17.4793704504648,
        "q10": 56.4000015258789,
        "q25": 63.7999992370605,
        "q50": 73.4000015258789,
        "q75": 85.4000015258789,
        "q90": 96.3000030517578
      }
    ],
    "figures": null,
    "messageType": "chronicDiseaseCohorts.report",
    "requestId": "f976cbd2-f088-4c86-aeb1-d61c2973a04b",
    "cohortId": "c_f74b9c92bc0517005234279f26646e4a"
  },
  "id": "f976cbd2-f088-4c86-aeb1-d61c2973a04b"
}