{
  "data": {
    "type": "lab",
    "data": [
      {
        "track": "lab.scores.GFR_MDRD",
        "dtime": "[-5,-4)",
        "dt": -4.5,
        "group": "cohort",
        "age": "[60,70)",
        "sex": "male",
        "count": 2,
        "mean": 87,
        "sd": 9.33380735374378,
        "q10": 81.7200012207031,
        "q25": 83.7000007629395,
        "q50": 87,
        "q75": 90.2999992370605,
        "q90": 92.2799987792969
      },
      {
        "track": "lab.scores.GFR_MDRD",
        "dtime": "[-5,-4)",
        "dt": -4.5,
        "group": "control",
        "age": "[60,70)",
        "sex": "male",
        "count": 9897,
        "mean": 79.7524502505025,
        "sd": 16.9265505941359,
        "q10": 62.5,
        "q25": 68.8000030517578,
        "q50": 77.4000015258789,
        "q75": 88.6999969482422,
        "q90": 98.8000030517578
      },
      {
        "track": "lab.scores.GFR_MDRD",
        "dtime": "[-5,-4)",
        "dt": -4.5,
        "group": "control",
        "age": "[60,70)",
        "sex": "female",
        "count": 10219,
        "mean": 81.5485566013514,
        "sd": 17.1933606684,
        "q10": 62.4000015258789,
        "q25": 70.4000015258789,
        "q50": 79.8000030517578,
        "q75": 91.0999984741211,
        "q90": 102.400001525879
      },
      {
        "track": "lab.scores.GFR_MDRD",
        "dtime": "[-4,-3)",
        "dt": -3.5,
        "group": "cohort",
        "age": "[60,70)",
        "sex": "male",
        "count": 9,
        "mean": 82.8333329094781,
        "sd": 10.433599977976,
        "q10": 73.1599998474121,
        "q25": 77.6999969482422,
        "q50": 84.4000015258789,
        "q75": 88.8000030517578,
        "q90": 91.4599975585937
      },
      {
        "track": "lab.scores.GFR_MDRD",
        "dtime": "[-4,-3)",
        "dt": -3.5,
        "group": "control",
        "age": "[60,70)",
        "sex": "male",
        "count": 17444,
        "mean": 79.0786803462751,
        "sd": 18.1507921423304,
        "q10": 62.2000007629395,
        "q25": 68.0999984741211,
        "q50": 76.5999984741211,
        "q75": 88,
        "q90": 98.4000015258789
      },
      {
        "track": "lab.scores.GFR_MDRD",
        "dtime": "[-4,-3)",
        "dt": -3.5,
        "group": "control",
        "age": "[60,70)",
        "sex": "female",
        "count": 18108,
        "mean": 80.6395626143164,
        "sd": 17.1718846711129,
        "q10": 62,
        "q25": 69.3000030517578,
        "q50": 78.6999969482422,
        "q75": 90,
        "q90": 101.199996948242
      },
      {
        "track": "lab.scores.GFR_MDRD",
        "dtime": "[-3,-2)",
        "dt": -2.5,
        "group": "cohort",
        "age": "[60,70)",
        "sex": "male",
        "count": 21,
        "mean": 87.257143838065,
        "sd": 13.1691139605724,
        "q10": 72.9000015258789,
        "q25": 78,
        "q50": 88.5,
        "q75": 91,
        "q90": 103.300003051758
      },
      {
        "track": "lab.scores.GFR_MDRD",
        "dtime": "[-3,-2)",
        "dt": -2.5,
        "group": "cohort",
        "age": "[60,70)",
        "sex": "female",
        "count": 4,
        "mean": 80.2749996185303,
        "sd": 8.73627472137231,
        "q10": 72.6899993896484,
        "q25": 72.8250007629395,
        "q50": 79.7999992370605,
        "q75": 87.2499980926514,
        "q90": 88.2400001525879
      },
      {
        "track": "lab.scores.GFR_MDRD",
        "dtime": "[-3,-2)",
        "dt": -2.5,
        "group": "control",
        "age": "[60,70)",
        "sex": "male",
        "count": 26121,
        "mean": 78.397301037513,
        "sd": 16.421194784719,
        "q10": 61.4000015258789,
        "q25": 67.6999969482422,
        "q50": 76,
        "q75": 87.4000015258789,
        "q90": 97.5999984741211
      },
      {
        "track": "lab.scores.GFR_MDRD",
        "dtime": "[-3,-2)",
        "dt": -2.5,
        "group": "control",
        "age": "[60,70)",
        "sex": "female",
        "count": 27079,
        "mean": 79.9914435618887,
        "sd": 17.3630180575524,
        "q10": 61.4000015258789,
        "q25": 68.5,
        "q50": 78.1999969482422,
        "q75": 89.5,
        "q90": 100.599998474121
      },
      {
        "track": "lab.scores.GFR_MDRD",
        "dtime": "[-2,-1)",
        "dt": -1.5,
        "group": "cohort",
        "age": "[60,70)",
        "sex": "male",
        "count": 36,
        "mean": 84.0805566575792,
        "sd": 14.0403666024845,
        "q10": 70.4500007629395,
        "q25": 75.0750026702881,
        "q50": 81,
        "q75": 90.3499984741211,
        "q90": 99
      },
      {
        "track": "lab.scores.GFR_MDRD",
        "dtime": "[-2,-1)",
        "dt": -1.5,
        "group": "cohort",
        "age": "[60,70)",
        "sex": "female",
        "count": 19,
        "mean": 81.2315790276778,
        "sd": 10.8755102130552,
        "q10": 70.1399978637695,
        "q25": 72.7000007629395,
        "q50": 79.3000030517578,
        "q75": 87.75,
        "q90": 93.479997253418
      },
      {
        "track": "lab.scores.GFR_MDRD",
        "dtime": "[-2,-1)",
        "dt": -1.5,
        "group": "control",
        "age": "[60,70)",
        "sex": "male",
        "count": 29902,
        "mean": 77.9082469626036,
        "sd": 17.7662222047452,
        "q10": 61,
        "q25": 67.3000030517578,
        "q50": 75.5,
        "q75": 86.9000015258789,
        "q90": 97
      },
      {
        "track": "lab.scores.GFR_MDRD",
        "dtime": "[-2,-1)",
        "dt": -1.5,
        "group": "control",
        "age": "[60,70)",
        "sex": "female",
        "count": 30744,
        "mean": 79.4144776258933,
        "sd": 17.0636807931337,
        "q10": 60.9000015258789,
        "q25": 67.9000015258789,
        "q50": 77.5999984741211,
        "q75": 88.8000030517578,
        "q90": 99.8000030517578
      },
      {
        "track": "lab.scores.GFR_MDRD",
        "dtime": "[-1,0)",
        "dt": -0.5,
        "group": "cohort",
        "age": "[60,70)",
        "sex": "male",
        "count": 37,
        "mean": 80.5540539509541,
        "sd": 12.2681291277516,
        "q10": 67.4400024414062,
        "q25": 70.8000030517578,
        "q50": 78.1999969482422,
        "q75": 89.0999984741211,
        "q90": 94.1600006103516
      },
      {
        "track": "lab.scores.GFR_MDRD",
        "dtime": "[-1,0)",
        "dt": -0.5,
        "group": "cohort",
        "age": "[60,70)",
        "sex": "female",
        "count": 20,
        "mean": 81.8799999237061,
        "sd": 19.0250974590367,
        "q10": 64.9900001525879,
        "q25": 70.7750015258789,
        "q50": 79.6499977111816,
        "q75": 88.4750022888184,
        "q90": 93.2699996948242
      },
      {
        "track": "lab.scores.GFR_MDRD",
        "dtime": "[-1,0)",
        "dt": -0.5,
        "group": "control",
        "age": "[60,70)",
        "sex": "male",
        "count": 31011,
        "mean": 77.4473541448313,
        "sd": 16.4476704470693,
        "q10": 60.4000015258789,
        "q25": 66.8000030517578,
        "q50": 75,
        "q75": 86.5,
        "q90": 96.8000030517578
      },
      {
        "track": "lab.scores.GFR_MDRD",
        "dtime": "[-1,0)",
        "dt": -0.5,
        "group": "control",
        "age": "[60,70)",
        "sex": "female",
        "count": 31863,
        "mean": 78.6968521479964,
        "sd": 17.3020709101723,
        "q10": 60.2999992370605,
        "q25": 67,
        "q50": 76.6999969482422,
        "q75": 88,
        "q90": 99.4000015258789
      },
      {
        "track": "lab.scores.GFR_MDRD",
        "dtime": "[0,1)",
        "dt": 0.5,
        "group": "cohort",
        "age": "[60,70)",
        "sex": "male",
        "count": 78,
        "mean": 78.4384616460556,
        "sd": 14.0092201595356,
        "q10": 62.5799995422363,
        "q25": 67.3000030517578,
        "q50": 77.8499984741211,
        "q75": 86.8250007629395,
        "q90": 96.4900001525879
      },
      {
        "track": "lab.scores.GFR_MDRD",
        "dtime": "[0,1)",
        "dt": 0.5,
        "group": "cohort",
        "age": "[60,70)",
        "sex": "female",
        "count": 41,
        "mean": 81.3560980820074,
        "sd": 17.2073974704584,
        "q10": 62.7999992370605,
        "q25": 68.5,
        "q50": 78.5999984741211,
        "q75": 92.4000015258789,
        "q90": 106.599998474121
      },
      {
        "track": "lab.scores.GFR_MDRD",
        "dtime": "[0,1)",
        "dt": 0.5,
        "group": "control",
        "age": "[60,70)",
        "sex": "male",
        "count": 31202,
        "mean": 76.8518877003516,
        "sd": 17.1150322057476,
        "q10": 60,
        "q25": 66.4000015258789,
        "q50": 74.5999984741211,
        "q75": 85.8000030517578,
        "q90": 96.1899971008302
      },
      {
        "track": "lab.scores.GFR_MDRD",
        "dtime": "[0,1)",
        "dt": 0.5,
        "group": "control",
        "age": "[60,70)",
        "sex": "female",
        "count": 32256,
        "mean": 78.2089440679799,
        "sd": 17.3088501803638,
        "q10": 59.2999992370605,
        "q25": 66.3000030517578,
        "q50": 76.3000030517578,
        "q75": 87.5999984741211,
        "q90": 99
      },
      {
        "track": "lab.scores.GFR_MDRD",
        "dtime": "[1,2)",
        "dt": 1.5,
        "group": "cohort",
        "age": "[60,70)",
        "sex": "male",
        "count": 93,
        "mean": 77.3505378230926,
        "sd": 16.3536570945469,
        "q10": 61.2400009155273,
        "q25": 66.9000015258789,
        "q50": 74.4000015258789,
        "q75": 87,
        "q90": 96.4000015258789
      },
      {
        "track": "lab.scores.GFR_MDRD",
        "dtime": "[1,2)",
        "dt": 1.5,
        "group": "cohort",
        "age": "[60,70)",
        "sex": "female",
        "count": 37,
        "mean": 80.2513514338313,
        "sd": 16.3995366435687,
        "q10": 58.9,
        "q25": 69.5999984741211,
        "q50": 77.5999984741211,
        "q75": 92.9000015258789,
        "q90": 98.1799987792969
      },
      {
        "track": "lab.scores.GFR_MDRD",
        "dtime": "[1,2)",
        "dt": 1.5,
        "group": "control",
        "age": "[60,70)",
        "sex": "male",
        "count": 28990,
        "mean": 76.334573987426,
        "sd": 16.0764024500124,
        "q10": 59.5,
        "q25": 66,
        "q50": 74.3000030517578,
        "q75": 85.5,
        "q90": 95.8000030517578
      },
      {
        "track": "lab.scores.GFR_MDRD",
        "dtime": "[1,2)",
        "dt": 1.5,
        "group": "control",
        "age": "[60,70)",
        "sex": "female",
        "count": 31054,
        "mean": 77.2460906735297,
        "sd": 16.7564832465493,
        "q10": 58.5,
        "q25": 65.5999984741211,
        "q50": 75.1999969482422,
        "q75": 86.8000030517578,
        "q90": 97.8000030517578
      },
      {
        "track": "lab.scores.GFR_MDRD",
        "dtime": "[2,3)",
        "dt": 2.5,
        "group": "cohort",
        "age": "[60,70)",
        "sex": "male",
        "count": 111,
        "mean": 76.9153155765018,
        "sd": 15.9749420924505,
        "q10": 60.7000007629395,
        "q25": 67.0499992370605,
        "q50": 75,
        "q75": 84.2999992370605,
        "q90": 96
      },
      {
        "track": "lab.scores.GFR_MDRD",
        "dtime": "[2,3)",
        "dt": 2.5,
        "group": "cohort",
        "age": "[60,70)",
        "sex": "female",
        "count": 41,
        "mean": 77.9999994417516,
        "sd": 11.7471274334333,
        "q10": 62.7000007629395,
        "q25": 71.0999984741211,
        "q50": 76.8000030517578,
        "q75": 84.4000015258789,
        "q90": 95.8000030517578
      },
      {
        "track": "lab.scores.GFR_MDRD",
        "dtime": "[2,3)",
        "dt": 2.5,
        "group": "control",
        "age": "[60,70)",
        "sex": "male",
        "count": 27100,
        "mean": 75.9090996209986,
        "sd": 17.4907532643104,
        "q10": 59.2000007629395,
        "q25": 65.5999984741211,
        "q50": 73.6999969482422,
        "q75": 84.8000030517578,
        "q90": 95.1999969482422
      },
      {
        "track": "lab.scores.GFR_MDRD",
        "dtime": "[2,3)",
        "dt": 2.5,
        "group": "control",
        "age": "[60,70)",
        "sex": "female",
        "count": 29995,
        "mean": 76.6780396945398,
        "sd": 17.231178296638,
        "q10": 57.9000015258789,
        "q25": 64.9000015258789,
        "q50": 74.5999984741211,
        "q75": 86.5,
        "q90": 97.5999984741211
      },
      {
        "track": "lab.scores.GFR_MDRD",
        "dtime": "[3,4)",
        "dt": 3.5,
        "group": "cohort",
        "age": "[60,70)",
        "sex": "male",
        "count": 125,
        "mean": 75.2679997558594,
        "sd": 14.9454849614856,
        "q10": 57.8800003051758,
        "q25": 66.3000030517578,
        "q50": 72.9000015258789,
        "q75": 87.3000030517578,
        "q90": 95.0000015258789
      },
      {
        "track": "lab.scores.GFR_MDRD",
        "dtime": "[3,4)",
        "dt": 3.5,
        "group": "cohort",
        "age": "[60,70)",
        "sex": "female",
        "count": 47,
        "mean": 75.5659575766705,
        "sd": 14.6085340631509,
        "q10": 58.8600006103516,
        "q25": 63.6499996185303,
        "q50": 74.8000030517578,
        "q75": 85.6000022888184,
        "q90": 95.8399978637695
      },
      {
        "track": "lab.scores.GFR_MDRD",
        "dtime": "[3,4)",
        "dt": 3.5,
        "group": "control",
        "age": "[60,70)",
        "sex": "male",
        "count": 25262,
        "mean": 75.4234819004894,
        "sd": 17.0510201043419,
        "q10": 58.5,
        "q25": 65.1999969482422,
        "q50": 73.4000015258789,
        "q75": 84.3000030517578,
        "q90": 95
      },
      {
        "track": "lab.scores.GFR_MDRD",
        "dtime": "[3,4)",
        "dt": 3.5,
        "group": "control",
        "age": "[60,70)",
        "sex": "female",
        "count": 28978,
        "mean": 76.0026434016217,
        "sd": 16.872283322889,
        "q10": 57.2000007629395,
        "q25": 64.4000015258789,
        "q50": 74,
        "q75": 85.8000030517578,
        "q90": 96.8000030517578
      },
      {
        "track": "lab.scores.GFR_MDRD",
        "dtime": "[4,5)",
        "dt": 4.5,
        "group": "cohort",
        "age": "[60,70)",
        "sex": "male",
        "count": 130,
        "mean": 71.7292306313148,
        "sd": 17.3798309113469,
        "q10": 53.4499984741211,
        "q25": 61.8749990463257,
        "q50": 71.2999992370605,
        "q75": 80.8500003814697,
        "q90": 94.2099983215332
      },
      {
        "track": "lab.scores.GFR_MDRD",
        "dtime": "[4,5)",
        "dt": 4.5,
        "group": "cohort",
        "age": "[60,70)",
        "sex": "female",
        "count": 41,
        "mean": 77.5121951219512,
        "sd": 17.3993846224373,
        "q10": 56.9000015258789,
        "q25": 65.5999984741211,
        "q50": 75.3000030517578,
        "q75": 86.0999984741211,
        "q90": 100.599998474121
      },
      {
        "track": "lab.scores.GFR_MDRD",
        "dtime": "[4,5)",
        "dt": 4.5,
        "group": "control",
        "age": "[60,70)",
        "sex": "male",
        "count": 23444,
        "mean": 74.8954103600429,
        "sd": 17.3243578754316,
        "q10": 57.7999992370605,
        "q25": 64.6999969482422,
        "q50": 72.9000015258789,
        "q75": 84,
        "q90": 94.5999984741211
      },
      {
        "track": "lab.scores.GFR_MDRD",
        "dtime": "[4,5)",
        "dt": 4.5,
        "group": "control",
        "age": "[60,70)",
        "sex": "female",
        "count": 27854,
        "mean": 75.6209126164534,
        "sd": 17.2617349319714,
        "q10": 56.7000007629395,
        "q25": 63.9000015258789,
        "q50": 73.4000015258789,
        "q75": 85.5999984741211,
        "q90": 96.5
      }
    ],
    "figures": null,
    "messageType": "chronicDiseaseCohorts.report",
    "requestId": "0732d95d-e018-4919-a02e-30683b05a8eb",
    "cohortId": "c_f74b9c92bc0517005234279f26646e4a"
  },
  "id": "b7433d1f-8ec6-43b3-9538-2724bebbfada"
}