{
  "data": {
    "type": "lab",
    "data": [
      {
        "track": "lab.scores.GFR_MDRD",
        "dtime": "[-5,-4)",
        "dt": -4.5,
        "group": "cohort",
        "age": "[60,70)",
        "sex": "male",
        "count": 2,
        "mean": 87,
        "sd": 9.33380735374378,
        "q10": 81.7200012207031,
        "q25": 83.7000007629395,
        "q50": 87,
        "q75": 90.2999992370605,
        "q90": 92.2799987792969
      },
      {
        "track": "lab.scores.GFR_MDRD",
        "dtime": "[-5,-4)",
        "dt": -4.5,
        "group": "control",
        "age": "[60,70)",
        "sex": "male",
        "count": 9897,
        "mean": 79.5747802506207,
        "sd": 16.8274526312128,
        "q10": 62.5999984741211,
        "q25": 68.6999969482422,
        "q50": 77.1999969482422,
        "q75": 88.5,
        "q90": 98.5
      },
      {
        "track": "lab.scores.GFR_MDRD",
        "dtime": "[-5,-4)",
        "dt": -4.5,
        "group": "control",
        "age": "[60,70)",
        "sex": "female",
        "count": 10219,
        "mean": 81.6026616921944,
        "sd": 19.8844839260873,
        "q10": 62.5,
        "q25": 70.4000015258789,
        "q50": 79.9000015258789,
        "q75": 91,
        "q90": 102.199996948242
      },
      {
        "track": "lab.scores.GFR_MDRD",
        "dtime": "[-4,-3)",
        "dt": -3.5,
        "group": "cohort",
        "age": "[60,70)",
        "sex": "male",
        "count": 9,
        "mean": 82.8333329094781,
        "sd": 10.433599977976,
        "q10": 73.1599998474121,
        "q25": 77.6999969482422,
        "q50": 84.4000015258789,
        "q75": 88.8000030517578,
        "q90": 91.4599975585937
      },
      {
        "track": "lab.scores.GFR_MDRD",
        "dtime": "[-4,-3)",
        "dt": -3.5,
        "group": "control",
        "age": "[60,70)",
        "sex": "male",
        "count": 17444,
        "mean": 79.0568676851015,
        "sd": 16.0353426678721,
        "q10": 62.0999984741211,
        "q25": 68.3000030517578,
        "q50": 76.5999984741211,
        "q75": 88,
        "q90": 98.1999969482422
      },
      {
        "track": "lab.scores.GFR_MDRD",
        "dtime": "[-4,-3)",
        "dt": -3.5,
        "group": "control",
        "age": "[60,70)",
        "sex": "female",
        "count": 18108,
        "mean": 80.6940633843797,
        "sd": 17.3165056870831,
        "q10": 62.0999984741211,
        "q25": 69.3000030517578,
        "q50": 78.9000015258789,
        "q75": 90.0999984741211,
        "q90": 101.199996948242
      },
      {
        "track": "lab.scores.GFR_MDRD",
        "dtime": "[-3,-2)",
        "dt": -2.5,
        "group": "cohort",
        "age": "[60,70)",
        "sex": "male",
        "count": 21,
        "mean": 87.257143838065,
        "sd": 13.1691139605724,
        "q10": 72.9000015258789,
        "q25": 78,
        "q50": 88.5,
        "q75": 91,
        "q90": 103.300003051758
      },
      {
        "track": "lab.scores.GFR_MDRD",
        "dtime": "[-3,-2)",
        "dt": -2.5,
        "group": "cohort",
        "age": "[60,70)",
        "sex": "female",
        "count": 4,
        "mean": 80.2749996185303,
        "sd": 8.73627472137231,
        "q10": 72.6899993896484,
        "q25": 72.8250007629395,
        "q50": 79.7999992370605,
        "q75": 87.2499980926514,
        "q90": 88.2400001525879
      },
      {
        "track": "lab.scores.GFR_MDRD",
        "dtime": "[-3,-2)",
        "dt": -2.5,
        "group": "control",
        "age": "[60,70)",
        "sex": "male",
        "count": 26121,
        "mean": 78.5178668652334,
        "sd": 16.0507830682355,
        "q10": 61.5999984741211,
        "q25": 67.9000015258789,
        "q50": 76.0999984741211,
        "q75": 87.5,
        "q90": 97.5
      },
      {
        "track": "lab.scores.GFR_MDRD",
        "dtime": "[-3,-2)",
        "dt": -2.5,
        "group": "control",
        "age": "[60,70)",
        "sex": "female",
        "count": 27079,
        "mean": 79.8879316038631,
        "sd": 17.1828515375474,
        "q10": 61.5,
        "q25": 68.5999984741211,
        "q50": 78,
        "q75": 89.1999969482422,
        "q90": 100.199996948242
      },
      {
        "track": "lab.scores.GFR_MDRD",
        "dtime": "[-2,-1)",
        "dt": -1.5,
        "group": "cohort",
        "age": "[60,70)",
        "sex": "male",
        "count": 36,
        "mean": 84.4166677263048,
        "sd": 14.1898051163001,
        "q10": 70.4500007629395,
        "q25": 75.0750026702881,
        "q50": 81,
        "q75": 91.2000026702881,
        "q90": 99
      },
      {
        "track": "lab.scores.GFR_MDRD",
        "dtime": "[-2,-1)",
        "dt": -1.5,
        "group": "cohort",
        "age": "[60,70)",
        "sex": "female",
        "count": 19,
        "mean": 84.0105257536236,
        "sd": 13.7438826805625,
        "q10": 70.1399978637695,
        "q25": 72.7000007629395,
        "q50": 82.4000015258789,
        "q75": 91.1999969482422,
        "q90": 99.3199981689453
      },
      {
        "track": "lab.scores.GFR_MDRD",
        "dtime": "[-2,-1)",
        "dt": -1.5,
        "group": "control",
        "age": "[60,70)",
        "sex": "male",
        "count": 29902,
        "mean": 77.8628085212288,
        "sd": 17.7669244968732,
        "q10": 61,
        "q25": 67.3000030517578,
        "q50": 75.5,
        "q75": 86.9000015258789,
        "q90": 97
      },
      {
        "track": "lab.scores.GFR_MDRD",
        "dtime": "[-2,-1)",
        "dt": -1.5,
        "group": "control",
        "age": "[60,70)",
        "sex": "female",
        "count": 30744,
        "mean": 79.5011189140878,
        "sd": 17.0559053553403,
        "q10": 60.9000015258789,
        "q25": 68.0999984741211,
        "q50": 77.6999969482422,
        "q75": 88.8000030517578,
        "q90": 99.9000015258789
      },
      {
        "track": "lab.scores.GFR_MDRD",
        "dtime": "[-1,0)",
        "dt": -0.5,
        "group": "cohort",
        "age": "[60,70)",
        "sex": "male",
        "count": 37,
        "mean": 80.5162158656765,
        "sd": 12.1061394990095,
        "q10": 67.4400024414062,
        "q25": 72.0999984741211,
        "q50": 77.5999984741211,
        "q75": 89.0999984741211,
        "q90": 94.1600006103516
      },
      {
        "track": "lab.scores.GFR_MDRD",
        "dtime": "[-1,0)",
        "dt": -0.5,
        "group": "cohort",
        "age": "[60,70)",
        "sex": "female",
        "count": 20,
        "mean": 81.6850002288818,
        "sd": 19.0308417648354,
        "q10": 64.9900001525879,
        "q25": 70.7750015258789,
        "q50": 79.25,
        "q75": 88.4750022888184,
        "q90": 93.2699996948242
      },
      {
        "track": "lab.scores.GFR_MDRD",
        "dtime": "[-1,0)",
        "dt": -0.5,
        "group": "control",
        "age": "[60,70)",
        "sex": "male",
        "count": 31011,
        "mean": 77.4933926640215,
        "sd": 17.0522966083359,
        "q10": 60.4000015258789,
        "q25": 66.8000030517578,
        "q50": 75.0999984741211,
        "q75": 86.5999984741211,
        "q90": 96.8000030517578
      },
      {
        "track": "lab.scores.GFR_MDRD",
        "dtime": "[-1,0)",
        "dt": -0.5,
        "group": "control",
        "age": "[60,70)",
        "sex": "female",
        "count": 31863,
        "mean": 78.5623105176068,
        "sd": 17.1392963595988,
        "q10": 60.0999984741211,
        "q25": 67,
        "q50": 76.6999969482422,
        "q75": 87.9000015258789,
        "q90": 99.0999984741211
      },
      {
        "track": "lab.scores.GFR_MDRD",
        "dtime": "[0,1)",
        "dt": 0.5,
        "group": "cohort",
        "age": "[60,70)",
        "sex": "male",
        "count": 78,
        "mean": 77.9653848012288,
        "sd": 13.3322560119566,
        "q10": 62.3100002288818,
        "q25": 68.1999988555908,
        "q50": 77.7999992370605,
        "q75": 85.9499988555908,
        "q90": 93.9500030517578
      },
      {
        "track": "lab.scores.GFR_MDRD",
        "dtime": "[0,1)",
        "dt": 0.5,
        "group": "cohort",
        "age": "[60,70)",
        "sex": "female",
        "count": 41,
        "mean": 78.9146345185071,
        "sd": 16.5724108036176,
        "q10": 60.2999992370605,
        "q25": 68.0999984741211,
        "q50": 77,
        "q75": 88.8000030517578,
        "q90": 96.5999984741211
      },
      {
        "track": "lab.scores.GFR_MDRD",
        "dtime": "[0,1)",
        "dt": 0.5,
        "group": "control",
        "age": "[60,70)",
        "sex": "male",
        "count": 31202,
        "mean": 76.8764373882483,
        "sd": 16.9310251191777,
        "q10": 60,
        "q25": 66.4000015258789,
        "q50": 74.5999984741211,
        "q75": 86,
        "q90": 96.1999969482422
      },
      {
        "track": "lab.scores.GFR_MDRD",
        "dtime": "[0,1)",
        "dt": 0.5,
        "group": "control",
        "age": "[60,70)",
        "sex": "female",
        "count": 32256,
        "mean": 78.0731119883232,
        "sd": 16.9940522273904,
        "q10": 59.2000007629395,
        "q25": 66.3000030517578,
        "q50": 76.3000030517578,
        "q75": 87.5,
        "q90": 98.6999969482422
      },
      {
        "track": "lab.scores.GFR_MDRD",
        "dtime": "[1,2)",
        "dt": 1.5,
        "group": "cohort",
        "age": "[60,70)",
        "sex": "male",
        "count": 93,
        "mean": 75.9526882376722,
        "sd": 16.7788663308881,
        "q10": 60.3199996948242,
        "q25": 65.8000030517578,
        "q50": 74,
        "q75": 85.6999969482422,
        "q90": 94.2400009155273
      },
      {
        "track": "lab.scores.GFR_MDRD",
        "dtime": "[1,2)",
        "dt": 1.5,
        "group": "cohort",
        "age": "[60,70)",
        "sex": "female",
        "count": 37,
        "mean": 80.5486490404284,
        "sd": 18.6490493099099,
        "q10": 60.9400009155273,
        "q25": 64.0999984741211,
        "q50": 78.3000030517578,
        "q75": 92.9000015258789,
        "q90": 97.4600006103516
      },
      {
        "track": "lab.scores.GFR_MDRD",
        "dtime": "[1,2)",
        "dt": 1.5,
        "group": "control",
        "age": "[60,70)",
        "sex": "male",
        "count": 28990,
        "mean": 76.4148982321899,
        "sd": 16.6941577160175,
        "q10": 59.5999984741211,
        "q25": 66,
        "q50": 74.1999969482422,
        "q75": 85.5,
        "q90": 95.8000030517578
      },
      {
        "track": "lab.scores.GFR_MDRD",
        "dtime": "[1,2)",
        "dt": 1.5,
        "group": "control",
        "age": "[60,70)",
        "sex": "female",
        "count": 31054,
        "mean": 77.403500346842,
        "sd": 16.9486812456444,
        "q10": 58.7999992370605,
        "q25": 65.6999969482422,
        "q50": 75.4000015258789,
        "q75": 86.9000015258789,
        "q90": 98.0999984741211
      },
      {
        "track": "lab.scores.GFR_MDRD",
        "dtime": "[2,3)",
        "dt": 2.5,
        "group": "cohort",
        "age": "[60,70)",
        "sex": "male",
        "count": 111,
        "mean": 75.5900903822066,
        "sd": 14.8987367357059,
        "q10": 60,
        "q25": 66.8499984741211,
        "q50": 74.1999969482422,
        "q75": 85.6500015258789,
        "q90": 93.5999984741211
      },
      {
        "track": "lab.scores.GFR_MDRD",
        "dtime": "[2,3)",
        "dt": 2.5,
        "group": "cohort",
        "age": "[60,70)",
        "sex": "female",
        "count": 41,
        "mean": 77.9512192330709,
        "sd": 12.342915926731,
        "q10": 61.9000015258789,
        "q25": 71.1999969482422,
        "q50": 78.0999984741211,
        "q75": 86.3000030517578,
        "q90": 95.8000030517578
      },
      {
        "track": "lab.scores.GFR_MDRD",
        "dtime": "[2,3)",
        "dt": 2.5,
        "group": "control",
        "age": "[60,70)",
        "sex": "male",
        "count": 27100,
        "mean": 75.8511291543672,
        "sd": 16.7067990291275,
        "q10": 59,
        "q25": 65.5999984741211,
        "q50": 73.6999969482422,
        "q75": 84.8000030517578,
        "q90": 95.3000030517578
      },
      {
        "track": "lab.scores.GFR_MDRD",
        "dtime": "[2,3)",
        "dt": 2.5,
        "group": "control",
        "age": "[60,70)",
        "sex": "female",
        "count": 29995,
        "mean": 76.7662877263894,
        "sd": 17.2807973617288,
        "q10": 57.9000015258789,
        "q25": 65,
        "q50": 74.8000030517578,
        "q75": 86.5,
        "q90": 97.6999969482422
      },
      {
        "track": "lab.scores.GFR_MDRD",
        "dtime": "[3,4)",
        "dt": 3.5,
        "group": "cohort",
        "age": "[60,70)",
        "sex": "male",
        "count": 125,
        "mean": 77.5527999572754,
        "sd": 15.2299820993455,
        "q10": 60.0999984741211,
        "q25": 67.8000030517578,
        "q50": 75.1999969482422,
        "q75": 87.5,
        "q90": 96.7800003051758
      },
      {
        "track": "lab.scores.GFR_MDRD",
        "dtime": "[3,4)",
        "dt": 3.5,
        "group": "cohort",
        "age": "[60,70)",
        "sex": "female",
        "count": 47,
        "mean": 78.1489359267214,
        "sd": 18.1150771440925,
        "q10": 58.8600006103516,
        "q25": 65.1499977111816,
        "q50": 76.0999984741211,
        "q75": 87.25,
        "q90": 98.5800003051758
      },
      {
        "track": "lab.scores.GFR_MDRD",
        "dtime": "[3,4)",
        "dt": 3.5,
        "group": "control",
        "age": "[60,70)",
        "sex": "male",
        "count": 25262,
        "mean": 75.4347122150252,
        "sd": 17.318384558984,
        "q10": 58.2999992370605,
        "q25": 65.0999984741211,
        "q50": 73.4000015258789,
        "q75": 84.5,
        "q90": 95.0999984741211
      },
      {
        "track": "lab.scores.GFR_MDRD",
        "dtime": "[3,4)",
        "dt": 3.5,
        "group": "control",
        "age": "[60,70)",
        "sex": "female",
        "count": 28978,
        "mean": 76.11071157828,
        "sd": 17.0156338576365,
        "q10": 57.2999992370605,
        "q25": 64.5,
        "q50": 74.0999984741211,
        "q75": 85.9000015258789,
        "q90": 96.9000015258789
      },
      {
        "track": "lab.scores.GFR_MDRD",
        "dtime": "[4,5)",
        "dt": 4.5,
        "group": "cohort",
        "age": "[60,70)",
        "sex": "male",
        "count": 130,
        "mean": 72.408461365333,
        "sd": 16.0289712396936,
        "q10": 56.589998626709,
        "q25": 64.0499992370605,
        "q50": 70.1499977111816,
        "q75": 79.6499977111816,
        "q90": 94.5800003051758
      },
      {
        "track": "lab.scores.GFR_MDRD",
        "dtime": "[4,5)",
        "dt": 4.5,
        "group": "cohort",
        "age": "[60,70)",
        "sex": "female",
        "count": 41,
        "mean": 77.1048781232136,
        "sd": 16.160599156694,
        "q10": 61.2000007629395,
        "q25": 67.5,
        "q50": 74.1999969482422,
        "q75": 85.5999984741211,
        "q90": 100.599998474121
      },
      {
        "track": "lab.scores.GFR_MDRD",
        "dtime": "[4,5)",
        "dt": 4.5,
        "group": "control",
        "age": "[60,70)",
        "sex": "male",
        "count": 23444,
        "mean": 74.8250597057836,
        "sd": 16.8981969655049,
        "q10": 57.9000015258789,
        "q25": 64.6999969482422,
        "q50": 73,
        "q75": 83.9000015258789,
        "q90": 94.4000015258789
      },
      {
        "track": "lab.scores.GFR_MDRD",
        "dtime": "[4,5)",
        "dt": 4.5,
        "group": "control",
        "age": "[60,70)",
        "sex": "female",
        "count": 27854,
        "mean": 75.6078337037641,
        "sd": 17.4514433033107,
        "q10": 56.7000007629395,
        "q25": 63.9000015258789,
        "q50": 73.5,
        "q75": 85.5,
        "q90": 96.3000030517578
      }
    ],
    "figures": null,
    "messageType": "chronicDiseaseCohorts.report",
    "requestId": "b3e19afe-152d-421a-9f39-23e1aeeb3d45",
    "cohortId": "c_f74b9c92bc0517005234279f26646e4a"
  },
  "id": "b3e19afe-152d-421a-9f39-23e1aeeb3d45"
}