{
  "messageType": "chronicDiseaseCohorts.buildCohort",
  "cohortId": "c_79b7bedd53776ecb75c2c8e42b01997f",
  "cohort": {
    "name": "DIABETES_WITH_KETOACIDOSIS",
    "id": "c_79b7bedd53776ecb75c2c8e42b01997f",
    "inclusionCriteria": [
      {
        "enabled": true,
        "type": "ICD9",
        "label": "250.1* DIABETES WITH KETOACIDOSIS",
        "track": "icd9_250.1"
      }
    ],
    "requiredFilter": [],
    "excludeFilter": [
      {
        "enabled": true,
        "type": "ICD9",
        "label": "413 ANGINA PECTORIS",
        "stime": -3650,
        "etime": 0,
        "track": "icd9_413_"
      },
      {
        "enabled": true,
        "type": "ICD9",
        "label": "713.5* ARTHROPATHY ASSOCIATED WITH NEUROLOGICAL DISORDERS",
        "stime": -3650,
        "etime": 0,
        "track": "icd9_713.5"
      },
      {
        "enabled": true,
        "type": "ICD9",
        "label": "Z14.2* DESTRUCTION OF LESION OF RETINA AND CHOROID",
        "stime": -3650,
        "etime": 0,
        "track": "icd9_Z14.2"
      },
      {
        "enabled": true,
        "type": "ICD9",
        "label": "253.5* DIABETES INSIPIDUS",
        "stime": -3650,
        "etime": 0,
        "track": "icd9_253.5"
      },
      {
        "enabled": true,
        "type": "ICD9",
        "label": "648.0* DIABETES MELLITUS COMPLIC.PREGNANCY,CHILDBIRTH,OR THE PUERPERIUM",
        "stime": -3650,
        "etime": 0,
        "track": "icd9_648.0"
      },
      {
        "enabled": true,
        "type": "ICD9",
        "label": "250.5* DIABETES WITH OPHTHALMIC MANIFESTATIONS",
        "stime": -3650,
        "etime": 0,
        "track": "icd9_250.5"
      },
      {
        "enabled": true,
        "type": "ICD9",
        "label": "250.3* DIABETES WITH OTHER COMA",
        "stime": -3650,
        "etime": 0,
        "track": "icd9_250.3"
      },
      {
        "enabled": true,
        "type": "ICD9",
        "label": "250.7* DIABETES WITH PERIPHERAL CIRCULATORY DISORDERS",
        "stime": -3650,
        "etime": 0,
        "track": "icd9_250.7"
      },
      {
        "enabled": true,
        "type": "ICD9",
        "label": "250.9* DIABETES WITH UNSPECIFIED COMPLICATION",
        "stime": -3650,
        "etime": 0,
        "track": "icd9_250.9"
      },
      {
        "enabled": true,
        "type": "ICD9",
        "label": "785.4* GANGRENE",
        "stime": -3650,
        "etime": 0,
        "track": "icd9_785.4"
      },
      {
        "enabled": true,
        "type": "ICD9",
        "label": "791.5* GLYCOSURIA",
        "stime": -3650,
        "etime": 0,
        "track": "icd9_791.5"
      },
      {
        "enabled": true,
        "type": "ICD9",
        "label": "251.2* HYPOGLYCEMIA, UNSPECIFIED",
        "stime": -3650,
        "etime": 0,
        "track": "icd9_251.2"
      },
      {
        "enabled": true,
        "type": "ICD9",
        "label": "V49.7* LOWER LIMB AMPUTATION STATUS",
        "stime": -3650,
        "etime": 0,
        "track": "icd9_V49.7"
      },
      {
        "enabled": true,
        "type": "ICD9",
        "label": "157 MALIGNANT NEOPLASM OF PANCREAS",
        "stime": -3650,
        "etime": 0,
        "track": "icd9_157_"
      },
      {
        "enabled": true,
        "type": "ICD9",
        "label": "R80.9* MICROALBUMINURIA",
        "stime": -3650,
        "etime": 0,
        "track": "icd9_R80.9"
      },
      {
        "enabled": true,
        "type": "ICD9",
        "label": "583.8* NEPHRITIS AC.OR CHR.WITH OTHER SPEC.LESIONS IN KIDNEY",
        "stime": -3650,
        "etime": 0,
        "track": "icd9_583.8"
      },
      {
        "enabled": true,
        "type": "ICD9",
        "label": "892.1* OPEN WOUND OF FOOT EXCEPT TOE(S) ALONE, COMPLICATED",
        "stime": -3650,
        "etime": 0,
        "track": "icd9_892.1"
      },
      {
        "enabled": true,
        "type": "ICD9",
        "label": "Z12.9* OPERATIONS ON IRIS, CILIARY BODY, AND ANTERIOR CHAMBER",
        "stime": -3650,
        "etime": 0,
        "track": "icd9_Z12.9"
      },
      {
        "enabled": true,
        "type": "ICD9",
        "label": "Z14.7* OPERATIONS ON VITREOUS",
        "stime": -3650,
        "etime": 0,
        "track": "icd9_Z14.7"
      },
      {
        "enabled": true,
        "type": "ICD9",
        "label": "361.8* OTHER FORMS OF RETINAL DETACHMENT",
        "stime": -3650,
        "etime": 0,
        "track": "icd9_361.8"
      },
      {
        "enabled": true,
        "type": "ICD9",
        "label": "357.2* POLYNEUROPATHY IN DIABETES",
        "stime": -3650,
        "etime": 0,
        "track": "icd9_357.2"
      },
      {
        "enabled": true,
        "type": "ICD9",
        "label": "251.3* POSTSURGICAL HYPOINSULINEMIA",
        "stime": -3650,
        "etime": 0,
        "track": "icd9_251.3"
      },
      {
        "enabled": true,
        "type": "ICD9",
        "label": "Z84.3* REVISION OF AMPUTATION STUMP",
        "stime": -3650,
        "etime": 0,
        "track": "icd9_Z84.3"
      },
      {
        "enabled": true,
        "type": "ICD9",
        "label": "249.0* SECONDARY DIABETES MELLITUS WITHOUT MENTION OF COMPLICATION",
        "stime": -3650,
        "etime": 0,
        "track": "icd9_249.0"
      },
      {
        "enabled": true,
        "type": "ICD9",
        "label": "362.9* UNSPECIFIED RETINAL DISORDER",
        "stime": -3650,
        "etime": 0,
        "track": "icd9_362.9"
      }
    ],
    "adjustOnsetTime": [],
    "isChronic": true
  }
}