{
  "data": {
    "type": "incidence_rate",
    "data": null,
    "figures": {
      "data": [
        {
          "x": [
            10,
            25,
            35,
            45,
            55,
            65,
            75,
            100
          ],
          "y": [
            0,
            1.369,
            5.736,
            10.9,
            21.387,
            42.074,
            76.16,
            98.122
          ],
          "text": [
            "age_mid:  10<br />est:  0.000<br />lwr.ci:  0.000<br />upr.ci:   0.000<br />sex: male",
            "age_mid:  25<br />est:  1.369<br />lwr.ci:  1.004<br />upr.ci:   1.734<br />sex: male",
            "age_mid:  35<br />est:  5.736<br />lwr.ci:  5.057<br />upr.ci:   6.416<br />sex: male",
            "age_mid:  45<br />est: 10.900<br />lwr.ci:  9.768<br />upr.ci:  12.032<br />sex: male",
            "age_mid:  55<br />est: 21.387<br />lwr.ci: 19.645<br />upr.ci:  23.129<br />sex: male",
            "age_mid:  65<br />est: 42.074<br />lwr.ci: 39.178<br />upr.ci:  44.969<br />sex: male",
            "age_mid:  75<br />est: 76.160<br />lwr.ci: 70.264<br />upr.ci:  82.056<br />sex: male",
            "age_mid: 100<br />est: 98.122<br />lwr.ci: 83.501<br />upr.ci: 112.742<br />sex: male"
          ],
          "type": "scatter",
          "mode": "lines",
          "opacity": 1,
          "line": {
            "color": "rgba(51,102,204,1)",
            "width": 3.77952755905512,
            "dash": "solid"
          },
          "error_y": {
            "array": [
              0,
              0.365,
              0.680000000000001,
              1.132,
              1.742,
              2.895,
              5.896,
              14.62
            ],
            "arrayminus": [
              0,
              0.365,
              0.678999999999999,
              1.132,
              1.742,
              2.896,
              5.896,
              14.621
            ],
            "type": "data",
            "width": 1.51215121512151,
            "symmetric": false,
            "color": "rgba(51,102,204,1)"
          },
          "name": "male",
          "legendgroup": "male",
          "showlegend": true,
          "xaxis": "x",
          "yaxis": "y",
          "hoverinfo": "text",
          "hoveron": "points",
          "frame": null
        },
        {
          "x": [
            10,
            25,
            35,
            45,
            55,
            65,
            75,
            100
          ],
          "y": [
            0,
            0.392,
            2.735,
            10.631,
            23.066,
            36.37,
            59.402,
            68.446
          ],
          "text": [
            "age_mid:  10<br />est:  0.000<br />lwr.ci:  0.000<br />upr.ci:   0.000<br />sex: female",
            "age_mid:  25<br />est:  0.392<br />lwr.ci:  0.186<br />upr.ci:   0.597<br />sex: female",
            "age_mid:  35<br />est:  2.735<br />lwr.ci:  2.249<br />upr.ci:   3.220<br />sex: female",
            "age_mid:  45<br />est: 10.631<br />lwr.ci:  9.546<br />upr.ci:  11.715<br />sex: female",
            "age_mid:  55<br />est: 23.066<br />lwr.ci: 21.401<br />upr.ci:  24.731<br />sex: female",
            "age_mid:  65<br />est: 36.370<br />lwr.ci: 33.949<br />upr.ci:  38.791<br />sex: female",
            "age_mid:  75<br />est: 59.402<br />lwr.ci: 55.231<br />upr.ci:  63.573<br />sex: female",
            "age_mid: 100<br />est: 68.446<br />lwr.ci: 60.371<br />upr.ci:  76.521<br />sex: female"
          ],
          "type": "scatter",
          "mode": "lines",
          "opacity": 1,
          "line": {
            "color": "rgba(220,57,18,1)",
            "width": 3.77952755905512,
            "dash": "solid"
          },
          "error_y": {
            "array": [
              0,
              0.205,
              0.485,
              1.084,
              1.665,
              2.421,
              4.171,
              8.075
            ],
            "arrayminus": [
              0,
              0.206,
              0.486,
              1.085,
              1.665,
              2.421,
              4.171,
              8.075
            ],
            "type": "data",
            "width": 1.51215121512151,
            "symmetric": false,
            "color": "rgba(220,57,18,1)"
          },
          "name": "female",
          "legendgroup": "female",
          "showlegend": true,
          "xaxis": "x",
          "yaxis": "y",
          "hoverinfo": "text",
          "hoveron": "points",
          "frame": null
        }
      ],
      "layout": {
        "margin": {
          "t": 23.3059360730594,
          "r": 7.30593607305936,
          "b": 37.2602739726027,
          "l": 37.2602739726027
        },
        "plot_bgcolor": "rgba(255,255,255,1)",
        "paper_bgcolor": "rgba(255,255,255,1)",
        "font": {
          "color": "rgba(0,0,0,1)",
          "family": "",
          "size": 14.6118721461187
        },
        "xaxis": {
          "domain": [
            0,
            1
          ],
          "automargin": true,
          "type": "linear",
          "autorange": false,
          "range": [
            5.005,
            104.995
          ],
          "tickmode": "array",
          "ticktext": [
            "25",
            "50",
            "75",
            "100"
          ],
          "tickvals": [
            25,
            50,
            75,
            100
          ],
          "categoryorder": "array",
          "categoryarray": [
            "25",
            "50",
            "75",
            "100"
          ],
          "nticks": null,
          "ticks": "outside",
          "tickcolor": "rgba(51,51,51,1)",
          "ticklen": 3.65296803652968,
          "tickwidth": 0.66417600664176,
          "showticklabels": true,
          "tickfont": {
            "color": "rgba(77,77,77,1)",
            "family": "",
            "size": 11.689497716895
          },
          "tickangle": 0,
          "showline": false,
          "linecolor": null,
          "linewidth": 0,
          "showgrid": true,
          "gridcolor": "rgba(235,235,235,1)",
          "gridwidth": 0.66417600664176,
          "zeroline": false,
          "anchor": "y",
          "title": {
            "text": "Age",
            "font": {
              "color": "rgba(0,0,0,1)",
              "family": "",
              "size": 14.6118721461187
            }
          },
          "hoverformat": ".2f"
        },
        "yaxis": {
          "domain": [
            0,
            1
          ],
          "automargin": true,
          "type": "linear",
          "autorange": false,
          "range": [
            -5.6371,
            118.3791
          ],
          "tickmode": "array",
          "ticktext": [
            "0",
            "30",
            "60",
            "90"
          ],
          "tickvals": [
            0,
            30,
            60,
            90
          ],
          "categoryorder": "array",
          "categoryarray": [
            "0",
            "30",
            "60",
            "90"
          ],
          "nticks": null,
          "ticks": "outside",
          "tickcolor": "rgba(51,51,51,1)",
          "ticklen": 3.65296803652968,
          "tickwidth": 0.66417600664176,
          "showticklabels": true,
          "tickfont": {
            "color": "rgba(77,77,77,1)",
            "family": "",
            "size": 11.689497716895
          },
          "tickangle": 0,
          "showline": false,
          "linecolor": null,
          "linewidth": 0,
          "showgrid": true,
          "gridcolor": "rgba(235,235,235,1)",
          "gridwidth": 0.66417600664176,
          "zeroline": false,
          "anchor": "x",
          "title": {
            "text": "Incidence rate (per 100K per year)",
            "font": {
              "color": "rgba(0,0,0,1)",
              "family": "",
              "size": 14.6118721461187
            }
          },
          "hoverformat": ".2f"
        },
        "shapes": [
          {
            "type": "rect",
            "fillcolor": "transparent",
            "line": {
              "color": "rgba(51,51,51,1)",
              "width": 0.66417600664176,
              "linetype": "solid"
            },
            "yref": "paper",
            "xref": "paper",
            "x0": 0,
            "x1": 1,
            "y0": 0,
            "y1": 1
          }
        ],
        "showlegend": true,
        "legend": {
          "bgcolor": "rgba(255,255,255,1)",
          "bordercolor": "transparent",
          "borderwidth": 1.88976377952756,
          "font": {
            "color": "rgba(0,0,0,1)",
            "family": "",
            "size": 11.689497716895
          },
          "title": {
            "text": "",
            "font": {
              "color": "rgba(0,0,0,1)",
              "family": "",
              "size": 14.6118721461187
            }
          }
        },
        "hovermode": "closest",
        "barmode": "relative"
      }
    },
    "messageType": "chronicDiseaseCohorts.report",
    "requestId": "cffadd01-69f7-4e87-b25f-f36e18b66aed",
    "cohortId": "c_4e119a7b3d6488e8bfae3b8a184279f2"
  },
  "id": "cffadd01-69f7-4e87-b25f-f36e18b66aed"
}