{
  "messageType": "analysisDocument.genReport",
  "cohortIds": [
    "c_b0475e53c4b385489d065b1eba846603",
    "c_99e70e1c5f1b94ad5527b29e70d7125f",
    "c_56bef3eb6a1907d71a3fee360940931b"
  ],
  "report": {
    "type": "prevalence",
    "timeScope": [
      {
        "day": 1,
        "month": 1,
        "year": 2004
      },
      {
        "day": 1,
        "month": 1,
        "year": 2018
      }
    ],
    "ageBreaks": [
      0,
      20,
      30,
      40,
      50,
      60,
      70,
      80,
      120
    ],
    "cohortColors": [
      "#ff0000",
      "#ff0000",
      "#ff0000"
    ]
  }
}