{
  "messageType": "chronicDiseaseCohorts.buildCohort",
  "cohortId": "c_b0475e53c4b385489d065b1eba846603",
  "cohort": {
    "name": "DIABETES_WITH_NEUROLOGICAL_MANIFESTATIONS",
    "id": "c_b0475e53c4b385489d065b1eba846603",
    "inclusionCriteria": [
      {
        "enabled": true,
        "type": "ICD9",
        "label": "250.6* DIABETES WITH NEUROLOGICAL MANIFESTATIONS",
        "track": "icd9_250.6"
      }
    ],
    "requiredFilter": [],
    "excludeFilter": [
      {
        "enabled": true,
        "negate": false,
        "type": "ICD9",
        "label": "Z84.1* AMPUTATION OF LOWER LIMB",
        "stime": -3650,
        "etime": 0,
        "track": "icd9_Z84.1"
      },
      {
        "enabled": true,
        "negate": false,
        "type": "ICD9",
        "label": "266.0* ARIBOFLAVINOSIS",
        "stime": -3650,
        "etime": 0,
        "track": "icd9_266.0"
      },
      {
        "enabled": true,
        "negate": false,
        "type": "ICD9",
        "label": "585.3* CHRONIC KIDNEY DISEASE, STAGE III (MODERATE)",
        "stime": -3650,
        "etime": 0,
        "track": "icd9_585.3"
      },
      {
        "enabled": true,
        "negate": false,
        "type": "ICD9",
        "label": "Z14.2* DESTRUCTION OF LESION OF RETINA AND CHOROID",
        "stime": -3650,
        "etime": 0,
        "track": "icd9_Z14.2"
      },
      {
        "enabled": true,
        "negate": false,
        "type": "ICD9",
        "label": "583.8* NEPHRITIS AC.OR CHR.WITH OTHER SPEC.LESIONS IN KIDNEY",
        "stime": -3650,
        "etime": 0,
        "track": "icd9_583.8"
      },
      {
        "enabled": true,
        "negate": false,
        "type": "ICD9",
        "label": "581.8* NEPHROTIC SYN.WITH OTHER SPEC.PATHOLOGICAL LESION IN KIDNEY",
        "stime": -3650,
        "etime": 0,
        "track": "icd9_581.8"
      },
      {
        "enabled": true,
        "negate": false,
        "type": "ICD9",
        "label": "581.9* NEPHROTIC SYNDROME WITH UNSP.PATHOLOGICAL LESION IN KIDNEY",
        "stime": -3650,
        "etime": 0,
        "track": "icd9_581.9"
      },
      {
        "enabled": true,
        "negate": false,
        "type": "ICD9",
        "label": "892.0* OPEN WOUND OF FOOT EXCEPT TOE(S) ALONE,WITHOUT COMPLICATION",
        "stime": -3650,
        "etime": 0,
        "track": "icd9_892.0"
      },
      {
        "enabled": true,
        "negate": false,
        "type": "ICD9",
        "label": "Z12.9* OPERATIONS ON IRIS, CILIARY BODY, AND ANTERIOR CHAMBER",
        "stime": -3650,
        "etime": 0,
        "track": "icd9_Z12.9"
      },
      {
        "enabled": true,
        "negate": false,
        "type": "ICD9",
        "label": "Z14.7* OPERATIONS ON VITREOUS",
        "stime": -3650,
        "etime": 0,
        "track": "icd9_Z14.7"
      },
      {
        "enabled": true,
        "negate": false,
        "type": "ICD9",
        "label": "731.8* OTHER BONE INVOLVEMENT IN DISEASES CLASSIFIED ELSEWHERE",
        "stime": -3650,
        "etime": 0,
        "track": "icd9_731.8"
      },
      {
        "enabled": true,
        "negate": false,
        "type": "ICD9",
        "label": "361.8* OTHER FORMS OF RETINAL DETACHMENT",
        "stime": -3650,
        "etime": 0,
        "track": "icd9_361.8"
      },
      {
        "enabled": true,
        "negate": false,
        "type": "ICD9",
        "label": "443.8* OTHER SPECIFIED PERIPHERAL VASCULAR DISEASES",
        "stime": -3650,
        "etime": 0,
        "track": "icd9_443.8"
      },
      {
        "enabled": true,
        "negate": false,
        "type": "ICD9",
        "label": "707.1* ULCER OF LOWER LIMBS, EXCEPT DECUBITUS ULCER",
        "stime": -3650,
        "etime": 0,
        "track": "icd9_707.1"
      },
      {
        "enabled": true,
        "negate": false,
        "type": "ICD9",
        "label": "730.2* UNSPECIFIED OSTEOMYELITIS",
        "stime": -3650,
        "etime": 0,
        "track": "icd9_730.2"
      }
    ],
    "adjustOnsetTime": [],
    "isChronic": true
  }
}