{
  "data": {
    "type": "age_gender",
    "data": [
      {
        "age": "[0,20)",
        "sex": "male",
        "n": 0,
        "age_mid": 10
      },
      {
        "age": "[20,30)",
        "sex": "male",
        "n": 0,
        "age_mid": 25
      },
      {
        "age": "[30,40)",
        "sex": "male",
        "n": 0,
        "age_mid": 35
      },
      {
        "age": "[40,50)",
        "sex": "male",
        "n": 204,
        "age_mid": 45
      },
      {
        "age": "[50,60)",
        "sex": "male",
        "n": 300,
        "age_mid": 55
      },
      {
        "age": "[60,70)",
        "sex": "male",
        "n": 149,
        "age_mid": 65
      },
      {
        "age": "[70,80)",
        "sex": "male",
        "n": 7,
        "age_mid": 75
      },
      {
        "age": "[80,120)",
        "sex": "male",
        "n": 0,
        "age_mid": 100
      },
      {
        "age": "[0,20)",
        "sex": "female",
        "n": 0,
        "age_mid": 10
      },
      {
        "age": "[20,30)",
        "sex": "female",
        "n": 0,
        "age_mid": 25
      },
      {
        "age": "[30,40)",
        "sex": "female",
        "n": 0,
        "age_mid": 35
      },
      {
        "age": "[40,50)",
        "sex": "female",
        "n": 108,
        "age_mid": 45
      },
      {
        "age": "[50,60)",
        "sex": "female",
        "n": 210,
        "age_mid": 55
      },
      {
        "age": "[60,70)",
        "sex": "female",
        "n": 55,
        "age_mid": 65
      },
      {
        "age": "[70,80)",
        "sex": "female",
        "n": 4,
        "age_mid": 75
      },
      {
        "age": "[80,120)",
        "sex": "female",
        "n": 0,
        "age_mid": 100
      }
    ],
    "figures": null,
    "messageType": "chronicDiseaseCohorts.report",
    "requestId": "007e0c88-bcf0-42e4-b76f-db37a555a966",
    "cohortId": "c_f74b9c92bc0517005234279f26646e4a"
  },
  "id": "007e0c88-bcf0-42e4-b76f-db37a555a966"
}