{
  "data": {
    "type": "lab_clusters",
    "data": null,
    "figures": {
      "trends": {
        "20100 GLUCOSE- BLOOD normalized": {
          "21200 CHOLESTEROL normalized": "480ae336-a3dd-4a2c-9007-4141beb3d177.c_c_f74b9c92bc0517005234279f26646e4a.cluster_trends_lab.20100.norm_lab.21200.norm.png"
        },
        "21200 CHOLESTEROL normalized": {
          "20100 GLUCOSE- BLOOD normalized": "480ae336-a3dd-4a2c-9007-4141beb3d177.c_c_f74b9c92bc0517005234279f26646e4a.cluster_trends_lab.21200.norm_lab.20100.norm.png"
        }
      }
    },
    "messageType": "chronicDiseaseCohorts.report",
    "requestId": "480ae336-a3dd-4a2c-9007-4141beb3d177",
    "cohortId": "c_f74b9c92bc0517005234279f26646e4a"
  },
  "id": "dd525d0f-c343-4023-b604-9d20fd36af18"
}