{
  "data": {
    "type": "medication",
    "data": [
      {
        "year": 2004,
        "sex": "male",
        "n": 2,
        "track_name": "WZMN.med.BENAZEPRIL",
        "med": "BENAZEPRIL"
      },
      {
        "year": 2004,
        "sex": "female",
        "n": 4,
        "track_name": "WZMN.med.BENAZEPRIL",
        "med": "BENAZEPRIL"
      },
      {
        "year": 2005,
        "sex": "male",
        "n": 1,
        "track_name": "WZMN.med.BENAZEPRIL",
        "med": "BENAZEPRIL"
      },
      {
        "year": 2005,
        "sex": "female",
        "n": 2,
        "track_name": "WZMN.med.BENAZEPRIL",
        "med": "BENAZEPRIL"
      },
      {
        "year": 2006,
        "sex": "male",
        "n": 3,
        "track_name": "WZMN.med.BENAZEPRIL",
        "med": "BENAZEPRIL"
      },
      {
        "year": 2006,
        "sex": "female",
        "n": 4,
        "track_name": "WZMN.med.BENAZEPRIL",
        "med": "BENAZEPRIL"
      },
      {
        "year": 2007,
        "sex": "male",
        "n": 6,
        "track_name": "WZMN.med.BENAZEPRIL",
        "med": "BENAZEPRIL"
      },
      {
        "year": 2007,
        "sex": "female",
        "n": 4,
        "track_name": "WZMN.med.BENAZEPRIL",
        "med": "BENAZEPRIL"
      },
      {
        "year": 2008,
        "sex": "male",
        "n": 4,
        "track_name": "WZMN.med.BENAZEPRIL",
        "med": "BENAZEPRIL"
      },
      {
        "year": 2008,
        "sex": "female",
        "n": 1,
        "track_name": "WZMN.med.BENAZEPRIL",
        "med": "BENAZEPRIL"
      },
      {
        "year": 2009,
        "sex": "male",
        "n": 3,
        "track_name": "WZMN.med.BENAZEPRIL",
        "med": "BENAZEPRIL"
      }
    ],
    "figures": null,
    "messageType": "chronicDiseaseCohorts.report",
    "requestId": "0b40d8d2-f258-425d-a3a4-c0072d20e7dd",
    "cohortId": "c_f74b9c92bc0517005234279f26646e4a"
  },
  "id": "0b40d8d2-f258-425d-a3a4-c0072d20e7dd"
}