{
  "data": {
    "type": "lab_clusters",
    "data": null,
    "figures": {
      "trends": {
        "20100 GLUCOSE- BLOOD normalized": {
          "21200 CHOLESTEROL normalized": "df10e7b8-98aa-4513-9336-b2cf6986639d.c_c_f74b9c92bc0517005234279f26646e4a.cluster_trends_lab.20100.norm_lab.21200.norm.png"
        },
        "21200 CHOLESTEROL normalized": {
          "20100 GLUCOSE- BLOOD normalized": "df10e7b8-98aa-4513-9336-b2cf6986639d.c_c_f74b9c92bc0517005234279f26646e4a.cluster_trends_lab.21200.norm_lab.20100.norm.png"
        }
      }
    },
    "messageType": "chronicDiseaseCohorts.report",
    "requestId": "df10e7b8-98aa-4513-9336-b2cf6986639d",
    "cohortId": "c_f74b9c92bc0517005234279f26646e4a"
  },
  "id": "df10e7b8-98aa-4513-9336-b2cf6986639d"
}