{
  "data": {
    "type": "lab_clusters",
    "data": null,
    "figures": {
      "trends": {
        "20100 GLUCOSE- BLOOD normalized": {
          "21200 CHOLESTEROL normalized": "40b4089b-3875-4677-8079-bb6e72457049.c_c_f74b9c92bc0517005234279f26646e4a.cluster_trends_lab.20100.norm_lab.21200.norm.png"
        },
        "21200 CHOLESTEROL normalized": {
          "20100 GLUCOSE- BLOOD normalized": "40b4089b-3875-4677-8079-bb6e72457049.c_c_f74b9c92bc0517005234279f26646e4a.cluster_trends_lab.21200.norm_lab.20100.norm.png"
        }
      }
    },
    "messageType": "chronicDiseaseCohorts.report",
    "requestId": "40b4089b-3875-4677-8079-bb6e72457049",
    "cohortId": "c_f74b9c92bc0517005234279f26646e4a"
  },
  "id": "40b4089b-3875-4677-8079-bb6e72457049"
}