{
  "data": {
    "type": "year_gender",
    "data": [
      {
        "year": "[2004,2005)",
        "sex": "male",
        "n": 414
      },
      {
        "year": "[2005,2006)",
        "sex": "male",
        "n": 147
      },
      {
        "year": "[2006,2007)",
        "sex": "male",
        "n": 54
      },
      {
        "year": "[2007,2008)",
        "sex": "male",
        "n": 21
      },
      {
        "year": "[2008,2009)",
        "sex": "male",
        "n": 8
      },
      {
        "year": "[2009,2010)",
        "sex": "male",
        "n": 7
      },
      {
        "year": "[2010,2011)",
        "sex": "male",
        "n": 5
      },
      {
        "year": "[2011,2012)",
        "sex": "male",
        "n": 0
      },
      {
        "year": "[2012,2013)",
        "sex": "male",
        "n": 2
      },
      {
        "year": "[2013,2014)",
        "sex": "male",
        "n": 1
      },
      {
        "year": "[2014,2015)",
        "sex": "male",
        "n": 0
      },
      {
        "year": "[2015,2016)",
        "sex": "male",
        "n": 1
      },
      {
        "year": "[2016,2017)",
        "sex": "male",
        "n": 0
      },
      {
        "year": "[2017,2018)",
        "sex": "male",
        "n": 0
      },
      {
        "year": "[2004,2005)",
        "sex": "female",
        "n": 263
      },
      {
        "year": "[2005,2006)",
        "sex": "female",
        "n": 77
      },
      {
        "year": "[2006,2007)",
        "sex": "female",
        "n": 24
      },
      {
        "year": "[2007,2008)",
        "sex": "female",
        "n": 8
      },
      {
        "year": "[2008,2009)",
        "sex": "female",
        "n": 1
      },
      {
        "year": "[2009,2010)",
        "sex": "female",
        "n": 3
      },
      {
        "year": "[2010,2011)",
        "sex": "female",
        "n": 0
      },
      {
        "year": "[2011,2012)",
        "sex": "female",
        "n": 0
      },
      {
        "year": "[2012,2013)",
        "sex": "female",
        "n": 1
      },
      {
        "year": "[2013,2014)",
        "sex": "female",
        "n": 0
      },
      {
        "year": "[2014,2015)",
        "sex": "female",
        "n": 0
      },
      {
        "year": "[2015,2016)",
        "sex": "female",
        "n": 0
      },
      {
        "year": "[2016,2017)",
        "sex": "female",
        "n": 0
      },
      {
        "year": "[2017,2018)",
        "sex": "female",
        "n": 0
      }
    ],
    "figures": null,
    "messageType": "chronicDiseaseCohorts.report",
    "requestId": "c6579207-cd07-4f6b-b8d2-25caf3e6fe27",
    "cohortId": "c_f74b9c92bc0517005234279f26646e4a"
  },
  "id": "4adfcd21-ae85-45a1-bffc-1b9ba06d48d4"
}