{
  "data": {
    "type": "medication",
    "data": [
      {
        "year": 2004,
        "sex": "male",
        "n": 2,
        "track_name": "WZMN.med.BENAZEPRIL",
        "med": "BENAZEPRIL"
      },
      {
        "year": 2004,
        "sex": "female",
        "n": 4,
        "track_name": "WZMN.med.BENAZEPRIL",
        "med": "BENAZEPRIL"
      },
      {
        "year": 2005,
        "sex": "male",
        "n": 1,
        "track_name": "WZMN.med.BENAZEPRIL",
        "med": "BENAZEPRIL"
      },
      {
        "year": 2005,
        "sex": "female",
        "n": 2,
        "track_name": "WZMN.med.BENAZEPRIL",
        "med": "BENAZEPRIL"
      },
      {
        "year": 2006,
        "sex": "male",
        "n": 3,
        "track_name": "WZMN.med.BENAZEPRIL",
        "med": "BENAZEPRIL"
      },
      {
        "year": 2006,
        "sex": "female",
        "n": 4,
        "track_name": "WZMN.med.BENAZEPRIL",
        "med": "BENAZEPRIL"
      },
      {
        "year": 2007,
        "sex": "male",
        "n": 6,
        "track_name": "WZMN.med.BENAZEPRIL",
        "med": "BENAZEPRIL"
      },
      {
        "year": 2007,
        "sex": "female",
        "n": 4,
        "track_name": "WZMN.med.BENAZEPRIL",
        "med": "BENAZEPRIL"
      },
      {
        "year": 2008,
        "sex": "male",
        "n": 4,
        "track_name": "WZMN.med.BENAZEPRIL",
        "med": "BENAZEPRIL"
      },
      {
        "year": 2008,
        "sex": "female",
        "n": 1,
        "track_name": "WZMN.med.BENAZEPRIL",
        "med": "BENAZEPRIL"
      },
      {
        "year": 2009,
        "sex": "male",
        "n": 3,
        "track_name": "WZMN.med.BENAZEPRIL",
        "med": "BENAZEPRIL"
      }
    ],
    "figures": null,
    "messageType": "chronicDiseaseCohorts.report",
    "requestId": "3fd6e29e-097f-405a-aa17-b0569f134991",
    "cohortId": "c_f74b9c92bc0517005234279f26646e4a"
  },
  "id": "9241a99c-236c-47dd-93c6-0ff76d3f875b"
}