date,alignedDate,title,indication,type,id
24-Dec-1938,21-Feb-1932,sex,,NA,1
17-Feb-2002,18-Apr-1995,ENALAPRIL,,Medication,2
17-Feb-2002,18-Apr-1995,HTN ACEI,,Medication,3
19-Feb-2002,20-Apr-1995,ROSUVASTATIN,,Medication,4
19-Feb-2002,20-Apr-1995,ROSUVASTATIN,,Medication,5
27-Feb-2002,27-Apr-1995,"820.2* PERTROCHANTERIC FRACTURE OF FEMUR, CLOSED",,Diagnosis,6
27-Mar-2002,25-May-1995,METFORMIN,,Medication,7
30-Mar-2002,29-May-1995,724.2* LUMBAGO,,Diagnosis,8
04-Apr-2002,02-Jun-1995,ESCITALOPRAM,,Medication,9
10-Apr-2002,08-Jun-1995,IPRATROPIUM BROMIDE,,Medication,10
06-May-2002,05-Jul-1995,"533* PEPTIC ULCER, SITE UNSPECIFIED",,Diagnosis,11
17-May-2002,16-Jul-1995,CEFALEXIN,,Medication,12
28-May-2002,26-Jul-1995,CETIRIZINE,,Medication,13
26-Jun-2002,25-Aug-1995,L15* KNEE SYMPTOMS/COMPLAINTS,,Diagnosis,14
30-Jun-2002,28-Aug-1995,ACICLOVIR,,Medication,15
15-Jul-2002,12-Sep-1995,CYANOCOBALAMINE,,Medication,16
22-Aug-2002,20-Oct-1995,HYDROCHLOROTHIAZIDE,,Medication,17
22-Aug-2002,21-Oct-1995,BISOPROLOL,,Medication,18
22-Aug-2002,21-Oct-1995,HTN BETA BLOCKERS,,Medication,19
18-Sep-2002,16-Nov-1995,ENALAPRIL,,Medication,20
18-Sep-2002,16-Nov-1995,HTN ACEI,,Medication,21
26-Sep-2002,24-Nov-1995,BISOPROLOL,,Medication,22
26-Sep-2002,24-Nov-1995,HTN BETA BLOCKERS,,Medication,23
04-Nov-2002,02-Jan-1996,FLUOROMETHOLONE,,Medication,24
09-Nov-2002,07-Jan-1996,719.4* PAIN IN JOINT,,Diagnosis,25
26-Nov-2002,25-Jan-1996,730.0* ACUTE OSTEOMYELITIS,,Diagnosis,26
03-Dec-2002,31-Jan-1996,ASPIRIN,,Medication,27
16-Dec-2002,13-Feb-1996,719.4* PAIN IN JOINT,,Diagnosis,28
14-Feb-2003,14-Apr-1996,"PNEUMOCOCCUS, PURIFIED POLYSACHARIDES ANTIGEN",,Medication,29
16-Feb-2003,16-Apr-1996,HTN ACEI,,Medication,30
16-Feb-2003,16-Apr-1996,RAMIPRIL,,Medication,31
26-Mar-2003,23-May-1996,465.9* ACUTE UPPER RESPIRATORY INFECTIONS OF UNSPECIFIED SITE,,Diagnosis,32
24-Apr-2003,22-Jun-1996,PROPAFENONE,,Medication,33
06-Jun-2003,04-Aug-1996,ENALAPRIL,,Medication,34
06-Jun-2003,04-Aug-1996,HTN ACEI,,Medication,35
21-Jun-2003,18-Aug-1996,GLUCOMETER STRIPS,,Medication,36
11-Jul-2003,08-Sep-1996,MAXITROL CD,,Medication,37
16-Jul-2003,12-Sep-1996,ASPIRIN,,Medication,38
08-Aug-2003,05-Oct-1996,ISOCORT/TEVADERM CD,,Medication,39
17-Aug-2003,15-Oct-1996,250* DIABETES MELLITUS,,Diagnosis,40
19-Aug-2003,16-Oct-1996,L02* BACK SYMPTOMS/COMPLAINTS,,Diagnosis,41
13-Sep-2003,10-Nov-1996,ATENOLOL,,Medication,42
13-Sep-2003,10-Nov-1996,HTN BETA BLOCKERS,,Medication,43
04-Oct-2003,01-Dec-1996,OXAZEPAM,,Medication,44
04-Oct-2003,02-Dec-1996,LACTULOSE,,Medication,45
08-Oct-2003,06-Dec-1996,ASPIRIN,,Medication,46
19-Oct-2003,16-Dec-1996,PRAVASTATIN,,Medication,47
19-Oct-2003,16-Dec-1996,PRAVASTATIN,,Medication,48
03-Nov-2003,31-Dec-1996,780.4* DIZZINESS AND GIDDINESS (VERTIGO),,Diagnosis,49
29-Nov-2003,27-Jan-1997,ASPIRIN,,Medication,50
10-Jan-2004,09-Mar-1997,DOXAZOSIN,,Medication,51
13-Jan-2004,12-Mar-1997,L15* KNEE SYMPTOMS/COMPLAINTS,,Diagnosis,52
26-Jan-2004,25-Mar-1997,366* CATARACT,,Diagnosis,53
05-Mar-2004,04-May-1997,HTN ACEI,,Medication,54
05-Mar-2004,04-May-1997,RAMIPRIL,,Medication,55
22-Mar-2004,20-May-1997,DOXAZOSIN,,Medication,56
25-Mar-2004,23-May-1997,ISOSORBIDE MONONITRATE,,Medication,57
28-Mar-2004,27-May-1997,AMLODIPINE,,Medication,58
28-Mar-2004,27-May-1997,HTN CCB DIHYDRO,,Medication,59
09-Apr-2004,07-Jun-1997,214* LIPOMA,,Diagnosis,60
15-Apr-2004,14-Jun-1997,ATENOLOL,,Medication,61
15-Apr-2004,14-Jun-1997,HTN BETA BLOCKERS,,Medication,62
28-Apr-2004,26-Jun-1997,COLDEX/TEVA-COLD CD,,Medication,63
09-May-2004,07-Jul-1997,724.2* LUMBAGO,,Diagnosis,64
03-Jun-2004,02-Aug-1997,250* DIABETES MELLITUS,,Diagnosis,65
10-Jun-2004,09-Aug-1997,HYDROCHLOROTHIAZIDE,,Medication,66
07-Jul-2004,04-Sep-1997,ALLOPURINOL,,Medication,67
10-Jul-2004,07-Sep-1997,HTN ACEI,,Medication,68
10-Jul-2004,07-Sep-1997,HTN DIURETICS,,Medication,69
10-Jul-2004,07-Sep-1997,RAMIPRIL-HYDROCHLOROTHIAZIDE CD,,Medication,70
13-Jul-2004,10-Sep-1997,MEBEVERINE,,Medication,71
16-Jul-2004,14-Sep-1997,OFLOXACIN,,Medication,72
22-Jul-2004,20-Sep-1997,PRAVASTATIN,,Medication,73
22-Jul-2004,20-Sep-1997,PRAVASTATIN,,Medication,74
02-Sep-2004,31-Oct-1997,OXOLAMINE,,Medication,75
04-Sep-2004,03-Nov-1997,729.5* PAIN IN LIMB,,Diagnosis,76
12-Sep-2004,11-Nov-1997,ALFUZOSIN,,Medication,77
24-Sep-2004,22-Nov-1997,FUROSEMIDE,,Medication,78
30-Sep-2004,29-Nov-1997,L04* CHEST SYMPTOMS/COMPLAINTS,,Diagnosis,79
18-Oct-2004,17-Dec-1997,EYE CARE WIPES,,Medication,80
17-Nov-2004,15-Jan-1998,CANDESARTAN - HYDROCHLOROTHIAZIDE CD,,Medication,81
17-Nov-2004,15-Jan-1998,HTN ARB,,Medication,82
17-Nov-2004,15-Jan-1998,HTN DIURETICS,,Medication,83
21-Nov-2004,20-Jan-1998,CARBOCISTEINE,,Medication,84
24-Nov-2004,22-Jan-1998,401* ESSENTIAL HYPERTENSION,,Diagnosis,85
11-Dec-2004,09-Feb-1998,"599.0* URINARY TRACT INFECTION, SITE NOT SPECIFIED",,Diagnosis,86
14-Dec-2004,11-Feb-1998,ATENOLOL,,Medication,87
14-Dec-2004,11-Feb-1998,HTN BETA BLOCKERS,,Medication,88
20-Dec-2004,17-Feb-1998,T82* OBESITY (BMI >30),,Diagnosis,89
02-Jan-2005,02-Mar-1998,780.5* SLEEP DISTURBANCES,,Diagnosis,90
04-Jan-2005,04-Mar-1998,ATENOLOL,,Medication,91
04-Jan-2005,04-Mar-1998,HTN BETA BLOCKERS,,Medication,92
30-Jan-2005,31-Mar-1998,CARBAMAZEPINE,,Medication,93
30-Jan-2005,31-Mar-1998,DIRECT ORAL ANTO COAG,,Medication,94
18-Feb-2005,18-Apr-1998,COAG (NO CLEXANE 40MG),,Medication,95
14-Aug-2005,12-Oct-1998,V72.6* LABORATORY EXAMINATION,,Diagnosis,96
14-Aug-2005,12-Oct-1998,416.8* OTHER CHRONIC PULMONARY HEART DISEASES,,Diagnosis,97
19-Aug-2005,17-Oct-1998,DIGOXIN,,Medication,98
29-Aug-2005,27-Oct-1998,ASPIRIN,,Medication,99
29-Aug-2005,28-Oct-1998,DOXAZOSIN,,Medication,100
05-Sep-2005,03-Nov-1998,METFORMIN,,Medication,101
08-Sep-2005,06-Nov-1998,CHOLECALCIFEROL,,Medication,102
08-Sep-2005,06-Nov-1998,HTN ARB,,Medication,103
08-Sep-2005,06-Nov-1998,HTN DIURETICS,,Medication,104
13-Sep-2005,12-Nov-1998,FUROSEMIDE,,Medication,105
16-Sep-2005,14-Nov-1998,"V85.3* BODY MASS INDEX BETWEEN 30-39, ADULT",,Diagnosis,106
18-Sep-2005,16-Nov-1998,HTN ARB,,Medication,107
24-Sep-2005,22-Nov-1998,25203 HEMOGLOBIN A1C CALCULATED,Adjust time,Lab,108
30-Sep-2005,28-Nov-1998,BISOPROLOL,,Medication,109
30-Sep-2005,28-Nov-1998,HTN BETA BLOCKERS,,Medication,110
05-Oct-2005,03-Dec-1998,COD-GUAIACOL CD,,Medication,111
08-Oct-2005,06-Dec-1998,135* SARCOIDOSIS,,Diagnosis,112
14-Oct-2005,12-Dec-1998,CICLOSPORIN,,Medication,113
15-Oct-2005,13-Dec-1998,INSULIN ASPART,,Medication,114
18-Oct-2005,16-Dec-1998,CALCIUM-VITAMIN D CD,,Medication,115
22-Oct-2005,21-Dec-1998,BEZAFIBRATE,,Medication,116
04-Nov-2005,02-Jan-1999,REPAGLINIDE,,Medication,117
10-Nov-2005,09-Jan-1999,ASPIRIN,,Medication,118
12-Nov-2005,10-Jan-1999,INSULIN PEN LANCETS,,Medication,119
23-Nov-2005,21-Jan-1999,DOXAZOSIN,,Medication,120
24-Nov-2005,22-Jan-1999,HYDROCHLOROTHIAZIDE,,Medication,121
26-Nov-2005,25-Jan-1999,METFORMIN,,Medication,122
02-Dec-2005,31-Jan-1999,PREDNISONE,,Medication,123
07-Dec-2005,04-Feb-1999,411* OTHER ACUTE AND SUBACUTE FORMS OF ISCHEMIC HEART DISEASE,,Diagnosis,124
11-Dec-2005,08-Feb-1999,569.3* HEMORRHAGE OF RECTUM AND ANUS,,Diagnosis,125
13-Dec-2005,10-Feb-1999,GLUCOMETER STRIPS,,Medication,126
14-Dec-2005,11-Feb-1999,BORIC ACID,,Medication,127
16-Dec-2005,13-Feb-1999,FENTANYL,,Medication,128
28-Dec-2005,25-Feb-1999,HTN ACEI,,Medication,129
28-Dec-2005,25-Feb-1999,RAMIPRIL,,Medication,130
30-Dec-2005,28-Feb-1999,INSULIN HUMALOG MIX CD,,Medication,131
01-Jan-2006,02-Mar-1999,GAUZE DRESSING,,Medication,132
12-Jan-2006,12-Mar-1999,CHOLECALCIFEROL,,Medication,133
16-Jan-2006,16-Mar-1999,25203 HEMOGLOBIN A1C CALCULATED,Adjust time,Lab,134
18-Jan-2006,18-Mar-1999,250* DIABETES MELLITUS,,Diagnosis,135
23-Jan-2006,24-Mar-1999,HTN ACEI,,Medication,136
23-Jan-2006,24-Mar-1999,RAMIPRIL,,Medication,137
25-Jan-2006,25-Mar-1999,696* PSORIASIS AND SIMILAR DISORDERS,,Diagnosis,138
28-Jan-2006,29-Mar-1999,Z13.7* INSERTION OF PROSTHETIC LENS (PSEUDOPHAKOS),,Diagnosis,139
31-Jan-2006,31-Mar-1999,LACRIMOL CD,,Medication,140
01-Feb-2006,01-Apr-1999,BISOPROLOL,,Medication,141
01-Feb-2006,01-Apr-1999,HTN BETA BLOCKERS,,Medication,142
02-Feb-2006,02-Apr-1999,PRAVASTATIN,,Medication,143
02-Feb-2006,02-Apr-1999,PRAVASTATIN,,Medication,144
09-Feb-2006,10-Apr-1999,BROMHEXINE,,Medication,145
09-Feb-2006,10-Apr-1999,"280.9* IRON DEFICIENCY ANEMIA, UNSPECIFIED",,Diagnosis,146
10-Feb-2006,10-Apr-1999,CALCIUM CARBONATE,,Medication,147
13-Feb-2006,14-Apr-1999,MULTIVITAMINS + MINERALS CD,,Medication,148
15-Feb-2006,15-Apr-1999,HTN ACEI,,Medication,149
15-Feb-2006,15-Apr-1999,RAMIPRIL,,Medication,150
23-Feb-2006,23-Apr-1999,682* OTHER CELLULITIS AND ABSCESS,,Diagnosis,151
01-Mar-2006,30-Apr-1999,ASPIRIN,,Medication,152
02-Mar-2006,30-Apr-1999,CICLOSPORIN,,Medication,153
08-Mar-2006,06-May-1999,NITROFURANTOIN,,Medication,154
09-Mar-2006,07-May-1999,FUROSEMIDE,,Medication,155
10-Mar-2006,09-May-1999,GLIMEPIRIDE,,Medication,156
13-Mar-2006,11-May-1999,FUROSEMIDE,,Medication,157
16-Mar-2006,15-May-1999,724.2* LUMBAGO,,Diagnosis,158
23-Mar-2006,21-May-1999,416.8* OTHER CHRONIC PULMONARY HEART DISEASES,,Diagnosis,159
24-Mar-2006,22-May-1999,DUTASTERIDE,,Medication,160
26-Mar-2006,24-May-1999,AMLODIPINE,,Medication,161
26-Mar-2006,24-May-1999,HTN CCB DIHYDRO,,Medication,162
27-Mar-2006,25-May-1999,388.0* DEGENERATIVE AND VASCULAR DISORDERS OF EAR,,Diagnosis,163
31-Mar-2006,29-May-1999,HTN ARB,,Medication,164
31-Mar-2006,29-May-1999,LOSARTAN,,Medication,165
01-Apr-2006,30-May-1999,L02* BACK SYMPTOMS/COMPLAINTS,,Diagnosis,166
06-Apr-2006,04-Jun-1999,CLOBETASOL,,Medication,167
11-Apr-2006,10-Jun-1999,ATORVASTATIN,,Medication,168
11-Apr-2006,10-Jun-1999,ATORVASTATIN,,Medication,169
12-Apr-2006,10-Jun-1999,401* ESSENTIAL HYPERTENSION,,Diagnosis,170
13-Apr-2006,11-Jun-1999,DUTASTERIDE,,Medication,171
13-Apr-2006,11-Jun-1999,RENNIE CD,,Medication,172
13-Apr-2006,12-Jun-1999,HYDROXYCHLOROQUINE,,Medication,173
17-Apr-2006,16-Jun-1999,LANSOPRAZOLE,,Medication,174
18-Apr-2006,16-Jun-1999,785.1* PALPITATIONS,,Diagnosis,175
18-Apr-2006,17-Jun-1999,729.5* PAIN IN LIMB,,Diagnosis,176
19-Apr-2006,17-Jun-1999,GLUCOMETER STRIPS,,Medication,177
25-Apr-2006,23-Jun-1999,"369.0* PROFOUND VISION IMPAIRMENT, BOTH EYES",,Diagnosis,178
26-Apr-2006,24-Jun-1999,CHOLECALCIFEROL,,Medication,179
30-Apr-2006,28-Jun-1999,ATENOLOL,,Medication,180
30-Apr-2006,28-Jun-1999,HTN BETA BLOCKERS,,Medication,181
02-May-2006,01-Jul-1999,CLONAZEPAM,,Medication,182
03-May-2006,02-Jul-1999,272.4* OTHER AND UNSPECIFIED HYPERLIPIDEMIA,,Diagnosis,183
09-May-2006,08-Jul-1999,PREDNISONE,,Medication,184
11-May-2006,10-Jul-1999,DOXAZOSIN,,Medication,185
20-May-2006,19-Jul-1999,LANSOPRAZOLE,,Medication,186
07-Jun-2006,06-Aug-1999,COMPLEX WOUNDS DRESSSING,,Medication,187
20-Jun-2006,18-Aug-1999,GLIBENCLAMIDE,,Medication,188
24-Jun-2006,22-Aug-1999,V67* FOLLOW-UP EXAMINATION,,Diagnosis,189
16-Jul-2006,14-Sep-1999,745.4* VENTRICULAR SEPTAL DEFECT,,Diagnosis,190
20-Jul-2006,18-Sep-1999,CITALOPRAM,,Medication,191
21-Jul-2006,18-Sep-1999,ASPIRIN-LYSINE ACETYLSALICYLATE,,Medication,192
21-Jul-2006,18-Sep-1999,ATORVASTATIN,,Medication,193
21-Jul-2006,18-Sep-1999,ATORVASTATIN,,Medication,194
28-Jul-2006,25-Sep-1999,401.9* UNSPECIFIED ESSENTIAL HYPERTENSION,,Diagnosis,195
29-Jul-2006,26-Sep-1999,"285.9* ANEMIA, UNSPECIFIED",,Diagnosis,196
30-Jul-2006,28-Sep-1999,BRINZOLAMIDE,,Medication,197
03-Aug-2006,01-Oct-1999,DOXAZOSIN,,Medication,198
14-Aug-2006,12-Oct-1999,HYDROCHLOROTHIAZIDE,,Medication,199
14-Aug-2006,13-Oct-1999,PREDNISONE,,Medication,200
22-Aug-2006,21-Oct-1999,GAUZE DRESSING,,Medication,201
23-Aug-2006,22-Oct-1999,LAMOTRIGINE,,Medication,202
27-Aug-2006,26-Oct-1999,BISOPROLOL,,Medication,203
27-Aug-2006,26-Oct-1999,HTN BETA BLOCKERS,,Medication,204
28-Aug-2006,26-Oct-1999,JEVITY LIQ. CD,,Medication,205
31-Aug-2006,29-Oct-1999,416.8* OTHER CHRONIC PULMONARY HEART DISEASES,,Diagnosis,206
02-Sep-2006,31-Oct-1999,PRAVASTATIN,,Medication,207
02-Sep-2006,31-Oct-1999,PRAVASTATIN,,Medication,208
03-Sep-2006,01-Nov-1999,HTN BETA BLOCKERS,,Medication,209
03-Sep-2006,01-Nov-1999,METOPROLOL,,Medication,210
17-Sep-2006,15-Nov-1999,788.2* RETENTION OF URINE,,Diagnosis,211
19-Sep-2006,17-Nov-1999,466.0* ACUTE BRONCHITIS,,Diagnosis,212
22-Sep-2006,21-Nov-1999,POVIDONE-IODINE,,Medication,213
25-Sep-2006,23-Nov-1999,GLYCERIN CD,,Medication,214
02-Oct-2006,30-Nov-1999,ALLOPURINOL,,Medication,215
02-Oct-2006,30-Nov-1999,427.8* OTHER SPECIFIED CARDIAC DYSRHYTHMIAS,,Diagnosis,216
07-Oct-2006,05-Dec-1999,CODEINE,,Medication,217
08-Oct-2006,06-Dec-1999,HYDROCHLOROTHIAZIDE,,Medication,218
18-Oct-2006,17-Dec-1999,L04* CHEST SYMPTOMS/COMPLAINTS,,Diagnosis,219
19-Oct-2006,17-Dec-1999,Z88.5* ANGIOCARDIOGRAPHY USING CONTRAST MATERIAL,,Diagnosis,220
21-Oct-2006,20-Dec-1999,696* PSORIASIS AND SIMILAR DISORDERS,,Diagnosis,221
23-Oct-2006,21-Dec-1999,LACRIMOL CD,,Medication,222
02-Nov-2006,01-Jan-2000,429.3* CARDIOMEGALY,,Diagnosis,223
02-Nov-2006,01-Jan-2000,429* ILL-DEFINED DESCRIPTIONS AND COMPLICATIONS OF HEART DISEASE,Include,ICD9,224
03-Nov-2006,01-Jan-2000,HTN ACEI,,Medication,225
03-Nov-2006,01-Jan-2000,RAMIPRIL,,Medication,226
06-Nov-2006,05-Jan-2000,LAMOTRIGINE,,Medication,227
12-Nov-2006,11-Jan-2000,780.2* SYNCOPE AND COLLAPSE,,Diagnosis,228
17-Nov-2006,15-Jan-2000,250* DIABETES MELLITUS,,Diagnosis,229
17-Nov-2006,16-Jan-2000,401.9* UNSPECIFIED ESSENTIAL HYPERTENSION,,Diagnosis,230
21-Nov-2006,20-Jan-2000,"799.3* DEBILITY, UNSPECIFIED",,Diagnosis,231
26-Nov-2006,24-Jan-2000,INSULIN PUMPS,,Medication,232
30-Nov-2006,28-Jan-2000,GLUCOMETER STRIPS,,Medication,233
12-Dec-2006,10-Feb-2000,COAG (NO CLEXANE 40MG),,Medication,234
21-Dec-2006,18-Feb-2000,BROTIZOLAM,,Medication,235
26-Dec-2006,23-Feb-2000,LORATADINE,,Medication,236
02-Jan-2007,01-Mar-2000,366.9* UNSPECIFIED CATARACT,,Diagnosis,237
05-Jan-2007,05-Mar-2000,AMLODIPINE,,Medication,238
05-Jan-2007,05-Mar-2000,HTN CCB DIHYDRO,,Medication,239
08-Jan-2007,07-Mar-2000,25203 HEMOGLOBIN A1C CALCULATED,Adjust time,Lab,240
16-Jan-2007,15-Mar-2000,PAROXETINE,,Medication,241
22-Jan-2007,21-Mar-2000,"486* PNEUMONIA, ORGANISM UNSPECIFIED",,Diagnosis,242
30-Jan-2007,29-Mar-2000,LORATADINE,,Medication,243
01-Feb-2007,31-Mar-2000,HTN ARB,,Medication,244
01-Feb-2007,31-Mar-2000,LOSARTAN,,Medication,245
04-Feb-2007,04-Apr-2000,PRIMIDONE,,Medication,246
12-Feb-2007,11-Apr-2000,ENALAPRIL,,Medication,247
12-Feb-2007,11-Apr-2000,HTN ACEI,,Medication,248
12-Feb-2007,12-Apr-2000,366* CATARACT,,Diagnosis,249
19-Feb-2007,18-Apr-2000,BISOPROLOL,,Medication,250
19-Feb-2007,18-Apr-2000,HTN BETA BLOCKERS,,Medication,251
22-Feb-2007,22-Apr-2000,ASPIRIN,,Medication,252
23-Feb-2007,23-Apr-2000,ALFACALCIDOL,,Medication,253
24-Feb-2007,23-Apr-2000,LANSOPRAZOLE,,Medication,254
07-Mar-2007,05-May-2000,272.4* OTHER AND UNSPECIFIED HYPERLIPIDEMIA,,Diagnosis,255
10-Mar-2007,07-May-2000,LACTULOSE,,Medication,256
10-Mar-2007,08-May-2000,CHOLECALCIFEROL,,Medication,257
21-Mar-2007,19-May-2000,ENALAPRIL,,Medication,258
21-Mar-2007,19-May-2000,HTN ACEI,,Medication,259
24-Mar-2007,22-May-2000,COAG (NO CLEXANE 40MG),,Medication,260
27-Mar-2007,24-May-2000,FAMOTIDINE,,Medication,261
31-Mar-2007,29-May-2000,DOXAZOSIN,,Medication,262
13-Apr-2007,10-Jun-2000,HTN ACEI,,Medication,263
13-Apr-2007,10-Jun-2000,RAMIPRIL,,Medication,264
09-May-2007,06-Jul-2000,PREDNISONE,,Medication,265
16-May-2007,14-Jul-2000,25203 HEMOGLOBIN A1C CALCULATED,Adjust time,Lab,266
20-May-2007,17-Jul-2000,783.5* POLYDIPSIA,,Diagnosis,267
26-May-2007,24-Jul-2000,BUDESONIDE,,Medication,268
31-May-2007,29-Jul-2000,CANDESARTAN,,Medication,269
31-May-2007,29-Jul-2000,HTN ARB,,Medication,270
01-Jun-2007,29-Jul-2000,366* CATARACT,,Diagnosis,271
01-Jun-2007,29-Jul-2000,CYANOCOBALAMINE,,Medication,272
01-Jun-2007,30-Jul-2000,CALCIUM-VITAMIN D CD,,Medication,273
03-Jun-2007,31-Jul-2000,HTN CCB DIHYDRO,,Medication,274
03-Jun-2007,31-Jul-2000,LERCANIDIPINE,,Medication,275
07-Jun-2007,05-Aug-2000,FERRIC OXIDE POLYMALTOSE COMPLEXES,,Medication,276
13-Jun-2007,10-Aug-2000,FUROSEMIDE,,Medication,277
14-Jun-2007,12-Aug-2000,CHOLECALCIFEROL,,Medication,278
24-Jun-2007,21-Aug-2000,"INFLUENZA, INACTIVATED, SPLIT VIRUS OR SURFACE ANTIGEN",,Medication,279
25-Jun-2007,22-Aug-2000,AMLODIPINE,,Medication,280
25-Jun-2007,22-Aug-2000,HTN CCB DIHYDRO,,Medication,281
29-Jun-2007,26-Aug-2000,COAG (NO CLEXANE 40MG),,Medication,282
29-Jun-2007,26-Aug-2000,ATORVASTATIN,,Medication,283
29-Jun-2007,26-Aug-2000,ATORVASTATIN,,Medication,284
03-Jul-2007,30-Aug-2000,ROSUVASTATIN,,Medication,285
03-Jul-2007,30-Aug-2000,ROSUVASTATIN,,Medication,286
06-Jul-2007,03-Sep-2000,CARBAMAZEPINE,,Medication,287
06-Jul-2007,03-Sep-2000,DIRECT ORAL ANTO COAG,,Medication,288
14-Jul-2007,10-Sep-2000,366* CATARACT,,Diagnosis,289
14-Jul-2007,10-Sep-2000,REPAGLINIDE,,Medication,290
15-Jul-2007,11-Sep-2000,410* ACUTE MYOCARDIAL INFARCTION,,Diagnosis,291
31-Jul-2007,27-Sep-2000,427.1* PAROXYSMAL VENTRICULAR TACHYCARDIA,,Diagnosis,292
04-Aug-2007,01-Oct-2000,PRAVASTATIN,,Medication,293
04-Aug-2007,01-Oct-2000,PRAVASTATIN,,Medication,294
10-Aug-2007,07-Oct-2000,PREDNISONE,,Medication,295
11-Aug-2007,09-Oct-2000,CYANOCOBALAMINE,,Medication,296
18-Aug-2007,16-Oct-2000,BISACODYL,,Medication,297
21-Aug-2007,18-Oct-2000,LACTULOSE,,Medication,298
21-Aug-2007,19-Oct-2000,ASPIRIN,,Medication,299
22-Aug-2007,19-Oct-2000,COMPLEX WOUNDS DRESSSING,,Medication,300
25-Aug-2007,22-Oct-2000,786.0* DYSPNEA AND RESPIRATORY ABNORMALITIES,,Diagnosis,301
03-Sep-2007,31-Oct-2000,DARBEPOETIN ALFA,,Medication,302
10-Sep-2007,07-Nov-2000,CHOLECALCIFEROL,,Medication,303
13-Sep-2007,10-Nov-2000,COMPLEX WOUNDS DRESSSING,,Medication,304
14-Sep-2007,12-Nov-2000,HTN ACEI,,Medication,305
14-Sep-2007,12-Nov-2000,RAMIPRIL,,Medication,306
19-Sep-2007,16-Nov-2000,ASPIRIN,,Medication,307
20-Sep-2007,17-Nov-2000,362.5* DEGENERATION OF MACULA AND POSTERIOR POLE OF RETINA,,Diagnosis,308
21-Sep-2007,18-Nov-2000,BROTIZOLAM,,Medication,309
21-Sep-2007,19-Nov-2000,958.3* POSTTRAUMATIC WOUND INFECTION NOT ELSEWHERE CLASSIFIED,,Diagnosis,310
23-Sep-2007,20-Nov-2000,PREGABALIN,,Medication,311
26-Sep-2007,24-Nov-2000,E88.4* OTHER ACCIDENTAL FALLS FROM ONE LEVEL TO ANOTHER,,Diagnosis,312
30-Sep-2007,28-Nov-2000,REPAGLINIDE,,Medication,313
05-Oct-2007,02-Dec-2000,110.1* DERMATOPHYTOSIS OF NAIL,,Diagnosis,314
09-Oct-2007,07-Dec-2000,ASPIRIN,,Medication,315
23-Oct-2007,20-Dec-2000,599.7* HEMATURIA,,Diagnosis,316
28-Oct-2007,25-Dec-2000,"251.2* HYPOGLYCEMIA, UNSPECIFIED",,Diagnosis,317
28-Oct-2007,25-Dec-2000,ENALAPRIL,,Medication,318
28-Oct-2007,25-Dec-2000,HTN ACEI,,Medication,319
01-Nov-2007,29-Dec-2000,GLUCOMETER STRIPS,,Medication,320
04-Nov-2007,01-Jan-2001,ETORICOXIB,,Medication,321
05-Nov-2007,02-Jan-2001,"709.0* DYSCHROMIA, ANOMALOUS PIGMENTATION",,Diagnosis,322
16-Nov-2007,13-Jan-2001,ASCORBIC ACID-ROSE HIPS CD,,Medication,323
03-Dec-2007,30-Jan-2001,ASPIRIN,,Medication,324
05-Dec-2007,01-Feb-2001,GLUCOMETER STRIPS,,Medication,325
05-Dec-2007,02-Feb-2001,FOLIC ACID,,Medication,326
06-Dec-2007,02-Feb-2001,HALOPERIDOL,,Medication,327
12-Dec-2007,09-Feb-2001,786.0* DYSPNEA AND RESPIRATORY ABNORMALITIES,,Diagnosis,328
23-Dec-2007,19-Feb-2001,PROPAFENONE,,Medication,329
25-Dec-2007,22-Feb-2001,CALCIUM-VITAMIN D CD,,Medication,330
26-Dec-2007,22-Feb-2001,HTN ACEI,,Medication,331
26-Dec-2007,22-Feb-2001,RAMIPRIL,,Medication,332
03-Jan-2008,02-Mar-2001,V16.8* FAMILY HISTORY OF OTHER SPECIFIED MALIGNANT NEOPLASM,,Diagnosis,333
04-Jan-2008,03-Mar-2001,GLUCOMETER STRIPS,,Medication,334
16-Jan-2008,15-Mar-2001,ATENOLOL,,Medication,335
16-Jan-2008,15-Mar-2001,HTN BETA BLOCKERS,,Medication,336
18-Jan-2008,17-Mar-2001,FOLIC ACID,,Medication,337
21-Jan-2008,21-Mar-2001,ENALAPRIL,,Medication,338
21-Jan-2008,21-Mar-2001,HTN ACEI,,Medication,339
25-Jan-2008,24-Mar-2001,ASPIRIN,,Medication,340
09-Feb-2008,09-Apr-2001,FUROSEMIDE,,Medication,341
12-Feb-2008,11-Apr-2001,401.9* UNSPECIFIED ESSENTIAL HYPERTENSION,,Diagnosis,342
13-Feb-2008,13-Apr-2001,373.0* BLEPHARITIS,,Diagnosis,343
15-Feb-2008,14-Apr-2001,METFORMIN,,Medication,344
20-Feb-2008,19-Apr-2001,DOXAZOSIN,,Medication,345
20-Feb-2008,20-Apr-2001,ENALAPRIL,,Medication,346
20-Feb-2008,20-Apr-2001,HTN ACEI,,Medication,347
23-Feb-2008,23-Apr-2001,HYDROXYPROPYLMETHYLCELLULOSE,,Medication,348
23-Feb-2008,23-Apr-2001,ASPIRIN,,Medication,349
01-Mar-2008,30-Apr-2001,AMLODIPINE,,Medication,350
01-Mar-2008,30-Apr-2001,HTN CCB DIHYDRO,,Medication,351
09-Mar-2008,07-May-2001,25203 HEMOGLOBIN A1C CALCULATED,Adjust time,Lab,352
15-Mar-2008,13-May-2001,COAG (NO CLEXANE 40MG),,Medication,353
16-Mar-2008,15-May-2001,METFORMIN,,Medication,354
21-Mar-2008,19-May-2001,ASPIRIN,,Medication,355
02-Apr-2008,31-May-2001,401* ESSENTIAL HYPERTENSION,,Diagnosis,356
02-Apr-2008,01-Jun-2001,524.6* TEMPOROMANDIBULAR JOINT DISORDERS,,Diagnosis,357
09-Apr-2008,07-Jun-2001,ROSUVASTATIN,,Medication,358
09-Apr-2008,07-Jun-2001,ROSUVASTATIN,,Medication,359
16-Apr-2008,14-Jun-2001,780.4* DIZZINESS AND GIDDINESS (VERTIGO),,Diagnosis,360
20-Apr-2008,19-Jun-2001,ASPIRIN,,Medication,361
27-Apr-2008,25-Jun-2001,METFORMIN,,Medication,362
30-Apr-2008,28-Jun-2001,454* VARICOSE VEINS OF LOWER EXTREMITIES,,Diagnosis,363
08-May-2008,06-Jul-2001,DOXAZOSIN,,Medication,364
09-May-2008,07-Jul-2001,HYDROCHLOROTHIAZIDE,,Medication,365
20-May-2008,19-Jul-2001,HYALURONIC ACID,,Medication,366
23-May-2008,21-Jul-2001,ASPIRIN,,Medication,367
11-Jun-2008,10-Aug-2001,ENALAPRIL,,Medication,368
11-Jun-2008,10-Aug-2001,HTN ACEI,,Medication,369
13-Jun-2008,12-Aug-2001,CLONAZEPAM,,Medication,370
16-Jun-2008,14-Aug-2001,25203 HEMOGLOBIN A1C CALCULATED,Adjust time,Lab,371
18-Jun-2008,16-Aug-2001,366* CATARACT,,Diagnosis,372
22-Jun-2008,20-Aug-2001,HYDROCHLOROTHIAZIDE,,Medication,373
23-Jun-2008,21-Aug-2001,INDACATEROL,,Medication,374
27-Jun-2008,25-Aug-2001,"280.9* IRON DEFICIENCY ANEMIA, UNSPECIFIED",,Diagnosis,375
02-Jul-2008,30-Aug-2001,HYDROXYPROPYLMETHYLCELLULOSE,,Medication,376
02-Jul-2008,31-Aug-2001,ASPIRIN,,Medication,377
06-Jul-2008,03-Sep-2001,PREDNISONE,,Medication,378
23-Jul-2008,20-Sep-2001,054.9* HERPES SIMPLEX WITHOUT MENTION OF COMPLICATION,,Diagnosis,379
24-Jul-2008,21-Sep-2001,HTN ARB,,Medication,380
24-Jul-2008,21-Sep-2001,HTN DIURETICS,,Medication,381
24-Jul-2008,21-Sep-2001,LOSARTAN-HYDROCHLOROTHIAZIDE CD,,Medication,382
01-Aug-2008,29-Sep-2001,401* ESSENTIAL HYPERTENSION,,Diagnosis,383
03-Aug-2008,01-Oct-2001,CHOLECALCIFEROL,,Medication,384
04-Aug-2008,02-Oct-2001,BISOPROLOL,,Medication,385
04-Aug-2008,02-Oct-2001,HTN BETA BLOCKERS,,Medication,386
06-Aug-2008,04-Oct-2001,Z41.5* TOTAL SPLENECTOMY,,Diagnosis,387
18-Aug-2008,17-Oct-2001,250* DIABETES MELLITUS,,Diagnosis,388
18-Aug-2008,17-Oct-2001,FAMOTIDINE,,Medication,389
20-Aug-2008,18-Oct-2001,Z99.2* INJECT.OR INFUSION OF OTHER THERAPEUTIC OR PROPHYLACTIC SUBS.,,Diagnosis,390
21-Aug-2008,20-Oct-2001,COAG (NO CLEXANE 40MG),,Medication,391
24-Aug-2008,23-Oct-2001,787.0* NAUSEA AND VOMITING,,Diagnosis,392
25-Aug-2008,24-Oct-2001,HYALURONIC ACID,,Medication,393
26-Aug-2008,25-Oct-2001,ATORVASTATIN,,Medication,394
26-Aug-2008,25-Oct-2001,ATORVASTATIN,,Medication,395
28-Aug-2008,26-Oct-2001,DOXAZOSIN,,Medication,396
29-Aug-2008,27-Oct-2001,BROTIZOLAM,,Medication,397
01-Sep-2008,30-Oct-2001,V72.6* LABORATORY EXAMINATION,,Diagnosis,398
01-Sep-2008,30-Oct-2001,ASPIRIN,,Medication,399
03-Sep-2008,02-Nov-2001,CHOLECALCIFEROL,,Medication,400
10-Sep-2008,09-Nov-2001,AZITHROMYCIN,,Medication,401
10-Sep-2008,09-Nov-2001,LANSOPRAZOLE,,Medication,402
19-Sep-2008,18-Nov-2001,PANTOPRAZOLE,,Medication,403
22-Sep-2008,20-Nov-2001,110.5* DERMATOPHYTOSIS OF THE BODY,,Diagnosis,404
30-Sep-2008,28-Nov-2001,AMIODARONE,,Medication,405
02-Oct-2008,01-Dec-2001,272.4* OTHER AND UNSPECIFIED HYPERLIPIDEMIA,,Diagnosis,406
06-Oct-2008,04-Dec-2001,ALLOPURINOL,,Medication,407
21-Oct-2008,19-Dec-2001,ATORVASTATIN,,Medication,408
21-Oct-2008,19-Dec-2001,ATORVASTATIN,,Medication,409
23-Oct-2008,22-Dec-2001,LIDOCAINE,,Medication,410
25-Oct-2008,23-Dec-2001,IPRATROPIUM BROMIDE,,Medication,411
28-Oct-2008,26-Dec-2001,ALFUZOSIN,,Medication,412
10-Nov-2008,09-Jan-2002,ASPIRIN,,Medication,413
13-Nov-2008,12-Jan-2002,786.5* CHEST PAIN,,Diagnosis,414
18-Nov-2008,16-Jan-2002,HTN CCB DIHYDRO,,Medication,415
18-Nov-2008,16-Jan-2002,LERCANIDIPINE,,Medication,416
22-Nov-2008,20-Jan-2002,401* ESSENTIAL HYPERTENSION,,Diagnosis,417
24-Nov-2008,23-Jan-2002,V46.2* DEPENDENCE ON SUPPLEMENTAL OXYGEN,,Diagnosis,418
26-Nov-2008,24-Jan-2002,GLUCOMETER STRIPS,,Medication,419
27-Nov-2008,25-Jan-2002,IPRATROPIUM BROMIDE,,Medication,420
05-Dec-2008,02-Feb-2002,METFORMIN,,Medication,421
05-Dec-2008,02-Feb-2002,"599.0* URINARY TRACT INFECTION, SITE NOT SPECIFIED",,Diagnosis,422
05-Dec-2008,03-Feb-2002,ALLOPURINOL,,Medication,423
07-Dec-2008,04-Feb-2002,365.5* GLAUCOMA ASSOCIATED WITH DISORDERS OF THE LENS,,Diagnosis,424
15-Dec-2008,12-Feb-2002,FORMOTEROL,,Medication,425
18-Dec-2008,16-Feb-2002,ENALAPRIL,,Medication,426
18-Dec-2008,16-Feb-2002,HTN ACEI,,Medication,427
23-Dec-2008,20-Feb-2002,780.3* CONVULSIONS,,Diagnosis,428
23-Dec-2008,21-Feb-2002,AMLODIPINE,,Medication,429
23-Dec-2008,21-Feb-2002,HTN CCB DIHYDRO,,Medication,430
05-Jan-2009,05-Mar-2002,GLUCOMETER STRIPS,,Medication,431
07-Jan-2009,07-Mar-2002,PANTOPRAZOLE,,Medication,432
08-Jan-2009,08-Mar-2002,AZELASTINE,,Medication,433
19-Jan-2009,20-Mar-2002,METFORMIN,,Medication,434
20-Jan-2009,20-Mar-2002,INSULIN PEN LANCETS,,Medication,435
26-Jan-2009,26-Mar-2002,729.5* PAIN IN LIMB,,Diagnosis,436
26-Jan-2009,26-Mar-2002,"550.1* INGUINAL HERNIA, WITH OBSTR., WITHOUT MENTION OF GANGRENE",,Diagnosis,437
29-Jan-2009,29-Mar-2002,ASPIRIN,,Medication,438
02-Feb-2009,02-Apr-2002,CHLORPHENAMINE,,Medication,439
05-Feb-2009,05-Apr-2002,786.0* DYSPNEA AND RESPIRATORY ABNORMALITIES,,Diagnosis,440
05-Feb-2009,06-Apr-2002,HTN ARB,,Medication,441
13-Feb-2009,13-Apr-2002,PREDNISONE,,Medication,442
14-Feb-2009,14-Apr-2002,FLUTICASONE,,Medication,443
15-Feb-2009,16-Apr-2002,DERMACOMBIN/KENACOMB CD,,Medication,444
18-Feb-2009,18-Apr-2002,L90* OSTEOARTHRITIS OF KNEE,,Diagnosis,445
22-Feb-2009,23-Apr-2002,PANCRELIPASE,,Medication,446
02-Mar-2009,30-Apr-2002,GLUCOMETER STRIPS,,Medication,447
02-Mar-2009,01-May-2002,ENALAPRIL,,Medication,448
02-Mar-2009,01-May-2002,HTN ACEI,,Medication,449
03-Mar-2009,01-May-2002,BISOPROLOL,,Medication,450
03-Mar-2009,01-May-2002,HTN BETA BLOCKERS,,Medication,451
04-Mar-2009,03-May-2002,CALMANERVIN/PASSIFLORA COMP. CD,,Medication,452
08-Mar-2009,06-May-2002,930.0* CORNEAL FOREIGN BODY,,Diagnosis,453
09-Mar-2009,08-May-2002,722.9* OTHER AND UNSPECIFIED DISC DISORDER,,Diagnosis,454
17-Mar-2009,16-May-2002,LEVODOPA AND DECARBOXYLASE INHIBITOR,,Medication,455
19-Mar-2009,17-May-2002,367.4* PRESBYOPIA,,Diagnosis,456
24-Mar-2009,22-May-2002,AMLODIPINE,,Medication,457
24-Mar-2009,22-May-2002,HTN CCB DIHYDRO,,Medication,458
01-Apr-2009,31-May-2002,V58.6* ENCOUNTER FOR LONG-TERM (CURRENT) DRUG USE,,Diagnosis,459
02-Apr-2009,01-Jun-2002,COLCHICINE,,Medication,460
04-Apr-2009,03-Jun-2002,380.4* IMPACTED CERUMEN,,Diagnosis,461
08-Apr-2009,06-Jun-2002,CLONIDINE,,Medication,462
08-Apr-2009,07-Jun-2002,BEZAFIBRATE,,Medication,463
17-Apr-2009,16-Jun-2002,OXOLAMINE,,Medication,464
18-Apr-2009,16-Jun-2002,ENALAPRIL,,Medication,465
18-Apr-2009,16-Jun-2002,HTN ACEI,,Medication,466
19-Apr-2009,18-Jun-2002,ADALIMUMAB,,Medication,467
28-Apr-2009,26-Jun-2002,HTN ARB,,Medication,468
28-Apr-2009,26-Jun-2002,LOSARTAN,,Medication,469
29-Apr-2009,28-Jun-2002,GLYCERIN CD,,Medication,470
30-Apr-2009,28-Jun-2002,HTN CCB DIHYDRO,,Medication,471
30-Apr-2009,28-Jun-2002,NIFEDIPINE,,Medication,472
07-May-2009,05-Jul-2002,"493.9* ASTHMA, UNSPECIFIED",,Diagnosis,473
07-May-2009,05-Jul-2002,111.0* PITYRIASIS VERSICOLOR,,Diagnosis,474
14-May-2009,13-Jul-2002,OXAZEPAM,,Medication,475
29-May-2009,27-Jul-2002,ATORVASTATIN,,Medication,476
29-May-2009,27-Jul-2002,ATORVASTATIN,,Medication,477
30-May-2009,28-Jul-2002,DOXAZOSIN,,Medication,478
30-May-2009,28-Jul-2002,ALENDRONIC ACID,,Medication,479
31-May-2009,29-Jul-2002,LEVOTHYROXINE SODIUM,,Medication,480
02-Jun-2009,01-Aug-2002,LANSOPRAZOLE,,Medication,481
03-Jun-2009,01-Aug-2002,"724.5* BACKACHE, UNSPECIFIED",,Diagnosis,482
13-Jun-2009,11-Aug-2002,HTN ARB,,Medication,483
13-Jun-2009,12-Aug-2002,354.2* LESION OF ULNAR NERVE,,Diagnosis,484
17-Jun-2009,16-Aug-2002,Z57.4* TRANSURETHRAL EXCISION OR DESTRUCTION OF BLADDER TISSUE,,Diagnosis,485
28-Jun-2009,26-Aug-2002,ATORVASTATIN,,Medication,486
28-Jun-2009,26-Aug-2002,ATORVASTATIN,,Medication,487
28-Jun-2009,27-Aug-2002,ENALAPRIL,,Medication,488
28-Jun-2009,27-Aug-2002,HTN ACEI,,Medication,489
04-Jul-2009,02-Sep-2002,BISOPROLOL,,Medication,490
04-Jul-2009,02-Sep-2002,HTN BETA BLOCKERS,,Medication,491
04-Jul-2009,02-Sep-2002,COAG (NO CLEXANE 40MG),,Medication,492
04-Jul-2009,02-Sep-2002,ENOXAPARIN,,Medication,493
16-Jul-2009,13-Sep-2002,ASPIRIN,,Medication,494
16-Jul-2009,13-Sep-2002,354.2* LESION OF ULNAR NERVE,,Diagnosis,495
16-Jul-2009,13-Sep-2002,IPRATROPIUM BROMIDE,,Medication,496
17-Jul-2009,14-Sep-2002,"812.0* FRACTURE OF UPPER END OF HUMERUS, CLOSED",,Diagnosis,497
22-Jul-2009,20-Sep-2002,ATENOLOL,,Medication,498
22-Jul-2009,20-Sep-2002,HTN BETA BLOCKERS,,Medication,499
23-Jul-2009,20-Sep-2002,DOXAZOSIN,,Medication,500
11-Aug-2009,10-Oct-2002,ATORVASTATIN,,Medication,501
11-Aug-2009,10-Oct-2002,ATORVASTATIN,,Medication,502
15-Aug-2009,13-Oct-2002,25203 HEMOGLOBIN A1C CALCULATED,Adjust time,Lab,503
15-Aug-2009,14-Oct-2002,ALLOPURINOL,,Medication,504
21-Aug-2009,19-Oct-2002,CAPTOPRIL,,Medication,505
21-Aug-2009,19-Oct-2002,HTN ACEI,,Medication,506
22-Aug-2009,21-Oct-2002,REPAGLINIDE,,Medication,507
24-Aug-2009,23-Oct-2002,OFLOXACIN,,Medication,508
27-Aug-2009,25-Oct-2002,IPRATROPIUM BROMIDE,,Medication,509
28-Aug-2009,26-Oct-2002,LORATADINE,,Medication,510
31-Aug-2009,29-Oct-2002,BISOPROLOL,,Medication,511
31-Aug-2009,29-Oct-2002,HTN BETA BLOCKERS,,Medication,512
01-Sep-2009,30-Oct-2002,25203 HEMOGLOBIN A1C CALCULATED,Adjust time,Lab,513
02-Sep-2009,31-Oct-2002,CALCIUM-VITAMIN D CD,,Medication,514
21-Sep-2009,19-Nov-2002,NIFEDIPINE,,Medication,515
22-Sep-2009,20-Nov-2002,LINAGLIPTIN,,Medication,516
23-Sep-2009,21-Nov-2002,CITALOPRAM,,Medication,517
27-Sep-2009,25-Nov-2002,IPRATROPIUM BROMIDE,,Medication,518
29-Sep-2009,27-Nov-2002,FLECAINIDE,,Medication,519
05-Oct-2009,03-Dec-2002,FORMOTEROL,,Medication,520
06-Oct-2009,04-Dec-2002,DUO-SCABIL CD,,Medication,521
07-Oct-2009,06-Dec-2002,ASPIRIN,,Medication,522
12-Oct-2009,10-Dec-2002,COAG (NO CLEXANE 40MG),,Medication,523
17-Oct-2009,15-Dec-2002,OXAZEPAM,,Medication,524
19-Oct-2009,17-Dec-2002,FOLIC ACID,,Medication,525
24-Oct-2009,22-Dec-2002,METFORMIN,,Medication,526
25-Oct-2009,23-Dec-2002,LORATADINE,,Medication,527
26-Oct-2009,24-Dec-2002,AMLODIPINE,,Medication,528
26-Oct-2009,24-Dec-2002,HTN CCB DIHYDRO,,Medication,529
27-Oct-2009,25-Dec-2002,HTN ACEI,,Medication,530
27-Oct-2009,25-Dec-2002,HTN DIURETICS,,Medication,531
27-Oct-2009,25-Dec-2002,RAMIPRIL-HYDROCHLOROTHIAZIDE CD,,Medication,532
29-Oct-2009,28-Dec-2002,416.8* OTHER CHRONIC PULMONARY HEART DISEASES,,Diagnosis,533
03-Nov-2009,02-Jan-2003,ENALAPRIL,,Medication,534
03-Nov-2009,02-Jan-2003,HTN ACEI,,Medication,535
06-Nov-2009,05-Jan-2003,ISPAGHULA,,Medication,536
10-Nov-2009,08-Jan-2003,COAG (NO CLEXANE 40MG),,Medication,537
11-Nov-2009,09-Jan-2003,CITALOPRAM,,Medication,538
11-Nov-2009,09-Jan-2003,CHLORAMPHENICOL,,Medication,539
14-Nov-2009,13-Jan-2003,LEVODOPA AND DECARBOXYLASE INHIBITOR,,Medication,540
15-Nov-2009,14-Jan-2003,25203 HEMOGLOBIN A1C CALCULATED,Adjust time,Lab,541
22-Nov-2009,21-Jan-2003,ATORVASTATIN,,Medication,542
22-Nov-2009,21-Jan-2003,ATORVASTATIN,,Medication,543
24-Nov-2009,22-Jan-2003,ESCITALOPRAM,,Medication,544
25-Nov-2009,23-Jan-2003,ATENOLOL,,Medication,545
25-Nov-2009,23-Jan-2003,HTN BETA BLOCKERS,,Medication,546
28-Nov-2009,27-Jan-2003,LIRAGLUTIDE,,Medication,547
02-Dec-2009,31-Jan-2003,ENALAPRIL,,Medication,548
02-Dec-2009,31-Jan-2003,HTN ACEI,,Medication,549
03-Dec-2009,31-Jan-2003,HTN CCB DIHYDRO,,Medication,550
03-Dec-2009,31-Jan-2003,LERCANIDIPINE,,Medication,551
03-Dec-2009,31-Jan-2003,726.6* ENTHESOPATHY OF KNEE,,Diagnosis,552
10-Dec-2009,07-Feb-2003,380.4* IMPACTED CERUMEN,,Diagnosis,553
16-Dec-2009,14-Feb-2003,ASPIRIN,,Medication,554
25-Dec-2009,22-Feb-2003,530.1* ESOPHAGITIS,,Diagnosis,555
01-Jan-2010,01-Mar-2003,695.8* OTHER SPECIFIED ERYTHEMATOUS CONDITIONS,,Diagnosis,556
06-Jan-2010,06-Mar-2003,305.1* TOBACCO USE DISORDER,,Diagnosis,557
08-Jan-2010,08-Mar-2003,272.4* OTHER AND UNSPECIFIED HYPERLIPIDEMIA,,Diagnosis,558
08-Jan-2010,08-Mar-2003,PROPAFENONE,,Medication,559
11-Jan-2010,11-Mar-2003,ASPIRIN,,Medication,560
13-Jan-2010,13-Mar-2003,INSULIN ASPART,,Medication,561
21-Jan-2010,22-Mar-2003,ALLOPURINOL,,Medication,562
26-Jan-2010,27-Mar-2003,GAUZE DRESSING,,Medication,563
29-Jan-2010,29-Mar-2003,Z53* REPAIR OF HERNIA,,Diagnosis,564
29-Jan-2010,29-Mar-2003,ASPIRIN,,Medication,565
29-Jan-2010,30-Mar-2003,008.4* INTESTINAL INFECTION DUE TO OTHER SPECIFIED BACTERIA,,Diagnosis,566
08-Feb-2010,08-Apr-2003,LATANOPROST,,Medication,567
12-Feb-2010,13-Apr-2003,HYDROCHLOROTHIAZIDE,,Medication,568
14-Feb-2010,14-Apr-2003,HTN ACEI,,Medication,569
14-Feb-2010,14-Apr-2003,RAMIPRIL,,Medication,570
14-Feb-2010,14-Apr-2003,HTN BETA BLOCKERS,,Medication,571
14-Feb-2010,14-Apr-2003,METOPROLOL,,Medication,572
18-Feb-2010,18-Apr-2003,MEROKEN NEW CD,,Medication,573
20-Feb-2010,21-Apr-2003,DOXAZOSIN,,Medication,574
21-Feb-2010,21-Apr-2003,"692.9* CONTACT DERMATITIS AND OTHER ECZEMA, UNSPECIFIED CAUSE",,Diagnosis,575
22-Feb-2010,23-Apr-2003,GAUZE DRESSING,,Medication,576
26-Feb-2010,27-Apr-2003,562.1* DIVERTICULA OF COLON,,Diagnosis,577
02-Mar-2010,01-May-2003,698.9* UNSPECIFIED PRURITIC DISORDER,,Diagnosis,578
09-Mar-2010,07-May-2003,IMMUNOGLOBULINS IV HUMAN,,Medication,579
12-Mar-2010,10-May-2003,U80* INJURIES,,Diagnosis,580
13-Mar-2010,12-May-2003,525* DISEASES AND CONDITIONS OF THE TEETH AND SUPPORT.STRUCTURES,,Diagnosis,581
15-Mar-2010,13-May-2003,IPRATROPIUM BROMIDE,,Medication,582
19-Mar-2010,18-May-2003,L08* SHOULDER SYMPTOMS/COMPLAINTS,,Diagnosis,583
26-Mar-2010,24-May-2003,INSULIN LISPRO,,Medication,584
27-Mar-2010,25-May-2003,CALCIPOTRIOL,,Medication,585
31-Mar-2010,29-May-2003,780.7* MALAISE AND FATIGUE,,Diagnosis,586
02-Apr-2010,31-May-2003,HYALURONIC ACID,,Medication,587
02-Apr-2010,31-May-2003,CHLORHEXIDINE,,Medication,588
07-Apr-2010,05-Jun-2003,"PARACETAMOL, COMBINATIONS EXCL. PSYCHOLEPTIC",,Medication,589
07-Apr-2010,06-Jun-2003,LORAZEPAM,,Medication,590
08-Apr-2010,06-Jun-2003,AMLODIPINE,,Medication,591
08-Apr-2010,06-Jun-2003,HTN CCB DIHYDRO,,Medication,592
19-Apr-2010,17-Jun-2003,FUROSEMIDE,,Medication,593
20-Apr-2010,18-Jun-2003,ALFUZOSIN,,Medication,594
25-Apr-2010,23-Jun-2003,780.2* SYNCOPE AND COLLAPSE,,Diagnosis,595
28-Apr-2010,27-Jun-2003,LANSOPRAZOLE,,Medication,596
30-Apr-2010,28-Jun-2003,427.3* ATRIAL FIBRILLATION AND FLUTTER,,Diagnosis,597
03-May-2010,02-Jul-2003,HTN ACEI,,Medication,598
03-May-2010,02-Jul-2003,RAMIPRIL,,Medication,599
05-May-2010,03-Jul-2003,EZETIMIBE,,Medication,600
06-May-2010,04-Jul-2003,CILAZAPRIL,,Medication,601
06-May-2010,04-Jul-2003,HTN ACEI,,Medication,602
11-May-2010,09-Jul-2003,ASPIRIN,,Medication,603
15-May-2010,13-Jul-2003,OXYBUTYNIN,,Medication,604
17-May-2010,16-Jul-2003,IPRATROPIUM BROMIDE,,Medication,605
18-May-2010,17-Jul-2003,HTN BETA BLOCKERS,,Medication,606
18-May-2010,17-Jul-2003,METOPROLOL,,Medication,607
21-May-2010,19-Jul-2003,ATENOLOL,,Medication,608
21-May-2010,19-Jul-2003,HTN BETA BLOCKERS,,Medication,609
23-May-2010,22-Jul-2003,CARVEDILOL,,Medication,610
23-May-2010,22-Jul-2003,HTN BETA BLOCKERS,,Medication,611
24-May-2010,23-Jul-2003,CALCIUM-VITAMIN D CD,,Medication,612
28-May-2010,26-Jul-2003,CHOLECALCIFEROL,,Medication,613
29-May-2010,28-Jul-2003,CEFTRIAXONE,,Medication,614
31-May-2010,29-Jul-2003,HTN BETA BLOCKERS,,Medication,615
31-May-2010,29-Jul-2003,METOPROLOL,,Medication,616
01-Jun-2010,30-Jul-2003,HYDROCHLOROTHIAZIDE,,Medication,617
01-Jun-2010,30-Jul-2003,DIPYRIDAMOLE,,Medication,618
10-Jun-2010,09-Aug-2003,BRONCHOLATE NEW FORMULA CD,,Medication,619
13-Jun-2010,12-Aug-2003,GLUCOMETER STRIPS,,Medication,620
21-Jun-2010,19-Aug-2003,ALFUZOSIN,,Medication,621
22-Jun-2010,20-Aug-2003,25203 HEMOGLOBIN A1C CALCULATED,Adjust time,Lab,622
27-Jun-2010,25-Aug-2003,DIGOXIN,,Medication,623
29-Jun-2010,28-Aug-2003,BRONCHOLATE PLUS CD,,Medication,624
30-Jun-2010,28-Aug-2003,ASPIRIN,,Medication,625
07-Jul-2010,05-Sep-2003,BEZAFIBRATE,,Medication,626
08-Jul-2010,05-Sep-2003,ACAMOL TSINUN/DEXAMOL SINUS CD,,Medication,627
22-Jul-2010,19-Sep-2003,BISOPROLOL,,Medication,628
22-Jul-2010,19-Sep-2003,HTN BETA BLOCKERS,,Medication,629
22-Jul-2010,19-Sep-2003,COAG (NO CLEXANE 40MG),,Medication,630
23-Jul-2010,21-Sep-2003,401.9* UNSPECIFIED ESSENTIAL HYPERTENSION,,Diagnosis,631
25-Jul-2010,23-Sep-2003,V58.6* ENCOUNTER FOR LONG-TERM (CURRENT) DRUG USE,,Diagnosis,632
27-Jul-2010,24-Sep-2003,362.1* OTHER BACKGROUND RETINOPATHY AND RETINAL VASCULAR CHANGES,,Diagnosis,633
28-Jul-2010,25-Sep-2003,FUROSEMIDE,,Medication,634
29-Jul-2010,26-Sep-2003,METHOTREXATE,,Medication,635
31-Jul-2010,28-Sep-2003,ENALAPRIL AND LERCANIDIPINE,,Medication,636
31-Jul-2010,28-Sep-2003,HTN ACEI,,Medication,637
02-Aug-2010,30-Sep-2003,AMIODARONE,,Medication,638
02-Aug-2010,30-Sep-2003,IPRATROPIUM BROMIDE,,Medication,639
05-Aug-2010,04-Oct-2003,427.3* ATRIAL FIBRILLATION AND FLUTTER,,Diagnosis,640
07-Aug-2010,05-Oct-2003,HTN ACEI,,Medication,641
07-Aug-2010,05-Oct-2003,RAMIPRIL,,Medication,642
08-Aug-2010,06-Oct-2003,25203 HEMOGLOBIN A1C CALCULATED,Adjust time,Lab,643
08-Aug-2010,06-Oct-2003,DOXAZOSIN,,Medication,644
16-Aug-2010,14-Oct-2003,HTN CCB DIHYDRO,,Medication,645
16-Aug-2010,14-Oct-2003,LERCANIDIPINE,,Medication,646
18-Aug-2010,16-Oct-2003,ASPIRIN,,Medication,647
18-Aug-2010,16-Oct-2003,ALCOHOL,,Medication,648
20-Aug-2010,18-Oct-2003,METFORMIN,,Medication,649
21-Aug-2010,19-Oct-2003,APIXABAN,,Medication,650
21-Aug-2010,19-Oct-2003,COAG (NO CLEXANE 40MG),,Medication,651
23-Aug-2010,22-Oct-2003,25203 HEMOGLOBIN A1C CALCULATED,Adjust time,Lab,652
27-Aug-2010,26-Oct-2003,427.3* ATRIAL FIBRILLATION AND FLUTTER,,Diagnosis,653
30-Aug-2010,29-Oct-2003,ALFUZOSIN,,Medication,654
05-Sep-2010,04-Nov-2003,724.2* LUMBAGO,,Diagnosis,655
10-Sep-2010,08-Nov-2003,LEFLUNOMIDE,,Medication,656
15-Sep-2010,14-Nov-2003,V14.8* PERSONAL HISTORY OF ALLERGY TO SPECIFIED MEDICINAL AGENTS,,Diagnosis,657
15-Sep-2010,14-Nov-2003,FUSIDIC ACID,,Medication,658
29-Sep-2010,27-Nov-2003,ALLOPURINOL,,Medication,659
01-Oct-2010,29-Nov-2003,780.4* DIZZINESS AND GIDDINESS (VERTIGO),,Diagnosis,660
02-Oct-2010,30-Nov-2003,CICLOSPORIN,,Medication,661
04-Oct-2010,02-Dec-2003,25203 HEMOGLOBIN A1C CALCULATED,Adjust time,Lab,662
11-Oct-2010,10-Dec-2003,COAG (NO CLEXANE 40MG),,Medication,663
18-Oct-2010,16-Dec-2003,BISOPROLOL,,Medication,664
18-Oct-2010,16-Dec-2003,HTN BETA BLOCKERS,,Medication,665
20-Oct-2010,19-Dec-2003,272.4* OTHER AND UNSPECIFIED HYPERLIPIDEMIA,,Diagnosis,666
22-Oct-2010,21-Dec-2003,INSULIN ASPART,,Medication,667
23-Oct-2010,22-Dec-2003,DOXAZOSIN,,Medication,668
29-Oct-2010,27-Dec-2003,CLOPIDOGREL,,Medication,669
29-Oct-2010,28-Dec-2003,CARVEDILOL,,Medication,670
29-Oct-2010,28-Dec-2003,HTN BETA BLOCKERS,,Medication,671
02-Nov-2010,01-Jan-2004,ASPIRIN,,Medication,672
09-Nov-2010,08-Jan-2004,783.0* ANOREXIA,,Diagnosis,673
19-Nov-2010,18-Jan-2004,198.2* SECONDARY MALIGNANT NEOPLASM OF SKIN,,Diagnosis,674
19-Nov-2010,18-Jan-2004,disease.CANCER,Exclude,Cohort,675
23-Nov-2010,22-Jan-2004,IPRATROPIUM BROMIDE,,Medication,676
25-Nov-2010,23-Jan-2004,CO-TRIMOXAZOLE CD,,Medication,677
29-Nov-2010,28-Jan-2004,FERRIC OXIDE POLYMALTOSE COMPLEXES,,Medication,678
16-Dec-2010,13-Feb-2004,ROSUVASTATIN,,Medication,679
16-Dec-2010,13-Feb-2004,ROSUVASTATIN,,Medication,680
21-Dec-2010,19-Feb-2004,MIRTAZAPINE,,Medication,681
21-Dec-2010,19-Feb-2004,DIMETINDENE,,Medication,682
01-Jan-2011,29-Feb-2004,427.3* ATRIAL FIBRILLATION AND FLUTTER,,Diagnosis,683
01-Jan-2011,29-Feb-2004,931.0* FOREIGN BODY EAR,,Diagnosis,684
02-Jan-2011,01-Mar-2004,DRESSING,,Medication,685
02-Jan-2011,01-Mar-2004,LORATADINE,,Medication,686
03-Jan-2011,02-Mar-2004,CLOPIDOGREL,,Medication,687
03-Jan-2011,02-Mar-2004,372.0* ACUTE CONJUNCTIVITIS,,Diagnosis,688
03-Jan-2011,03-Mar-2004,BISOPROLOL,,Medication,689
03-Jan-2011,03-Mar-2004,HTN BETA BLOCKERS,,Medication,690
05-Jan-2011,04-Mar-2004,CARVEDILOL,,Medication,691
05-Jan-2011,04-Mar-2004,HTN BETA BLOCKERS,,Medication,692
08-Jan-2011,08-Mar-2004,ATORVASTATIN,,Medication,693
08-Jan-2011,08-Mar-2004,ATORVASTATIN,,Medication,694
10-Jan-2011,09-Mar-2004,GLUCOMETER STRIPS,,Medication,695
13-Jan-2011,12-Mar-2004,ENALAPRIL,,Medication,696
13-Jan-2011,12-Mar-2004,HTN ACEI,,Medication,697
14-Jan-2011,14-Mar-2004,592.0* CALCULUS OF KIDNEY,,Diagnosis,698
16-Jan-2011,16-Mar-2004,DABIGATRAN ETEXILATE,,Medication,699
24-Jan-2011,24-Mar-2004,ASPIRIN-LYSINE ACETYLSALICYLATE,,Medication,700
27-Jan-2011,27-Mar-2004,IPRATROPIUM BROMIDE,,Medication,701
28-Jan-2011,28-Mar-2004,LEVOTHYROXINE SODIUM,,Medication,702
03-Feb-2011,02-Apr-2004,METFORMIN,,Medication,703
04-Feb-2011,04-Apr-2004,427.3* ATRIAL FIBRILLATION AND FLUTTER,,Diagnosis,704
06-Feb-2011,05-Apr-2004,HTN BETA BLOCKERS,,Medication,705
06-Feb-2011,05-Apr-2004,METOPROLOL,,Medication,706
07-Feb-2011,06-Apr-2004,272.4* OTHER AND UNSPECIFIED HYPERLIPIDEMIA,,Diagnosis,707
12-Feb-2011,11-Apr-2004,ASPIRIN,,Medication,708
12-Feb-2011,11-Apr-2004,HTN ACEI,,Medication,709
12-Feb-2011,11-Apr-2004,RAMIPRIL,,Medication,710
18-Feb-2011,17-Apr-2004,ALCOHOL,,Medication,711
19-Feb-2011,18-Apr-2004,ISOSORBIDE MONONITRATE,,Medication,712
20-Feb-2011,19-Apr-2004,ASPIRIN,,Medication,713
23-Feb-2011,22-Apr-2004,INSULIN GLARGINE,,Medication,714
23-Feb-2011,22-Apr-2004,V71.8* OBSERVATION FOR OTHER SPECIFIED SUSPECTED CONDITIONS,,Diagnosis,715
24-Feb-2011,24-Apr-2004,COAG (NO CLEXANE 40MG),,Medication,716
27-Feb-2011,27-Apr-2004,CARVEDILOL,,Medication,717
27-Feb-2011,27-Apr-2004,HTN BETA BLOCKERS,,Medication,718
04-Mar-2011,01-May-2004,599.7* HEMATURIA,,Diagnosis,719
06-Mar-2011,03-May-2004,401* ESSENTIAL HYPERTENSION,,Diagnosis,720
14-Mar-2011,12-May-2004,INHALER PARTS,,Medication,721
18-Mar-2011,15-May-2004,COAG (NO CLEXANE 40MG),,Medication,722
18-Mar-2011,15-May-2004,RIVAROXABAN,,Medication,723
19-Mar-2011,16-May-2004,IPRATROPIUM BROMIDE,,Medication,724
19-Mar-2011,17-May-2004,FERRIFOL CD,,Medication,725
20-Mar-2011,17-May-2004,ISPAGHULA,,Medication,726
23-Mar-2011,21-May-2004,FAMOTIDINE,,Medication,727
25-Mar-2011,23-May-2004,V58.4* OTHER AFTERCARE FOLLOWING SURGERY,,Diagnosis,728
27-Mar-2011,24-May-2004,"996.0* MECHANICAL COMPLICATION OF CARDIAC DEVICE, IMPLANT, AND GRAFT",,Diagnosis,729
29-Mar-2011,26-May-2004,185* MALIGNANT NEOPLASM OF PROSTATE,,Diagnosis,730
31-Mar-2011,29-May-2004,HTN ARB,,Medication,731
31-Mar-2011,29-May-2004,HTN DIURETICS,,Medication,732
05-Apr-2011,02-Jun-2004,AMANTADINE,,Medication,733
07-Apr-2011,04-Jun-2004,LANSOPRAZOLE,,Medication,734
09-Apr-2011,06-Jun-2004,AMLODIPINE,,Medication,735
09-Apr-2011,06-Jun-2004,HTN CCB DIHYDRO,,Medication,736
09-Apr-2011,06-Jun-2004,CLINDAMYCIN,,Medication,737
10-Apr-2011,08-Jun-2004,HTN BETA BLOCKERS,,Medication,738
10-Apr-2011,08-Jun-2004,METOPROLOL,,Medication,739
14-Apr-2011,11-Jun-2004,GLIPIZIDE,,Medication,740
18-Apr-2011,16-Jun-2004,DOXAZOSIN,,Medication,741
19-Apr-2011,16-Jun-2004,25203 HEMOGLOBIN A1C CALCULATED,Adjust time,Lab,742
20-Apr-2011,18-Jun-2004,NUSSIDEX/HISTADEX CD,,Medication,743
21-Apr-2011,19-Jun-2004,LEVODOPA AND DECARBOXYLASE INHIBITOR,,Medication,744
25-Apr-2011,23-Jun-2004,HTN ARB,,Medication,745
25-Apr-2011,23-Jun-2004,HTN DIURETICS,,Medication,746
01-May-2011,28-Jun-2004,ALFACALCIDOL,,Medication,747
02-May-2011,29-Jun-2004,INSULIN PEN LANCETS,,Medication,748
02-May-2011,29-Jun-2004,BEZAFIBRATE,,Medication,749
08-May-2011,05-Jul-2004,BABY PASTE CD,,Medication,750
11-May-2011,09-Jul-2004,211.3* BENIGN NEOPLASM OF COLON,,Diagnosis,751
13-May-2011,10-Jul-2004,CARVEDILOL,,Medication,752
13-May-2011,10-Jul-2004,HTN BETA BLOCKERS,,Medication,753
13-May-2011,11-Jul-2004,ISOSORBIDE MONONITRATE,,Medication,754
16-May-2011,14-Jul-2004,AMIODARONE,,Medication,755
22-May-2011,20-Jul-2004,HTN ARB,,Medication,756
22-May-2011,20-Jul-2004,LOSARTAN,,Medication,757
03-Jun-2011,31-Jul-2004,272.4* OTHER AND UNSPECIFIED HYPERLIPIDEMIA,,Diagnosis,758
08-Jun-2011,06-Aug-2004,ROSUVASTATIN,,Medication,759
08-Jun-2011,06-Aug-2004,ROSUVASTATIN,,Medication,760
11-Jun-2011,08-Aug-2004,GLUCOMETER STRIPS,,Medication,761
15-Jun-2011,13-Aug-2004,25203 HEMOGLOBIN A1C CALCULATED,Adjust time,Lab,762
18-Jun-2011,15-Aug-2004,FOLIC ACID,,Medication,763
24-Jun-2011,21-Aug-2004,"ALPHOSYL """"2 IN 1"""" CD",,Medication,764
27-Jun-2011,24-Aug-2004,CEFTRIAXONE,,Medication,765
27-Jun-2011,24-Aug-2004,HYDROCHLOROTHIAZIDE,,Medication,766
28-Jun-2011,25-Aug-2004,Z89.5* OTHER NONOPERATIVE CARDIAC AND VASCULAR DIAGNOSTIC PROCEDURES,,Diagnosis,767
29-Jun-2011,27-Aug-2004,ENALAPRIL,,Medication,768
29-Jun-2011,27-Aug-2004,HTN ACEI,,Medication,769
30-Jun-2011,27-Aug-2004,METFORMIN,,Medication,770
02-Jul-2011,29-Aug-2004,MOMETASONE,,Medication,771
05-Jul-2011,02-Sep-2004,GLUCOMETER STRIPS,,Medication,772
12-Jul-2011,09-Sep-2004,CARVEDILOL,,Medication,773
12-Jul-2011,09-Sep-2004,HTN BETA BLOCKERS,,Medication,774
13-Jul-2011,10-Sep-2004,COAG (NO CLEXANE 40MG),,Medication,775
17-Jul-2011,13-Sep-2004,INSULIN GLARGINE,,Medication,776
19-Jul-2011,15-Sep-2004,HTN ACEI,,Medication,777
19-Jul-2011,15-Sep-2004,RAMIPRIL,,Medication,778
19-Jul-2011,15-Sep-2004,GLIMEPIRIDE,,Medication,779
25-Jul-2011,22-Sep-2004,NIFEDIPINE,,Medication,780
26-Jul-2011,22-Sep-2004,LANSOPRAZOLE,,Medication,781
27-Jul-2011,23-Sep-2004,416.8* OTHER CHRONIC PULMONARY HEART DISEASES,,Diagnosis,782
27-Jul-2011,23-Sep-2004,ALCOHOL,,Medication,783
27-Jul-2011,23-Sep-2004,BISACODYL,,Medication,784
02-Aug-2011,29-Sep-2004,380.4* IMPACTED CERUMEN,,Diagnosis,785
04-Aug-2011,02-Oct-2004,V14.2* PERSONAL HISTORY OF ALLERGY TO SULFONAMIDES,,Diagnosis,786
06-Aug-2011,04-Oct-2004,INSULIN DETEMIR,,Medication,787
07-Aug-2011,05-Oct-2004,ASPIRIN,,Medication,788
12-Aug-2011,09-Oct-2004,LARGE,,Medication,789
17-Aug-2011,14-Oct-2004,923* CONTUSION OF UPPER LIMB,,Diagnosis,790
19-Aug-2011,17-Oct-2004,ATORVASTATIN,,Medication,791
19-Aug-2011,17-Oct-2004,ATORVASTATIN,,Medication,792
20-Aug-2011,17-Oct-2004,786.2* COUGH,,Diagnosis,793
21-Aug-2011,19-Oct-2004,ATENOLOL,,Medication,794
21-Aug-2011,19-Oct-2004,HTN BETA BLOCKERS,,Medication,795
26-Aug-2011,23-Oct-2004,722.9* OTHER AND UNSPECIFIED DISC DISORDER,,Diagnosis,796
26-Aug-2011,24-Oct-2004,747.0* PATENT DUCTUS ARTERIOSUS,,Diagnosis,797
28-Aug-2011,26-Oct-2004,CLOPIDOGREL,,Medication,798
07-Sep-2011,04-Nov-2004,ALLOPURINOL,,Medication,799
12-Sep-2011,09-Nov-2004,PROPAFENONE,,Medication,800
19-Sep-2011,16-Nov-2004,ETORICOXIB,,Medication,801
24-Sep-2011,21-Nov-2004,GAUZE DRESSING,,Medication,802
25-Sep-2011,22-Nov-2004,BROTIZOLAM,,Medication,803
26-Sep-2011,24-Nov-2004,DULAGLUTIDE,,Medication,804
30-Sep-2011,28-Nov-2004,CHLORAMPHENICOL,,Medication,805
02-Oct-2011,29-Nov-2004,HTN CCB DIHYDRO,,Medication,806
02-Oct-2011,29-Nov-2004,LERCANIDIPINE,,Medication,807
09-Oct-2011,06-Dec-2004,PRAVASTATIN,,Medication,808
09-Oct-2011,06-Dec-2004,PRAVASTATIN,,Medication,809
10-Oct-2011,08-Dec-2004,FUROSEMIDE,,Medication,810
14-Oct-2011,11-Dec-2004,CARVEDILOL,,Medication,811
14-Oct-2011,11-Dec-2004,HTN BETA BLOCKERS,,Medication,812
17-Oct-2011,14-Dec-2004,250* DIABETES MELLITUS,,Diagnosis,813
17-Oct-2011,14-Dec-2004,ENALAPRIL,,Medication,814
17-Oct-2011,14-Dec-2004,HTN ACEI,,Medication,815
19-Oct-2011,16-Dec-2004,ASPIRIN,,Medication,816
20-Oct-2011,18-Dec-2004,RISPERIDONE,,Medication,817
24-Oct-2011,21-Dec-2004,FUSIDIC ACID,,Medication,818
30-Oct-2011,27-Dec-2004,459.8* OTHER SPECIFIED DISORDERS OF CIRCULATORY SYSTEM,,Diagnosis,819
02-Nov-2011,30-Dec-2004,600.0* HYPERTROPHY (BENIGN) OF PROSTATE,,Diagnosis,820
02-Nov-2011,30-Dec-2004,427.3* ATRIAL FIBRILLATION AND FLUTTER,,Diagnosis,821
10-Nov-2011,08-Jan-2005,DOXAZOSIN,,Medication,822
13-Nov-2011,11-Jan-2005,ATENOLOL,,Medication,823
13-Nov-2011,11-Jan-2005,HTN BETA BLOCKERS,,Medication,824
16-Nov-2011,14-Jan-2005,CLOPIDOGREL,,Medication,825
23-Nov-2011,20-Jan-2005,250* DIABETES MELLITUS,,Diagnosis,826
30-Nov-2011,27-Jan-2005,FLUTICASONE,,Medication,827
01-Dec-2011,28-Jan-2005,110.4* DERMATOPHYTOSIS OF FOOT,,Diagnosis,828
04-Dec-2011,31-Jan-2005,HTN ACEI,,Medication,829
04-Dec-2011,31-Jan-2005,RAMIPRIL,,Medication,830
05-Dec-2011,01-Feb-2005,HYDROGEN PEROXIDE,,Medication,831
06-Dec-2011,02-Feb-2005,AMIODARONE,,Medication,832
12-Dec-2011,08-Feb-2005,HTN CCB DIHYDRO,,Medication,833
12-Dec-2011,08-Feb-2005,LERCANIDIPINE,,Medication,834
12-Dec-2011,08-Feb-2005,GLIBENCLAMIDE,,Medication,835
18-Dec-2011,14-Feb-2005,FOLIC ACID,,Medication,836
20-Dec-2011,16-Feb-2005,CLOPIDOGREL,,Medication,837
21-Dec-2011,17-Feb-2005,AMLODIPINE,,Medication,838
21-Dec-2011,17-Feb-2005,HTN CCB DIHYDRO,,Medication,839
22-Dec-2011,18-Feb-2005,25203 HEMOGLOBIN A1C CALCULATED,Adjust time,Lab,840
23-Dec-2011,19-Feb-2005,DULOXETINE,,Medication,841
27-Dec-2011,23-Feb-2005,427.3* ATRIAL FIBRILLATION AND FLUTTER,,Diagnosis,842
27-Dec-2011,23-Feb-2005,HTN ARB,,Medication,843
27-Dec-2011,23-Feb-2005,LOSARTAN,,Medication,844
27-Dec-2011,24-Feb-2005,FAMOTIDINE,,Medication,845
28-Dec-2011,24-Feb-2005,447.1* STRICTURE OF ARTERY,,Diagnosis,846
01-Jan-2012,01-Mar-2005,ENALAPRIL,,Medication,847
01-Jan-2012,01-Mar-2005,HTN ACEI,,Medication,848
06-Jan-2012,05-Mar-2005,"427.2* PAROXYSMAL TACHYCARDIA, UNSPECIFIED",,Diagnosis,849
10-Jan-2012,09-Mar-2005,LORNOXICAM,,Medication,850
14-Jan-2012,13-Mar-2005,CAST,,Medication,851
16-Jan-2012,16-Mar-2005,427.3* ATRIAL FIBRILLATION AND FLUTTER,,Diagnosis,852
19-Jan-2012,18-Mar-2005,ATORVASTATIN,,Medication,853
19-Jan-2012,18-Mar-2005,ATORVASTATIN,,Medication,854
28-Jan-2012,28-Mar-2005,DARBEPOETIN ALFA,,Medication,855
03-Feb-2012,02-Apr-2005,COAG (NO CLEXANE 40MG),,Medication,856
09-Feb-2012,08-Apr-2005,BETHAMETHASONE,,Medication,857
10-Feb-2012,09-Apr-2005,ATORVASTATIN,,Medication,858
10-Feb-2012,09-Apr-2005,ATORVASTATIN,,Medication,859
16-Feb-2012,15-Apr-2005,CYANOCOBALAMINE,,Medication,860
18-Feb-2012,17-Apr-2005,CLOPIDOGREL,,Medication,861
26-Feb-2012,25-Apr-2005,537.8* OTHER SPECIFIED DISORDERS OF STOMACH AND DUODENUM,,Diagnosis,862
28-Feb-2012,27-Apr-2005,CODEINE,,Medication,863
29-Feb-2012,29-Apr-2005,719.4* PAIN IN JOINT,,Diagnosis,864
04-Mar-2012,02-May-2005,Z51.2* CHOLECYSTECTOMY,,Diagnosis,865
28-Mar-2012,27-May-2005,CHOLECALCIFEROL,,Medication,866
30-Mar-2012,29-May-2005,FUROSEMIDE,,Medication,867
08-Apr-2012,07-Jun-2005,AMLODIPINE,,Medication,868
08-Apr-2012,07-Jun-2005,HTN CCB DIHYDRO,,Medication,869
12-Apr-2012,10-Jun-2005,PREDNISONE,,Medication,870
18-Apr-2012,17-Jun-2005,MUSCOL CD,,Medication,871
23-Apr-2012,21-Jun-2005,461* ACUTE SINUSITIS,,Diagnosis,872
30-Apr-2012,28-Jun-2005,MAALOX CD,,Medication,873
30-Apr-2012,29-Jun-2005,HTN CCB DIHYDRO,,Medication,874
30-Apr-2012,29-Jun-2005,LERCANIDIPINE,,Medication,875
02-May-2012,30-Jun-2005,FUROSEMIDE,,Medication,876
02-May-2012,30-Jun-2005,MIRTAZAPINE,,Medication,877
04-May-2012,02-Jul-2005,Z60.6* OTHER PROSTATECTOMY,,Diagnosis,878
05-May-2012,03-Jul-2005,726.1* ROTATOR CUFF SYNDROME OF SHOULDER AND ALLIED DISORDERS,,Diagnosis,879
12-May-2012,10-Jul-2005,CLONAZEPAM,,Medication,880
15-May-2012,13-Jul-2005,COAG (NO CLEXANE 40MG),,Medication,881
17-May-2012,15-Jul-2005,300.4* NEUROTIC DEPRESSION,,Diagnosis,882
17-May-2012,16-Jul-2005,HTN BETA BLOCKERS,,Medication,883
17-May-2012,16-Jul-2005,METOPROLOL,,Medication,884
19-May-2012,17-Jul-2005,V45.8* OTHER POSTSURGICAL STATUS,,Diagnosis,885
19-May-2012,17-Jul-2005,DIACEREIN,,Medication,886
19-May-2012,18-Jul-2005,HTN ARB,,Medication,887
19-May-2012,18-Jul-2005,LOSARTAN,,Medication,888
20-May-2012,18-Jul-2005,BISOPROLOL,,Medication,889
20-May-2012,18-Jul-2005,HTN BETA BLOCKERS,,Medication,890
25-May-2012,23-Jul-2005,ESCITALOPRAM,,Medication,891
25-May-2012,23-Jul-2005,ATENOLOL,,Medication,892
25-May-2012,23-Jul-2005,HTN BETA BLOCKERS,,Medication,893
27-May-2012,25-Jul-2005,25203 HEMOGLOBIN A1C CALCULATED,Adjust time,Lab,894
27-May-2012,25-Jul-2005,272.9* UNSPECIFIED DISORDER OF LIPOID METABOLISM,,Diagnosis,895
30-May-2012,28-Jul-2005,GLIPIZIDE,,Medication,896
31-May-2012,29-Jul-2005,ALFUZOSIN,,Medication,897
06-Jun-2012,04-Aug-2005,ROSUVASTATIN,,Medication,898
06-Jun-2012,04-Aug-2005,ROSUVASTATIN,,Medication,899
07-Jun-2012,06-Aug-2005,427.3* ATRIAL FIBRILLATION AND FLUTTER,,Diagnosis,900
13-Jun-2012,11-Aug-2005,25203 HEMOGLOBIN A1C CALCULATED,Adjust time,Lab,901
19-Jun-2012,18-Aug-2005,FUROSEMIDE,,Medication,902
24-Jun-2012,22-Aug-2005,MAXITROL CD,,Medication,903
05-Jul-2012,02-Sep-2005,ASPIRIN,,Medication,904
09-Jul-2012,06-Sep-2005,PREDNISONE,,Medication,905
11-Jul-2012,08-Sep-2005,HTN BETA BLOCKERS,,Medication,906
11-Jul-2012,08-Sep-2005,METOPROLOL,,Medication,907
14-Jul-2012,11-Sep-2005,250* DIABETES MELLITUS,,Diagnosis,908
18-Jul-2012,16-Sep-2005,PICO-SALAX/CITRAFLEET,,Medication,909
21-Jul-2012,18-Sep-2005,PRAVASTATIN,,Medication,910
21-Jul-2012,18-Sep-2005,PRAVASTATIN,,Medication,911
21-Jul-2012,19-Sep-2005,V44.0* TRACHEOSTOMY STATUS,,Diagnosis,912
23-Jul-2012,20-Sep-2005,FUROSEMIDE,,Medication,913
26-Jul-2012,24-Sep-2005,721.3* LUMBOSACRAL SPONDYLOSIS WITHOUT MYELOPATHY,,Diagnosis,914
29-Jul-2012,26-Sep-2005,FAMOTIDINE,,Medication,915
14-Aug-2012,13-Oct-2005,401* ESSENTIAL HYPERTENSION,,Diagnosis,916
17-Aug-2012,16-Oct-2005,COLDEX/TEVA-COLD CD,,Medication,917
18-Aug-2012,16-Oct-2005,427.3* ATRIAL FIBRILLATION AND FLUTTER,,Diagnosis,918
21-Aug-2012,19-Oct-2005,MEROKEN NEW CD,,Medication,919
25-Aug-2012,23-Oct-2005,HTN CCB DIHYDRO,,Medication,920
25-Aug-2012,23-Oct-2005,LERCANIDIPINE,,Medication,921
25-Aug-2012,24-Oct-2005,HTN ARB,,Medication,922
25-Aug-2012,24-Oct-2005,LOSARTAN,,Medication,923
27-Aug-2012,26-Oct-2005,ROSUVASTATIN,,Medication,924
27-Aug-2012,26-Oct-2005,ROSUVASTATIN,,Medication,925
29-Aug-2012,27-Oct-2005,25203 HEMOGLOBIN A1C CALCULATED,Adjust time,Lab,926
01-Sep-2012,30-Oct-2005,703.0* INGROWING NAIL,,Diagnosis,927
02-Sep-2012,01-Nov-2005,HTN ARB,,Medication,928
03-Sep-2012,01-Nov-2005,416.8* OTHER CHRONIC PULMONARY HEART DISEASES,,Diagnosis,929
05-Sep-2012,04-Nov-2005,"493.9* ASTHMA, UNSPECIFIED",,Diagnosis,930
05-Sep-2012,04-Nov-2005,"724.5* BACKACHE, UNSPECIFIED",,Diagnosis,931
07-Sep-2012,05-Nov-2005,L15* KNEE SYMPTOMS/COMPLAINTS,,Diagnosis,932
08-Sep-2012,06-Nov-2005,MIRTAZAPINE,,Medication,933
09-Sep-2012,07-Nov-2005,INSULIN PEN LANCETS,,Medication,934
10-Sep-2012,09-Nov-2005,Z11.6* CORNEAL TRANSPLANT,,Diagnosis,935
10-Sep-2012,09-Nov-2005,CODEINE AND NON-OPIOID ANALGESICS,,Medication,936
12-Sep-2012,10-Nov-2005,PREDNISONE,,Medication,937
13-Sep-2012,12-Nov-2005,CICLOSPORIN,,Medication,938
16-Sep-2012,14-Nov-2005,LYTEERS/V-TEARS,,Medication,939
17-Sep-2012,16-Nov-2005,DOXAZOSIN,,Medication,940
18-Sep-2012,16-Nov-2005,752.6* HYPOSPADIAS AND EPISPADIAS,,Diagnosis,941
21-Sep-2012,19-Nov-2005,FOLEX/FORIC/FOROL CD,,Medication,942
28-Sep-2012,26-Nov-2005,414.0* CORONARY ATHEROSCLEROSIS,,Diagnosis,943
29-Sep-2012,27-Nov-2005,FAMOTIDINE,,Medication,944
04-Oct-2012,02-Dec-2005,25203 HEMOGLOBIN A1C CALCULATED,Adjust time,Lab,945
05-Oct-2012,03-Dec-2005,ATORVASTATIN,,Medication,946
05-Oct-2012,03-Dec-2005,ATORVASTATIN,,Medication,947
06-Oct-2012,05-Dec-2005,CHOLECALCIFEROL,,Medication,948
07-Oct-2012,05-Dec-2005,790.9* OTHER NONSPECIFIC FINDINGS ON EXAMINATION OF BLOOD,,Diagnosis,949
07-Oct-2012,05-Dec-2005,HTN ARB,,Medication,950
07-Oct-2012,05-Dec-2005,LOSARTAN,,Medication,951
10-Oct-2012,08-Dec-2005,HTN ARB,,Medication,952
10-Oct-2012,08-Dec-2005,HTN DIURETICS,,Medication,953
23-Oct-2012,21-Dec-2005,ASCORBIC ACID (VIT C),,Medication,954
24-Oct-2012,22-Dec-2005,FLUTICASONE,,Medication,955
26-Oct-2012,25-Dec-2005,CEFUROXIME,,Medication,956
28-Oct-2012,26-Dec-2005,784.0* HEADACHE,,Diagnosis,957
30-Oct-2012,28-Dec-2005,AMLODIPINE,,Medication,958
30-Oct-2012,28-Dec-2005,HTN CCB DIHYDRO,,Medication,959
31-Oct-2012,30-Dec-2005,465.9* ACUTE UPPER RESPIRATORY INFECTIONS OF UNSPECIFIED SITE,,Diagnosis,960
06-Nov-2012,05-Jan-2006,ATORVASTATIN,,Medication,961
06-Nov-2012,05-Jan-2006,ATORVASTATIN,,Medication,962
07-Nov-2012,05-Jan-2006,DUTASTERIDE,,Medication,963
09-Nov-2012,08-Jan-2006,25203 HEMOGLOBIN A1C CALCULATED,Adjust time,Lab,964
12-Nov-2012,10-Jan-2006,CARBAMAZEPINE,,Medication,965
12-Nov-2012,10-Jan-2006,DIRECT ORAL ANTO COAG,,Medication,966
14-Nov-2012,12-Jan-2006,BROTIZOLAM,,Medication,967
18-Nov-2012,17-Jan-2006,ACETYLCYSTEINE,,Medication,968
22-Nov-2012,20-Jan-2006,437* OTHER AND ILL-DEFINED CEREBROVASCULAR DISEASE,,Diagnosis,969
25-Nov-2012,24-Jan-2006,GLIBENCLAMIDE,,Medication,970
28-Nov-2012,26-Jan-2006,AGIOLAX CD,,Medication,971
29-Nov-2012,27-Jan-2006,BISOPROLOL,,Medication,972
29-Nov-2012,27-Jan-2006,HTN BETA BLOCKERS,,Medication,973
30-Nov-2012,29-Jan-2006,LANSOPRAZOLE,,Medication,974
01-Dec-2012,29-Jan-2006,427.3* ATRIAL FIBRILLATION AND FLUTTER,,Diagnosis,975
03-Dec-2012,31-Jan-2006,PROPAFENONE,,Medication,976
11-Dec-2012,08-Feb-2006,METFORMIN,,Medication,977
11-Dec-2012,08-Feb-2006,790.1* ELEVATED SEDIMENTATION RATE,,Diagnosis,978
12-Dec-2012,09-Feb-2006,HYDRALAZINE,,Medication,979
12-Dec-2012,10-Feb-2006,455.0* INTERNAL HEMORRHOIDS WITHOUT MENTION OF COMPLICATION,,Diagnosis,980
14-Dec-2012,12-Feb-2006,PRAVASTATIN,,Medication,981
14-Dec-2012,12-Feb-2006,PRAVASTATIN,,Medication,982
15-Dec-2012,13-Feb-2006,ATORVASTATIN,,Medication,983
15-Dec-2012,13-Feb-2006,ATORVASTATIN,,Medication,984
22-Dec-2012,19-Feb-2006,ALFUZOSIN,,Medication,985
24-Dec-2012,21-Feb-2006,"493.9* ASTHMA, UNSPECIFIED",,Diagnosis,986
25-Dec-2012,22-Feb-2006,KALGARON CD,,Medication,987
26-Dec-2012,24-Feb-2006,BUDESONIDE,,Medication,988
03-Jan-2013,04-Mar-2006,ASPIRIN,,Medication,989
04-Jan-2013,04-Mar-2006,"INSULIN, BIPHASIC ISOPHANE",,Medication,990
06-Jan-2013,06-Mar-2006,780.4* DIZZINESS AND GIDDINESS (VERTIGO),,Diagnosis,991
06-Jan-2013,07-Mar-2006,PAROXETINE,,Medication,992
10-Jan-2013,10-Mar-2006,V15.8* OTHER SPECIFIED PERSONAL HISTORY PRESENTING HAZARDS TO HEALTH,,Diagnosis,993
10-Jan-2013,11-Mar-2006,278.0* OBESITY,,Diagnosis,994
16-Jan-2013,16-Mar-2006,COAG (NO CLEXANE 40MG),,Medication,995
16-Jan-2013,17-Mar-2006,METFORMIN,,Medication,996
17-Jan-2013,18-Mar-2006,427.3* ATRIAL FIBRILLATION AND FLUTTER,,Diagnosis,997
19-Jan-2013,19-Mar-2006,MYCOPHENOLIC ACID,,Medication,998
21-Jan-2013,22-Mar-2006,CALCIUM-VITAMIN D CD,,Medication,999
21-Jan-2013,22-Mar-2006,ATENOLOL,,Medication,1000
21-Jan-2013,22-Mar-2006,HTN BETA BLOCKERS,,Medication,1001
25-Jan-2013,25-Mar-2006,25203 HEMOGLOBIN A1C CALCULATED,Adjust time,Lab,1002
26-Jan-2013,26-Mar-2006,FUROSEMIDE,,Medication,1003
30-Jan-2013,30-Mar-2006,L04* CHEST SYMPTOMS/COMPLAINTS,,Diagnosis,1004
31-Jan-2013,01-Apr-2006,V46.2* DEPENDENCE ON SUPPLEMENTAL OXYGEN,,Diagnosis,1005
01-Feb-2013,01-Apr-2006,"486* PNEUMONIA, ORGANISM UNSPECIFIED",,Diagnosis,1006
02-Feb-2013,03-Apr-2006,FERRIC OXIDE POLYMALTOSE COMPLEXES,,Medication,1007
05-Feb-2013,05-Apr-2006,ALLOPURINOL,,Medication,1008
07-Feb-2013,07-Apr-2006,ASPIRIN,,Medication,1009
07-Feb-2013,07-Apr-2006,GAUZE DRESSING,,Medication,1010
09-Feb-2013,09-Apr-2006,BROTIZOLAM,,Medication,1011
11-Feb-2013,11-Apr-2006,ALFUZOSIN,,Medication,1012
13-Feb-2013,13-Apr-2006,ALCOHOL,,Medication,1013
15-Feb-2013,15-Apr-2006,ATORVASTATIN,,Medication,1014
15-Feb-2013,15-Apr-2006,ATORVASTATIN,,Medication,1015
15-Feb-2013,15-Apr-2006,BETAHISTINE,,Medication,1016
19-Feb-2013,19-Apr-2006,COAG (NO CLEXANE 40MG),,Medication,1017
20-Feb-2013,20-Apr-2006,PROPAFENONE,,Medication,1018
23-Feb-2013,23-Apr-2006,CLONAZEPAM,,Medication,1019
26-Feb-2013,26-Apr-2006,HTN ARB,,Medication,1020
26-Feb-2013,26-Apr-2006,LOSARTAN,,Medication,1021
04-Mar-2013,03-May-2006,729.5* PAIN IN LIMB,,Diagnosis,1022
11-Mar-2013,09-May-2006,HTN CCB DIHYDRO,,Medication,1023
11-Mar-2013,09-May-2006,NIFEDIPINE,,Medication,1024
18-Mar-2013,17-May-2006,CALCIUM CARBONATE,,Medication,1025
26-Mar-2013,25-May-2006,ASPIRIN,,Medication,1026
30-Mar-2013,28-May-2006,CEFALEXIN,,Medication,1027
03-Apr-2013,01-Jun-2006,LATANOPROST,,Medication,1028
15-Apr-2013,13-Jun-2006,FORMOTEROL,,Medication,1029
17-Apr-2013,15-Jun-2006,DABIGATRAN ETEXILATE,,Medication,1030
21-Apr-2013,19-Jun-2006,DICYCLOVERINE,,Medication,1031
27-Apr-2013,25-Jun-2006,CLONIDINE,,Medication,1032
01-May-2013,29-Jun-2006,PIROXICAM,,Medication,1033
09-May-2013,07-Jul-2006,CILAZAPRIL,,Medication,1034
09-May-2013,07-Jul-2006,HTN ACEI,,Medication,1035
14-May-2013,12-Jul-2006,25203 HEMOGLOBIN A1C CALCULATED,Adjust time,Lab,1036
21-May-2013,20-Jul-2006,ATENOLOL,,Medication,1037
21-May-2013,20-Jul-2006,HTN BETA BLOCKERS,,Medication,1038
23-May-2013,21-Jul-2006,250* DIABETES MELLITUS,,Diagnosis,1039
16-Jun-2013,14-Aug-2006,HTN BETA BLOCKERS,,Medication,1040
27-Jun-2013,25-Aug-2006,BETAMETHASONE DIPR.-CALCIPOTRIOL,,Medication,1041
27-Jun-2013,26-Aug-2006,ASPIRIN,,Medication,1042
30-Jun-2013,29-Aug-2006,272.0* PURE HYPERCHOLESTEROLEMIA,,Diagnosis,1043
07-Jul-2013,04-Sep-2006,784.0* HEADACHE,,Diagnosis,1044
08-Jul-2013,06-Sep-2006,ACETAZOLAMIDE,,Medication,1045
11-Jul-2013,09-Sep-2006,PANTOPRAZOLE,,Medication,1046
13-Jul-2013,11-Sep-2006,ASPIRIN,,Medication,1047
14-Jul-2013,12-Sep-2006,375.1* OTHER DISORDERS OF LACRIMAL GLAND,,Diagnosis,1048
17-Jul-2013,14-Sep-2006,460* ACUTE NASOPHARYNGITIS (COMMON COLD),,Diagnosis,1049
27-Jul-2013,24-Sep-2006,272.4* OTHER AND UNSPECIFIED HYPERLIPIDEMIA,,Diagnosis,1050
29-Jul-2013,27-Sep-2006,25203 HEMOGLOBIN A1C CALCULATED,Adjust time,Lab,1051
30-Jul-2013,28-Sep-2006,V72.6* LABORATORY EXAMINATION,,Diagnosis,1052
31-Jul-2013,29-Sep-2006,ENALAPRIL,,Medication,1053
31-Jul-2013,29-Sep-2006,HTN ACEI,,Medication,1054
01-Aug-2013,29-Sep-2006,BISACODYL,,Medication,1055
02-Aug-2013,01-Oct-2006,BEZAFIBRATE,,Medication,1056
07-Aug-2013,05-Oct-2006,25203 HEMOGLOBIN A1C CALCULATED,Adjust time,Lab,1057
12-Aug-2013,10-Oct-2006,HTN ACEI,,Medication,1058
12-Aug-2013,10-Oct-2006,RAMIPRIL,,Medication,1059
17-Aug-2013,16-Oct-2006,CODEINE AND PARACETAMOL,,Medication,1060
18-Aug-2013,16-Oct-2006,POLYACRYLIC ACID,,Medication,1061
20-Aug-2013,18-Oct-2006,FUROSEMIDE,,Medication,1062
24-Aug-2013,23-Oct-2006,185* MALIGNANT NEOPLASM OF PROSTATE,,Diagnosis,1063
26-Aug-2013,24-Oct-2006,BIPERIDEN,,Medication,1064
29-Aug-2013,27-Oct-2006,ATENOLOL,,Medication,1065
29-Aug-2013,27-Oct-2006,HTN BETA BLOCKERS,,Medication,1066
31-Aug-2013,29-Oct-2006,25203 HEMOGLOBIN A1C CALCULATED,Adjust time,Lab,1067
31-Aug-2013,30-Oct-2006,ROSUVASTATIN,,Medication,1068
31-Aug-2013,30-Oct-2006,ROSUVASTATIN,,Medication,1069
04-Sep-2013,03-Nov-2006,IPRATROPIUM BROMIDE,,Medication,1070
05-Sep-2013,03-Nov-2006,INDOMETACIN,,Medication,1071
12-Sep-2013,11-Nov-2006,"Z37.8* REPLACEMENT, REVISION, AND REMOVAL OF CARDIAC PACEMAKER SYSTEM",,Diagnosis,1072
19-Sep-2013,18-Nov-2006,BENZATHINE BENZYLPENICILLIN,,Medication,1073
20-Sep-2013,18-Nov-2006,25203 HEMOGLOBIN A1C CALCULATED,Adjust time,Lab,1074
11-Oct-2013,09-Dec-2006,BROTIZOLAM,,Medication,1075
12-Oct-2013,11-Dec-2006,CALCIUM-VITAMIN D CD,,Medication,1076
15-Oct-2013,13-Dec-2006,DIAZEPAM,,Medication,1077
16-Oct-2013,15-Dec-2006,COAG (NO CLEXANE 40MG),,Medication,1078
17-Oct-2013,16-Dec-2006,CHOLECALCIFEROL,,Medication,1079
18-Oct-2013,17-Dec-2006,METFORMIN,,Medication,1080
26-Oct-2013,24-Dec-2006,MULTIVITAMINS FOR OCULAR USE,,Medication,1081
28-Oct-2013,27-Dec-2006,ADALIMUMAB,,Medication,1082
02-Nov-2013,31-Dec-2006,25203 HEMOGLOBIN A1C CALCULATED,Adjust time,Lab,1083
05-Nov-2013,04-Jan-2007,DABIGATRAN ETEXILATE,,Medication,1084
11-Nov-2013,10-Jan-2007,COMPLEX WOUNDS DRESSSING,,Medication,1085
11-Nov-2013,10-Jan-2007,COAG (NO CLEXANE 40MG),,Medication,1086
15-Nov-2013,13-Jan-2007,438.1* SPEECH AND LANGUAGE DEFICITS,,Diagnosis,1087
17-Nov-2013,16-Jan-2007,AMIODARONE,,Medication,1088
26-Nov-2013,25-Jan-2007,595* CYSTITIS,,Diagnosis,1089
29-Nov-2013,27-Jan-2007,465.9* ACUTE UPPER RESPIRATORY INFECTIONS OF UNSPECIFIED SITE,,Diagnosis,1090
29-Nov-2013,28-Jan-2007,HTN CCB DIHYDRO,,Medication,1091
29-Nov-2013,28-Jan-2007,NIFEDIPINE,,Medication,1092
05-Dec-2013,02-Feb-2007,HTN CCB DIHYDRO,,Medication,1093
05-Dec-2013,02-Feb-2007,LERCANIDIPINE,,Medication,1094
14-Dec-2013,12-Feb-2007,ATORVASTATIN,,Medication,1095
14-Dec-2013,12-Feb-2007,ATORVASTATIN,,Medication,1096
16-Dec-2013,14-Feb-2007,ATENOLOL,,Medication,1097
16-Dec-2013,14-Feb-2007,HTN BETA BLOCKERS,,Medication,1098
23-Dec-2013,20-Feb-2007,Z44.3* GASTROENTEROSTOMY WITHOUT GASTRECTOMY,,Diagnosis,1099
23-Dec-2013,21-Feb-2007,HYDROGEN PEROXIDE,,Medication,1100
27-Dec-2013,24-Feb-2007,702.1* SEBORRHEIC HERATOSIS,,Diagnosis,1101
29-Dec-2013,26-Feb-2007,PALONOSETRON,,Medication,1102
29-Dec-2013,26-Feb-2007,401.9* UNSPECIFIED ESSENTIAL HYPERTENSION,,Diagnosis,1103
29-Dec-2013,27-Feb-2007,RISEDRONIC ACID,,Medication,1104
01-Jan-2014,01-Mar-2007,V72.6* LABORATORY EXAMINATION,,Diagnosis,1105
03-Jan-2014,03-Mar-2007,AMIODARONE,,Medication,1106
10-Jan-2014,11-Mar-2007,465.9* ACUTE UPPER RESPIRATORY INFECTIONS OF UNSPECIFIED SITE,,Diagnosis,1107
16-Jan-2014,17-Mar-2007,LANSOPRAZOLE,,Medication,1108
28-Jan-2014,28-Mar-2007,LORATADINE,,Medication,1109
01-Feb-2014,01-Apr-2007,786.0* DYSPNEA AND RESPIRATORY ABNORMALITIES,,Diagnosis,1110
03-Feb-2014,03-Apr-2007,412* OLD MYOCARDIAL INFARCTION,,Diagnosis,1111
05-Feb-2014,05-Apr-2007,LEMOCIN CD,,Medication,1112
06-Feb-2014,06-Apr-2007,HTN ACEI,,Medication,1113
06-Feb-2014,06-Apr-2007,RAMIPRIL,,Medication,1114
10-Feb-2014,10-Apr-2007,788.3* INCONTINENCE OF URINE,,Diagnosis,1115
11-Feb-2014,11-Apr-2007,MACROGOL,,Medication,1116
13-Feb-2014,14-Apr-2007,AMIODARONE,,Medication,1117
14-Feb-2014,14-Apr-2007,DIABETES LANCETS,,Medication,1118
16-Feb-2014,16-Apr-2007,ASPIRIN,,Medication,1119
16-Feb-2014,16-Apr-2007,IPRATROPIUM BROMIDE,,Medication,1120
18-Feb-2014,19-Apr-2007,401* ESSENTIAL HYPERTENSION,,Diagnosis,1121
21-Feb-2014,21-Apr-2007,427.3* ATRIAL FIBRILLATION AND FLUTTER,,Diagnosis,1122
23-Feb-2014,23-Apr-2007,DABIGATRAN ETEXILATE,,Medication,1123
26-Feb-2014,26-Apr-2007,METFORMIN,,Medication,1124
07-Mar-2014,06-May-2007,ELASTIC BANDAGE,,Medication,1125
12-Mar-2014,10-May-2007,CYANOCOBALAMINE,,Medication,1126
12-Mar-2014,10-May-2007,PREDNISONE,,Medication,1127
16-Mar-2014,14-May-2007,702.0* ACTINIC KERATOSIS,,Diagnosis,1128
17-Mar-2014,16-May-2007,DONEPEZIL,,Medication,1129
18-Mar-2014,16-May-2007,HTN CCB DIHYDRO,,Medication,1130
18-Mar-2014,16-May-2007,LERCANIDIPINE,,Medication,1131
20-Mar-2014,18-May-2007,ETORICOXIB,,Medication,1132
20-Mar-2014,19-May-2007,FAMOTIDINE,,Medication,1133
23-Mar-2014,21-May-2007,427.8* OTHER SPECIFIED CARDIAC DYSRHYTHMIAS,,Diagnosis,1134
23-Mar-2014,22-May-2007,INSULIN DETEMIR,,Medication,1135
23-Mar-2014,22-May-2007,786.0* DYSPNEA AND RESPIRATORY ABNORMALITIES,,Diagnosis,1136
23-Mar-2014,22-May-2007,BISOPROLOL,,Medication,1137
23-Mar-2014,22-May-2007,HTN BETA BLOCKERS,,Medication,1138
25-Mar-2014,23-May-2007,535.0* __GASTRITIS____1992 ACUTE,,Diagnosis,1139
30-Mar-2014,28-May-2007,IPRATROPIUM BROMIDE,,Medication,1140
05-Apr-2014,03-Jun-2007,366* CATARACT,,Diagnosis,1141
09-Apr-2014,08-Jun-2007,HTN BETA BLOCKERS,,Medication,1142
14-Apr-2014,12-Jun-2007,374.1* ECTROPION,,Diagnosis,1143
14-Apr-2014,12-Jun-2007,ASPIRIN,,Medication,1144
16-Apr-2014,14-Jun-2007,FUROSEMIDE,,Medication,1145
17-Apr-2014,15-Jun-2007,LARGE,,Medication,1146
21-Apr-2014,20-Jun-2007,LORAZEPAM,,Medication,1147
22-Apr-2014,21-Jun-2007,HTN CCB DIHYDRO,,Medication,1148
22-Apr-2014,21-Jun-2007,LERCANIDIPINE,,Medication,1149
23-Apr-2014,21-Jun-2007,GLYCERIN CD,,Medication,1150
23-Apr-2014,21-Jun-2007,733.0* OSTEOPOROSIS,,Diagnosis,1151
26-Apr-2014,25-Jun-2007,DIGOXIN,,Medication,1152
02-May-2014,30-Jun-2007,729.5* PAIN IN LIMB,,Diagnosis,1153
02-May-2014,01-Jul-2007,ESCITALOPRAM,,Medication,1154
03-May-2014,01-Jul-2007,HTN CCB DIHYDRO,,Medication,1155
03-May-2014,01-Jul-2007,LERCANIDIPINE,,Medication,1156
07-May-2014,05-Jul-2007,427.3* ATRIAL FIBRILLATION AND FLUTTER,,Diagnosis,1157
14-May-2014,13-Jul-2007,MAGNESIUM OXIDE,,Medication,1158
18-May-2014,16-Jul-2007,LIRAGLUTIDE,,Medication,1159
27-May-2014,26-Jul-2007,FUROSEMIDE,,Medication,1160
28-May-2014,26-Jul-2007,COAG (NO CLEXANE 40MG),,Medication,1161
28-May-2014,26-Jul-2007,RIVAROXABAN,,Medication,1162
31-May-2014,29-Jul-2007,780.5* SLEEP DISTURBANCES,,Diagnosis,1163
02-Jun-2014,31-Jul-2007,"599.0* URINARY TRACT INFECTION, SITE NOT SPECIFIED",,Diagnosis,1164
06-Jun-2014,04-Aug-2007,BIPERIDEN,,Medication,1165
07-Jun-2014,05-Aug-2007,786.2* COUGH,,Diagnosis,1166
08-Jun-2014,06-Aug-2007,CITALOPRAM,,Medication,1167
09-Jun-2014,07-Aug-2007,441* AORTIC ANEURYSM,,Diagnosis,1168
13-Jun-2014,11-Aug-2007,ENSURE PLUS CD,,Medication,1169
17-Jun-2014,15-Aug-2007,METFORMIN AND SITAGLIPTIN CD,,Medication,1170
25-Jun-2014,23-Aug-2007,GLUCOMETER STRIPS,,Medication,1171
26-Jun-2014,24-Aug-2007,HTN ARB,,Medication,1172
26-Jun-2014,24-Aug-2007,HTN DIURETICS,,Medication,1173
26-Jun-2014,24-Aug-2007,LOSARTAN-HYDROCHLOROTHIAZIDE CD,,Medication,1174
27-Jun-2014,26-Aug-2007,25203 HEMOGLOBIN A1C CALCULATED,Adjust time,Lab,1175
30-Jun-2014,28-Aug-2007,HTN CCB DIHYDRO,,Medication,1176
30-Jun-2014,28-Aug-2007,LERCANIDIPINE,,Medication,1177
01-Jul-2014,30-Aug-2007,HTN BETA BLOCKERS,,Medication,1178
01-Jul-2014,30-Aug-2007,METOPROLOL,,Medication,1179
02-Jul-2014,31-Aug-2007,HTN ARB,,Medication,1180
03-Jul-2014,01-Sep-2007,733.9* OTHER AND UNSPECIFIED DISORDERS OF BONE AND CARTILAGE,,Diagnosis,1181
07-Jul-2014,04-Sep-2007,719.4* PAIN IN JOINT,,Diagnosis,1182
08-Jul-2014,06-Sep-2007,DERMACOMBIN/KENACOMB CD,,Medication,1183
13-Jul-2014,11-Sep-2007,METFORMIN,,Medication,1184
15-Jul-2014,12-Sep-2007,IPRATROPIUM BROMIDE,,Medication,1185
18-Jul-2014,16-Sep-2007,ASPIRIN,,Medication,1186
19-Jul-2014,16-Sep-2007,AMANTADINE,,Medication,1187
19-Jul-2014,17-Sep-2007,DOXAZOSIN,,Medication,1188
31-Jul-2014,29-Sep-2007,V67* FOLLOW-UP EXAMINATION,,Diagnosis,1189
02-Aug-2014,30-Sep-2007,ENALAPRIL,,Medication,1190
02-Aug-2014,30-Sep-2007,HTN ACEI,,Medication,1191
04-Aug-2014,02-Oct-2007,491.1* MUCOPURULENT CHRONIC BRONCHITIS,,Diagnosis,1192
04-Aug-2014,03-Oct-2007,ALFUZOSIN,,Medication,1193
07-Aug-2014,05-Oct-2007,"PNEUMOCOCCUS, PURIFIED POLYSACHARIDES ANTIGEN",,Medication,1194
08-Aug-2014,06-Oct-2007,272.4* OTHER AND UNSPECIFIED HYPERLIPIDEMIA,,Diagnosis,1195
10-Aug-2014,08-Oct-2007,ISOSORBIDE MONONITRATE,,Medication,1196
13-Aug-2014,11-Oct-2007,BUDESONIDE,,Medication,1197
15-Aug-2014,14-Oct-2007,HYDROGEN PEROXIDE,,Medication,1198
15-Aug-2014,14-Oct-2007,V72.6* LABORATORY EXAMINATION,,Diagnosis,1199
16-Aug-2014,14-Oct-2007,959.9* OTHER AND UNSPECIFIED INJURY TO UNSPECIFIED SITE,,Diagnosis,1200
16-Aug-2014,14-Oct-2007,BEZAFIBRATE,,Medication,1201
20-Aug-2014,18-Oct-2007,25203 HEMOGLOBIN A1C CALCULATED,Adjust time,Lab,1202
28-Aug-2014,26-Oct-2007,702.9* ACTINIC KERATOSIS,,Diagnosis,1203
29-Aug-2014,27-Oct-2007,553.1* UMBILICAL HERNIA WITHOUT MENTION OF OBSTRUCTION OR GANGRENE,,Diagnosis,1204
30-Aug-2014,28-Oct-2007,CLOPIDOGREL,,Medication,1205
01-Sep-2014,30-Oct-2007,GLUCOMETER STRIPS,,Medication,1206
02-Sep-2014,01-Nov-2007,CLONIDINE,,Medication,1207
08-Sep-2014,07-Nov-2007,HTN BETA BLOCKERS,,Medication,1208
14-Sep-2014,12-Nov-2007,CODEINE AND NON-OPIOID ANALGESICS,,Medication,1209
19-Sep-2014,17-Nov-2007,135* SARCOIDOSIS,,Diagnosis,1210
19-Sep-2014,17-Nov-2007,PAROXETINE,,Medication,1211
20-Sep-2014,18-Nov-2007,ENALAPRIL,,Medication,1212
20-Sep-2014,18-Nov-2007,HTN ACEI,,Medication,1213
24-Sep-2014,22-Nov-2007,25203 HEMOGLOBIN A1C CALCULATED,Adjust time,Lab,1214
02-Oct-2014,30-Nov-2007,ASPIRIN,,Medication,1215
02-Oct-2014,30-Nov-2007,ASPIRIN,,Medication,1216
08-Oct-2014,06-Dec-2007,CLOPIDOGREL,,Medication,1217
09-Oct-2014,07-Dec-2007,BROTIZOLAM,,Medication,1218
15-Oct-2014,14-Dec-2007,COAG (NO CLEXANE 40MG),,Medication,1219
18-Oct-2014,17-Dec-2007,25203 HEMOGLOBIN A1C CALCULATED,Adjust time,Lab,1220
21-Oct-2014,19-Dec-2007,CAPTOPRIL,,Medication,1221
21-Oct-2014,19-Dec-2007,HTN ACEI,,Medication,1222
22-Oct-2014,21-Dec-2007,METFORMIN AND SITAGLIPTIN CD,,Medication,1223
26-Oct-2014,24-Dec-2007,25203 HEMOGLOBIN A1C CALCULATED,Adjust time,Lab,1224
31-Oct-2014,29-Dec-2007,CALCIUM-VITAMIN D CD,,Medication,1225
01-Nov-2014,30-Dec-2007,CITALOPRAM,,Medication,1226
01-Nov-2014,31-Dec-2007,GLYCERYL TRINITRATE,,Medication,1227
02-Nov-2014,31-Dec-2007,682.9* CELLULITIS AND ABSCESS OF UNSPECIFIED SITES,,Diagnosis,1228
07-Nov-2014,05-Jan-2008,ALFUZOSIN,,Medication,1229
10-Nov-2014,09-Jan-2008,FAMOTIDINE,,Medication,1230
14-Nov-2014,12-Jan-2008,BEZAFIBRATE,,Medication,1231
18-Nov-2014,17-Jan-2008,BROTIZOLAM,,Medication,1232
22-Nov-2014,21-Jan-2008,CYANOCOBALAMINE,,Medication,1233
29-Nov-2014,28-Jan-2008,FENTANYL,,Medication,1234
30-Nov-2014,28-Jan-2008,L15* KNEE SYMPTOMS/COMPLAINTS,,Diagnosis,1235
08-Dec-2014,05-Feb-2008,25203 HEMOGLOBIN A1C CALCULATED,Adjust time,Lab,1236
10-Dec-2014,08-Feb-2008,Z13.4* EXTRACAPS.EXTRACT.OF LENS BY FRAGMENT.AND ASPIRATION TECHN.,,Diagnosis,1237
14-Dec-2014,11-Feb-2008,COAG (NO CLEXANE 40MG),,Medication,1238
14-Dec-2014,11-Feb-2008,COAG (NO CLEXANE 40MG),,Medication,1239
14-Dec-2014,11-Feb-2008,RIVAROXABAN,,Medication,1240
16-Dec-2014,14-Feb-2008,ASPIRIN,,Medication,1241
18-Dec-2014,15-Feb-2008,METFORMIN,,Medication,1242
20-Dec-2014,18-Feb-2008,ACETYLCYSTEINE,,Medication,1243
21-Dec-2014,19-Feb-2008,286* COAGULATION DEFECTS,,Diagnosis,1244
23-Dec-2014,21-Feb-2008,PREDNISOLONE,,Medication,1245
02-Jan-2015,02-Mar-2008,"INFLUENZA, INACTIVATED, SPLIT VIRUS OR SURFACE ANTIGEN",,Medication,1246
04-Jan-2015,03-Mar-2008,558.9* OTHER AND UNSPEC.NONINFECTIOUS GASTROENTERITIS AND COLITIS,,Diagnosis,1247
04-Jan-2015,04-Mar-2008,ENALAPRIL,,Medication,1248
04-Jan-2015,04-Mar-2008,HTN ACEI,,Medication,1249
08-Jan-2015,08-Mar-2008,DIAZEPAM,,Medication,1250
09-Jan-2015,08-Mar-2008,415.0* ACUTE COR PULMONALE,,Diagnosis,1251
09-Jan-2015,09-Mar-2008,APIXABAN,,Medication,1252
09-Jan-2015,09-Mar-2008,COAG (NO CLEXANE 40MG),,Medication,1253
10-Jan-2015,10-Mar-2008,BRONCHO D CD,,Medication,1254
11-Jan-2015,10-Mar-2008,412* OLD MYOCARDIAL INFARCTION,,Diagnosis,1255
13-Jan-2015,12-Mar-2008,ISOSORBIDE DINITRATE,,Medication,1256
17-Jan-2015,16-Mar-2008,ASPIRIN,,Medication,1257
19-Jan-2015,18-Mar-2008,PREDNISONE,,Medication,1258
29-Jan-2015,28-Mar-2008,ACETYLCYSTEINE,,Medication,1259
04-Feb-2015,03-Apr-2008,OXYCODONE,,Medication,1260
09-Feb-2015,08-Apr-2008,ETORICOXIB,,Medication,1261
09-Feb-2015,09-Apr-2008,V72.6* LABORATORY EXAMINATION,,Diagnosis,1262
10-Feb-2015,10-Apr-2008,FAMOTIDINE,,Medication,1263
15-Feb-2015,15-Apr-2008,DOXYCYCLINE,,Medication,1264
16-Feb-2015,15-Apr-2008,724.2* LUMBAGO,,Diagnosis,1265
20-Feb-2015,19-Apr-2008,CLOPIDOGREL,,Medication,1266
20-Feb-2015,19-Apr-2008,ESCITALOPRAM,,Medication,1267
21-Feb-2015,20-Apr-2008,ATENOLOL,,Medication,1268
21-Feb-2015,20-Apr-2008,HTN BETA BLOCKERS,,Medication,1269
22-Feb-2015,21-Apr-2008,COAG (NO CLEXANE 40MG),,Medication,1270
28-Feb-2015,28-Apr-2008,401.9* UNSPECIFIED ESSENTIAL HYPERTENSION,,Diagnosis,1271
02-Mar-2015,30-Apr-2008,ALLOPURINOL,,Medication,1272
03-Mar-2015,01-May-2008,"INFLUENZA, INACTIVATED, SPLIT VIRUS OR SURFACE ANTIGEN",,Medication,1273
13-Mar-2015,11-May-2008,431* INTRACEREBRAL HEMORRHAGE,,Diagnosis,1274
16-Mar-2015,13-May-2008,25203 HEMOGLOBIN A1C CALCULATED,Adjust time,Lab,1275
16-Mar-2015,14-May-2008,HTN CCB DIHYDRO,,Medication,1276
16-Mar-2015,14-May-2008,NIFEDIPINE,,Medication,1277
19-Mar-2015,16-May-2008,25203 HEMOGLOBIN A1C CALCULATED,Adjust time,Lab,1278
29-Mar-2015,26-May-2008,CLOPIDOGREL,,Medication,1279
05-Apr-2015,02-Jun-2008,COAG (NO CLEXANE 40MG),,Medication,1280
06-Apr-2015,03-Jun-2008,427.3* ATRIAL FIBRILLATION AND FLUTTER,,Diagnosis,1281
11-Apr-2015,09-Jun-2008,METFORMIN,,Medication,1282
18-Apr-2015,16-Jun-2008,BISOPROLOL,,Medication,1283
18-Apr-2015,16-Jun-2008,HTN BETA BLOCKERS,,Medication,1284
24-Apr-2015,22-Jun-2008,FUROSEMIDE,,Medication,1285
02-May-2015,29-Jun-2008,COMPLEX WOUNDS DRESSSING,,Medication,1286
05-May-2015,02-Jul-2008,25203 HEMOGLOBIN A1C CALCULATED,Adjust time,Lab,1287
05-May-2015,03-Jul-2008,25203 HEMOGLOBIN A1C CALCULATED,Adjust time,Lab,1288
07-May-2015,04-Jul-2008,698.1* PRURITUS OF GENITAL ORGANS,,Diagnosis,1289
09-May-2015,06-Jul-2008,564.0* CONSTIPATION,,Diagnosis,1290
14-May-2015,12-Jul-2008,FAMOTIDINE,,Medication,1291
16-May-2015,13-Jul-2008,HTN ACEI,,Medication,1292
16-May-2015,13-Jul-2008,HTN DIURETICS,,Medication,1293
16-May-2015,13-Jul-2008,RAMIPRIL-HYDROCHLOROTHIAZIDE CD,,Medication,1294
16-May-2015,14-Jul-2008,ASPIRIN,,Medication,1295
17-May-2015,15-Jul-2008,COAG (NO CLEXANE 40MG),,Medication,1296
20-May-2015,18-Jul-2008,NITRAZEPAM,,Medication,1297
23-May-2015,21-Jul-2008,HTN CCB DIHYDRO,,Medication,1298
23-May-2015,21-Jul-2008,NIFEDIPINE,,Medication,1299
29-May-2015,27-Jul-2008,BISOPROLOL,,Medication,1300
29-May-2015,27-Jul-2008,HTN BETA BLOCKERS,,Medication,1301
30-May-2015,28-Jul-2008,578.1* MELENA,,Diagnosis,1302
31-May-2015,28-Jul-2008,COAG (NO CLEXANE 40MG),,Medication,1303
01-Jun-2015,29-Jul-2008,576.2* OBSTRUCTION OF BILE DUCT,,Diagnosis,1304
04-Jun-2015,01-Aug-2008,790.6* OTHER ABNORMAL BLOOD CHEMISTRY,,Diagnosis,1305
04-Jun-2015,02-Aug-2008,L04* CHEST SYMPTOMS/COMPLAINTS,,Diagnosis,1306
04-Jun-2015,02-Aug-2008,MIDRO-TEA CD,,Medication,1307
14-Jun-2015,12-Aug-2008,CLOPIDOGREL,,Medication,1308
15-Jun-2015,13-Aug-2008,ACETYLCYSTEINE,,Medication,1309
15-Jun-2015,13-Aug-2008,LANSOPRAZOLE,,Medication,1310
16-Jun-2015,14-Aug-2008,LEVODOPA AND DECARBOXYLASE INHIBITOR,,Medication,1311
20-Jun-2015,17-Aug-2008,AMIODARONE,,Medication,1312
23-Jun-2015,20-Aug-2008,METOCLOPRAMIDE,,Medication,1313
01-Jul-2015,29-Aug-2008,ASPIRIN,,Medication,1314
04-Jul-2015,31-Aug-2008,HTN ARB,,Medication,1315
04-Jul-2015,01-Sep-2008,"593.2* CYST OF KIDNEY, ACQUIRED",,Diagnosis,1316
04-Jul-2015,01-Sep-2008,HTN ACEI,,Medication,1317
04-Jul-2015,01-Sep-2008,RAMIPRIL,,Medication,1318
06-Jul-2015,02-Sep-2008,416.8* OTHER CHRONIC PULMONARY HEART DISEASES,,Diagnosis,1319
16-Jul-2015,12-Sep-2008,780.5* SLEEP DISTURBANCES,,Diagnosis,1320
21-Jul-2015,17-Sep-2008,COAG (NO CLEXANE 40MG),,Medication,1321
23-Jul-2015,20-Sep-2008,FAMOTIDINE,,Medication,1322
27-Jul-2015,24-Sep-2008,HTN ACEI,,Medication,1323
27-Jul-2015,24-Sep-2008,HTN DIURETICS,,Medication,1324
27-Jul-2015,24-Sep-2008,RAMIPRIL-HYDROCHLOROTHIAZIDE CD,,Medication,1325
29-Jul-2015,26-Sep-2008,780.5* SLEEP DISTURBANCES,,Diagnosis,1326
01-Aug-2015,29-Sep-2008,HTN ARB,,Medication,1327
02-Aug-2015,29-Sep-2008,FUROSEMIDE,,Medication,1328
03-Aug-2015,30-Sep-2008,BICALUTAMIDE,,Medication,1329
12-Aug-2015,09-Oct-2008,HYDROXYCARBAMIDE,,Medication,1330
17-Aug-2015,15-Oct-2008,ASPIRIN,,Medication,1331
20-Aug-2015,18-Oct-2008,332.1* SECONDARY PARKINSONISM,,Diagnosis,1332
21-Aug-2015,18-Oct-2008,BISOPROLOL,,Medication,1333
21-Aug-2015,18-Oct-2008,HTN BETA BLOCKERS,,Medication,1334
23-Aug-2015,20-Oct-2008,389* HEARING LOSS,,Diagnosis,1335
29-Aug-2015,27-Oct-2008,HYDROCHLOROTHIAZIDE,,Medication,1336
31-Aug-2015,28-Oct-2008,AMLODIPINE,,Medication,1337
31-Aug-2015,28-Oct-2008,HTN CCB DIHYDRO,,Medication,1338
08-Sep-2015,05-Nov-2008,FUROSEMIDE,,Medication,1339
19-Sep-2015,16-Nov-2008,GLYCERIN CD,,Medication,1340
22-Sep-2015,19-Nov-2008,BIPERIDEN,,Medication,1341
24-Sep-2015,21-Nov-2008,HYDROCHLOROTHIAZIDE,,Medication,1342
29-Sep-2015,26-Nov-2008,416.8* OTHER CHRONIC PULMONARY HEART DISEASES,,Diagnosis,1343
29-Sep-2015,26-Nov-2008,AMANTADINE,,Medication,1344
30-Sep-2015,27-Nov-2008,LEVODOPA AND DECARBOXYLASE INHIBITOR,,Medication,1345
02-Oct-2015,29-Nov-2008,780.5* SLEEP DISTURBANCES,,Diagnosis,1346
14-Oct-2015,12-Dec-2008,"332.0* PARALYSIS AGITANS, PARKINSON'S DISEASE",,Diagnosis,1347
16-Oct-2015,13-Dec-2008,CEFUROXIME,,Medication,1348
16-Oct-2015,14-Dec-2008,ASPIRIN,,Medication,1349
20-Oct-2015,17-Dec-2008,FLEXITOL HEEL,,Medication,1350
23-Oct-2015,20-Dec-2008,25203 HEMOGLOBIN A1C CALCULATED,Adjust time,Lab,1351
25-Oct-2015,23-Dec-2008,BROTIZOLAM,,Medication,1352
01-Nov-2015,29-Dec-2008,GLUCOMETER STRIPS,,Medication,1353
03-Nov-2015,01-Jan-2009,Z87.6* OTHER X-RAY OF DIGESTIVE SYSTEM,,Diagnosis,1354
08-Nov-2015,05-Jan-2009,726.3* ENTHESOPATHY OF ELBOW REGION,,Diagnosis,1355
12-Nov-2015,10-Jan-2009,HTN ARB,,Medication,1356
13-Nov-2015,10-Jan-2009,ALFUZOSIN,,Medication,1357
17-Nov-2015,14-Jan-2009,FUROSEMIDE,,Medication,1358
19-Nov-2015,17-Jan-2009,ASPIRIN,,Medication,1359
21-Nov-2015,19-Jan-2009,25203 HEMOGLOBIN A1C CALCULATED,Adjust time,Lab,1360
25-Nov-2015,22-Jan-2009,"426.0* ATRIOVENTRICULAR BLOCK, COMPLETE",,Diagnosis,1361
26-Nov-2015,23-Jan-2009,ATENOLOL,,Medication,1362
26-Nov-2015,23-Jan-2009,HTN BETA BLOCKERS,,Medication,1363
29-Nov-2015,27-Jan-2009,"787.3* FLATULENCE, ERUCTATION, AND GAS PAIN",,Diagnosis,1364
29-Nov-2015,27-Jan-2009,APIXABAN,,Medication,1365
29-Nov-2015,27-Jan-2009,COAG (NO CLEXANE 40MG),,Medication,1366
03-Dec-2015,30-Jan-2009,ASPIRIN,,Medication,1367
04-Dec-2015,31-Jan-2009,455* HEMORRHOIDS,,Diagnosis,1368
07-Dec-2015,04-Feb-2009,OXAZEPAM,,Medication,1369
13-Dec-2015,09-Feb-2009,"550.9* INGUINAL HERNIA, WITHOUT MENTION OF OBSTRUCTION OR GANGRENE",,Diagnosis,1370
15-Dec-2015,12-Feb-2009,DIGOXIN,,Medication,1371
17-Dec-2015,13-Feb-2009,HTN BETA BLOCKERS,,Medication,1372
17-Dec-2015,13-Feb-2009,METOPROLOL,,Medication,1373
19-Dec-2015,15-Feb-2009,ESCITALOPRAM,,Medication,1374
21-Dec-2015,18-Feb-2009,AMIODARONE,,Medication,1375
25-Dec-2015,21-Feb-2009,274.0* GOUTY ARTHROPATHY,,Diagnosis,1376
28-Dec-2015,24-Feb-2009,GLYCERIN CD,,Medication,1377
28-Dec-2015,24-Feb-2009,FAMOTIDINE,,Medication,1378
02-Jan-2016,02-Mar-2009,"Z83.6* SUTURE OF MUSCLE, TENDON, AND FASCIA",,Diagnosis,1379
08-Jan-2016,08-Mar-2009,578.1* MELENA,,Diagnosis,1380
10-Jan-2016,09-Mar-2009,ENALAPRIL,,Medication,1381
10-Jan-2016,09-Mar-2009,HTN ACEI,,Medication,1382
11-Jan-2016,11-Mar-2009,DILTIAZEM,,Medication,1383
12-Jan-2016,12-Mar-2009,DUTASTERIDE,,Medication,1384
14-Jan-2016,13-Mar-2009,LACTULOSE,,Medication,1385
19-Jan-2016,18-Mar-2009,FERROUS SULFATE,,Medication,1386
23-Jan-2016,23-Mar-2009,784.0* HEADACHE,,Diagnosis,1387
25-Jan-2016,24-Mar-2009,NYSTATIN,,Medication,1388
25-Jan-2016,25-Mar-2009,DIPYRIDAMOLE,,Medication,1389
27-Jan-2016,26-Mar-2009,FUROSEMIDE,,Medication,1390
28-Jan-2016,27-Mar-2009,ASPIRIN,,Medication,1391
28-Jan-2016,27-Mar-2009,"599.0* URINARY TRACT INFECTION, SITE NOT SPECIFIED",,Diagnosis,1392
02-Feb-2016,01-Apr-2009,416.8* OTHER CHRONIC PULMONARY HEART DISEASES,,Diagnosis,1393
03-Feb-2016,03-Apr-2009,BROTIZOLAM,,Medication,1394
03-Feb-2016,03-Apr-2009,PIROXICAM,,Medication,1395
04-Feb-2016,03-Apr-2009,MONTELUKAST,,Medication,1396
04-Feb-2016,03-Apr-2009,426.3* OTHER LEFT BUNDLE BRANCH BLOCK,,Diagnosis,1397
06-Feb-2016,05-Apr-2009,L04* CHEST SYMPTOMS/COMPLAINTS,,Diagnosis,1398
07-Feb-2016,06-Apr-2009,COAG (NO CLEXANE 40MG),,Medication,1399
15-Feb-2016,15-Apr-2009,FAMOTIDINE,,Medication,1400
21-Feb-2016,20-Apr-2009,CLONAZEPAM,,Medication,1401
24-Feb-2016,23-Apr-2009,692* CONTACT DERMATITIS AND OTHER ECZEMA,,Diagnosis,1402
25-Feb-2016,24-Apr-2009,PHENOXYMETHYLPENICILLIN,,Medication,1403
02-Mar-2016,01-May-2009,ATORVASTATIN,,Medication,1404
02-Mar-2016,01-May-2009,ATORVASTATIN,,Medication,1405
12-Mar-2016,10-May-2009,PROMETHAZINE,,Medication,1406
14-Mar-2016,12-May-2009,ASPIRIN,,Medication,1407
18-Mar-2016,17-May-2009,CANDESARTAN,,Medication,1408
18-Mar-2016,17-May-2009,HTN ARB,,Medication,1409
18-Mar-2016,17-May-2009,HTN BETA BLOCKERS,,Medication,1410
18-Mar-2016,17-May-2009,PROPRANOLOL,,Medication,1411
20-Mar-2016,19-May-2009,307.8* PSYCHALGIA,,Diagnosis,1412
29-Mar-2016,27-May-2009,431* INTRACEREBRAL HEMORRHAGE,,Diagnosis,1413
29-Mar-2016,27-May-2009,787.0* NAUSEA AND VOMITING,,Diagnosis,1414
04-Apr-2016,02-Jun-2009,DOXAZOSIN,,Medication,1415
05-Apr-2016,04-Jun-2009,OXAZEPAM,,Medication,1416
07-Apr-2016,06-Jun-2009,AMIODARONE,,Medication,1417
10-Apr-2016,09-Jun-2009,440* ATHEROSCLEROSIS,,Diagnosis,1418
12-Apr-2016,10-Jun-2009,466.0* ACUTE BRONCHITIS,,Diagnosis,1419
18-Apr-2016,16-Jun-2009,"332.0* PARALYSIS AGITANS, PARKINSON'S DISEASE",,Diagnosis,1420
24-Apr-2016,22-Jun-2009,ATORVASTATIN,,Medication,1421
24-Apr-2016,22-Jun-2009,ATORVASTATIN,,Medication,1422
28-Apr-2016,27-Jun-2009,V14.6* PERSONAL HISTORY OF ALLERGY TO ANALGESIC AGENT,,Diagnosis,1423
29-Apr-2016,27-Jun-2009,DUTASTERIDE,,Medication,1424
30-Apr-2016,28-Jun-2009,411* OTHER ACUTE AND SUBACUTE FORMS OF ISCHEMIC HEART DISEASE,,Diagnosis,1425
02-May-2016,30-Jun-2009,COAG (NO CLEXANE 40MG),,Medication,1426
02-May-2016,30-Jun-2009,CALCIUM CARBONATE,,Medication,1427
03-May-2016,01-Jul-2009,AMLODIPINE,,Medication,1428
03-May-2016,01-Jul-2009,HTN CCB DIHYDRO,,Medication,1429
04-May-2016,02-Jul-2009,INSULIN PEN LANCETS,,Medication,1430
04-May-2016,03-Jul-2009,FLUTICASONE,,Medication,1431
06-May-2016,04-Jul-2009,ASPIRIN,,Medication,1432
07-May-2016,05-Jul-2009,RANITIDINE,,Medication,1433
09-May-2016,08-Jul-2009,DONEPEZIL,,Medication,1434
14-May-2016,12-Jul-2009,BIFONAZOLE,,Medication,1435
18-May-2016,17-Jul-2009,ESCITALOPRAM,,Medication,1436
20-May-2016,18-Jul-2009,METFORMIN,,Medication,1437
20-May-2016,19-Jul-2009,GLUCOMETER STRIPS,,Medication,1438
22-May-2016,20-Jul-2009,METOLAZONE,,Medication,1439
25-May-2016,24-Jul-2009,FUROSEMIDE,,Medication,1440
26-May-2016,24-Jul-2009,ASPIRIN,,Medication,1441
26-May-2016,25-Jul-2009,COAG (NO CLEXANE 40MG),,Medication,1442
01-Jun-2016,30-Jul-2009,BISOPROLOL,,Medication,1443
01-Jun-2016,30-Jul-2009,HTN BETA BLOCKERS,,Medication,1444
04-Jun-2016,02-Aug-2009,411* OTHER ACUTE AND SUBACUTE FORMS OF ISCHEMIC HEART DISEASE,,Diagnosis,1445
05-Jun-2016,04-Aug-2009,DOXAZOSIN,,Medication,1446
11-Jun-2016,09-Aug-2009,LEVOTHYROXINE SODIUM,,Medication,1447
14-Jun-2016,12-Aug-2009,BISACODYL,,Medication,1448
14-Jun-2016,12-Aug-2009,HTN CCB DIHYDRO,,Medication,1449
14-Jun-2016,12-Aug-2009,LERCANIDIPINE,,Medication,1450
15-Jun-2016,13-Aug-2009,MUSCOL CD,,Medication,1451
16-Jun-2016,15-Aug-2009,ATENOLOL,,Medication,1452
16-Jun-2016,15-Aug-2009,HTN BETA BLOCKERS,,Medication,1453
18-Jun-2016,17-Aug-2009,FUROSEMIDE,,Medication,1454
20-Jun-2016,18-Aug-2009,REPAGLINIDE,,Medication,1455
22-Jun-2016,20-Aug-2009,DUTASTERIDE,,Medication,1456
24-Jun-2016,22-Aug-2009,437* OTHER AND ILL-DEFINED CEREBROVASCULAR DISEASE,,Diagnosis,1457
24-Jun-2016,23-Aug-2009,CHLORAMPHENICOL,,Medication,1458
25-Jun-2016,24-Aug-2009,LORAZEPAM,,Medication,1459
25-Jun-2016,24-Aug-2009,METFORMIN,,Medication,1460
26-Jun-2016,25-Aug-2009,ENALAPRIL,,Medication,1461
26-Jun-2016,25-Aug-2009,HTN ACEI,,Medication,1462
28-Jun-2016,27-Aug-2009,CALCIUM CARBONATE,,Medication,1463
29-Jun-2016,28-Aug-2009,CAPECITABINE,,Medication,1464
30-Jun-2016,28-Aug-2009,N07* CONVULSIONS/SEIZURES,,Diagnosis,1465
01-Jul-2016,29-Aug-2009,733.0* OSTEOPOROSIS,,Diagnosis,1466
03-Jul-2016,31-Aug-2009,OXYBUTYNIN,,Medication,1467
07-Jul-2016,04-Sep-2009,BROTIZOLAM,,Medication,1468
12-Jul-2016,09-Sep-2009,HTN CCB DIHYDRO,,Medication,1469
12-Jul-2016,09-Sep-2009,LERCANIDIPINE,,Medication,1470
13-Jul-2016,11-Sep-2009,287.0* ALLERGIC PURPURA,,Diagnosis,1471
14-Jul-2016,11-Sep-2009,"041.8* OTHER SPEC.BACTERIAL INF;IN CONDIT.CLASS.ELSEWHERE,UNSP.SITE",,Diagnosis,1472
14-Jul-2016,12-Sep-2009,25203 HEMOGLOBIN A1C CALCULATED,Adjust time,Lab,1473
19-Jul-2016,16-Sep-2009,LEVOTHYROXINE SODIUM,,Medication,1474
23-Jul-2016,20-Sep-2009,396.3* MITRAL VALVE INSUFFICIENCY AND AORTIC VALVE INSUFFICIENCY,,Diagnosis,1475
26-Jul-2016,23-Sep-2009,BISACODYL,,Medication,1476
26-Jul-2016,23-Sep-2009,411* OTHER ACUTE AND SUBACUTE FORMS OF ISCHEMIC HEART DISEASE,,Diagnosis,1477
26-Jul-2016,24-Sep-2009,CYANOCOBALAMINE,,Medication,1478
27-Jul-2016,25-Sep-2009,RISEDRONIC ACID,,Medication,1479
29-Jul-2016,26-Sep-2009,BEZAFIBRATE,,Medication,1480
31-Jul-2016,29-Sep-2009,AMIODARONE,,Medication,1481
01-Aug-2016,29-Sep-2009,RANITIDINE,,Medication,1482
01-Aug-2016,30-Sep-2009,571.8* OTHER CHRONIC NONALCOHOLIC LIVER DISEASE,,Diagnosis,1483
01-Aug-2016,30-Sep-2009,OTC,,Medication,1484
02-Aug-2016,30-Sep-2009,DIGOXIN,,Medication,1485
12-Aug-2016,10-Oct-2009,530.1* ESOPHAGITIS,,Diagnosis,1486
12-Aug-2016,11-Oct-2009,CARBAMAZEPINE,,Medication,1487
12-Aug-2016,11-Oct-2009,DIRECT ORAL ANTO COAG,,Medication,1488
13-Aug-2016,12-Oct-2009,401* ESSENTIAL HYPERTENSION,,Diagnosis,1489
14-Aug-2016,13-Oct-2009,LOCAL ANESTHETICS,,Medication,1490
21-Aug-2016,19-Oct-2009,GLUCOMETER STRIPS,,Medication,1491
24-Aug-2016,22-Oct-2009,LANSOPRAZOLE,,Medication,1492
24-Aug-2016,22-Oct-2009,MERIDOL CD,,Medication,1493
26-Aug-2016,25-Oct-2009,787.9* OTHER SYMPTOMS INVOLVING DIGESTIVE SYSTEM,,Diagnosis,1494
28-Aug-2016,26-Oct-2009,ATORVASTATIN,,Medication,1495
28-Aug-2016,26-Oct-2009,ATORVASTATIN,,Medication,1496
28-Aug-2016,26-Oct-2009,702.8* OTHER SPECIFIED DERMATOSES,,Diagnosis,1497
01-Sep-2016,31-Oct-2009,LORAZEPAM,,Medication,1498
04-Sep-2016,02-Nov-2009,"724.0* SPINAL STENOSIS, OTHER THAN CERVICAL",,Diagnosis,1499
06-Sep-2016,05-Nov-2009,ALLOPURINOL,,Medication,1500
12-Sep-2016,10-Nov-2009,METFORMIN,,Medication,1501
15-Sep-2016,13-Nov-2009,25203 HEMOGLOBIN A1C CALCULATED,Adjust time,Lab,1502
15-Sep-2016,14-Nov-2009,ACARBOSE,,Medication,1503
18-Sep-2016,17-Nov-2009,ENALAPRIL,,Medication,1504
18-Sep-2016,17-Nov-2009,HTN ACEI,,Medication,1505
19-Sep-2016,17-Nov-2009,GLUCOMETER STRIPS,,Medication,1506
25-Sep-2016,24-Nov-2009,BEZAFIBRATE,,Medication,1507
26-Sep-2016,24-Nov-2009,AMLODIPINE,,Medication,1508
26-Sep-2016,24-Nov-2009,HTN CCB DIHYDRO,,Medication,1509
26-Sep-2016,24-Nov-2009,AMIODARONE,,Medication,1510
26-Sep-2016,25-Nov-2009,DEXAMYCIN/DETHAMYCIN CD,,Medication,1511
29-Sep-2016,27-Nov-2009,DIPROSALIC CD,,Medication,1512
04-Oct-2016,02-Dec-2009,ATENOLOL,,Medication,1513
04-Oct-2016,02-Dec-2009,HTN BETA BLOCKERS,,Medication,1514
07-Oct-2016,06-Dec-2009,ALCOHOL,,Medication,1515
09-Oct-2016,08-Dec-2009,GLUCOMETER,,Medication,1516
12-Oct-2016,11-Dec-2009,ENCYPALMED CD,,Medication,1517
18-Oct-2016,16-Dec-2009,DOXAZOSIN,,Medication,1518
18-Oct-2016,17-Dec-2009,250* DIABETES MELLITUS,,Diagnosis,1519
20-Oct-2016,18-Dec-2009,BEZAFIBRATE,,Medication,1520
23-Oct-2016,21-Dec-2009,ALLOPURINOL,,Medication,1521
24-Oct-2016,22-Dec-2009,ENALAPRIL,,Medication,1522
24-Oct-2016,22-Dec-2009,HTN ACEI,,Medication,1523
29-Oct-2016,27-Dec-2009,HTN ARB,,Medication,1524
29-Oct-2016,27-Dec-2009,HTN DIURETICS,,Medication,1525
31-Oct-2016,29-Dec-2009,LEVOTHYROXINE SODIUM,,Medication,1526
31-Oct-2016,29-Dec-2009,BISACODYL,,Medication,1527
31-Oct-2016,29-Dec-2009,CINNARIZINE,,Medication,1528
31-Oct-2016,30-Dec-2009,FUROSEMIDE,,Medication,1529
01-Nov-2016,31-Dec-2009,466.0* ACUTE BRONCHITIS,,Diagnosis,1530
02-Nov-2016,01-Jan-2010,MULTIVITAMINS FOR OCULAR USE,,Medication,1531
03-Nov-2016,01-Jan-2010,"INFLUENZA, INACTIVATED, SPLIT VIRUS OR SURFACE ANTIGEN",,Medication,1532
05-Nov-2016,04-Jan-2010,ENTACAPONE,,Medication,1533
10-Nov-2016,08-Jan-2010,CITALOPRAM,,Medication,1534
10-Nov-2016,08-Jan-2010,DABIGATRAN ETEXILATE,,Medication,1535
15-Nov-2016,13-Jan-2010,"INFLUENZA, INACTIVATED, SPLIT VIRUS OR SURFACE ANTIGEN",,Medication,1536
19-Nov-2016,18-Jan-2010,F43.1* POST-TRAUMATIC STRESS DISORDER,,Diagnosis,1537
21-Nov-2016,19-Jan-2010,DOXAZOSIN,,Medication,1538
21-Nov-2016,20-Jan-2010,METFORMIN,,Medication,1539
22-Nov-2016,20-Jan-2010,"799.3* DEBILITY, UNSPECIFIED",,Diagnosis,1540
22-Nov-2016,20-Jan-2010,INSULIN PEN LANCETS,,Medication,1541
22-Nov-2016,20-Jan-2010,250* DIABETES MELLITUS,,Diagnosis,1542
25-Nov-2016,24-Jan-2010,ASPIRIN,,Medication,1543
29-Nov-2016,27-Jan-2010,HTN ACEI,,Medication,1544
29-Nov-2016,27-Jan-2010,RAMIPRIL,,Medication,1545
05-Dec-2016,02-Feb-2010,ESCITALOPRAM,,Medication,1546
10-Dec-2016,08-Feb-2010,PAROXETINE,,Medication,1547
11-Dec-2016,08-Feb-2010,COAG (NO CLEXANE 40MG),,Medication,1548
14-Dec-2016,11-Feb-2010,"280.9* IRON DEFICIENCY ANEMIA, UNSPECIFIED",,Diagnosis,1549
17-Dec-2016,14-Feb-2010,BISOPROLOL,,Medication,1550
17-Dec-2016,14-Feb-2010,HTN BETA BLOCKERS,,Medication,1551
29-Dec-2016,26-Feb-2010,V72.0* EXAMINATION OF EYES AND VISION,,Diagnosis,1552
31-Dec-2016,28-Feb-2010,401* ESSENTIAL HYPERTENSION,,Diagnosis,1553
01-Jan-2017,01-Mar-2010,ALFUZOSIN,,Medication,1554
03-Jan-2017,03-Mar-2010,"F05.9* DELIRIUM,UNSPECIFIED",,Diagnosis,1555
05-Jan-2017,06-Mar-2010,"ALENDRONIC ACID, AND COLECALCIFEROL",,Medication,1556
13-Jan-2017,14-Mar-2010,BISOPROLOL,,Medication,1557
13-Jan-2017,14-Mar-2010,HTN BETA BLOCKERS,,Medication,1558
15-Jan-2017,16-Mar-2010,COLCHICINE,,Medication,1559
16-Jan-2017,16-Mar-2010,PILOCARPINE,,Medication,1560
16-Jan-2017,17-Mar-2010,FUROSEMIDE,,Medication,1561
21-Jan-2017,21-Mar-2010,MIRTAZAPINE,,Medication,1562
23-Jan-2017,23-Mar-2010,BISACODYL,,Medication,1563
24-Jan-2017,25-Mar-2010,"311* DEPRESSIVE DISORDER, NOT ELSEWHERE CLASSIFIED",,Diagnosis,1564
26-Jan-2017,26-Mar-2010,598* URETHRAL STRICTURE,,Diagnosis,1565
30-Jan-2017,30-Mar-2010,ASPIRIN,,Medication,1566
03-Feb-2017,03-Apr-2010,535.1* __GASTRITIS______1992 ATROPHIC,,Diagnosis,1567
06-Feb-2017,06-Apr-2010,LARGE,,Medication,1568
08-Feb-2017,09-Apr-2010,ALFUZOSIN,,Medication,1569
11-Feb-2017,11-Apr-2010,BROTIZOLAM,,Medication,1570
11-Feb-2017,11-Apr-2010,707.2* PRESSURE ULCER STAGES,,Diagnosis,1571
11-Feb-2017,12-Apr-2010,A80* ACCIDENT/INJURY; NOS,,Diagnosis,1572
15-Feb-2017,16-Apr-2010,ATORVASTATIN,,Medication,1573
15-Feb-2017,16-Apr-2010,ATORVASTATIN,,Medication,1574
16-Feb-2017,17-Apr-2010,ASPIRIN,,Medication,1575
18-Feb-2017,18-Apr-2010,FEXOFENADINE,,Medication,1576
21-Feb-2017,21-Apr-2010,FLUOROMETHOLONE,,Medication,1577
22-Feb-2017,23-Apr-2010,431* INTRACEREBRAL HEMORRHAGE,,Diagnosis,1578
23-Feb-2017,24-Apr-2010,HTN BETA BLOCKERS,,Medication,1579
23-Feb-2017,24-Apr-2010,METOPROLOL,,Medication,1580
28-Feb-2017,28-Apr-2010,HYDROCHLOROTHIAZIDE,,Medication,1581
01-Mar-2017,30-Apr-2010,600* HYPERPLASIA OF PROSTATE,,Diagnosis,1582
04-Mar-2017,02-May-2010,CITALOPRAM,,Medication,1583
04-Mar-2017,02-May-2010,FOLIC ACID,,Medication,1584
07-Mar-2017,06-May-2010,ALFUZOSIN,,Medication,1585
11-Mar-2017,10-May-2010,BISOPROLOL,,Medication,1586
11-Mar-2017,10-May-2010,HTN BETA BLOCKERS,,Medication,1587
12-Mar-2017,10-May-2010,COAG (NO CLEXANE 40MG),,Medication,1588
12-Mar-2017,10-May-2010,HYDROAGISTEN CD,,Medication,1589
17-Mar-2017,16-May-2010,401.9* UNSPECIFIED ESSENTIAL HYPERTENSION,,Diagnosis,1590
18-Mar-2017,17-May-2010,DEXPANTHENOL,,Medication,1591
22-Mar-2017,20-May-2010,CANDESARTAN,,Medication,1592
22-Mar-2017,20-May-2010,HTN ARB,,Medication,1593
25-Mar-2017,23-May-2010,ASPIRIN,,Medication,1594
28-Mar-2017,26-May-2010,HTN CCB DIHYDRO,,Medication,1595
28-Mar-2017,26-May-2010,NIFEDIPINE,,Medication,1596
04-Apr-2017,02-Jun-2010,IPRATROPIUM BROMIDE,,Medication,1597
08-Apr-2017,06-Jun-2010,LOCAL ANESTHETICS,,Medication,1598
12-Apr-2017,10-Jun-2010,"724.0* SPINAL STENOSIS, OTHER THAN CERVICAL",,Diagnosis,1599
20-Apr-2017,19-Jun-2010,ENCYPALMED CD,,Medication,1600
21-Apr-2017,20-Jun-2010,HTN CCB DIHYDRO,,Medication,1601
21-Apr-2017,20-Jun-2010,NIFEDIPINE,,Medication,1602
24-Apr-2017,22-Jun-2010,414.0* CORONARY ATHEROSCLEROSIS,,Diagnosis,1603
25-Apr-2017,24-Jun-2010,BISOPROLOL,,Medication,1604
25-Apr-2017,24-Jun-2010,HTN BETA BLOCKERS,,Medication,1605
26-Apr-2017,25-Jun-2010,HTN ACEI,,Medication,1606
26-Apr-2017,25-Jun-2010,RAMIPRIL,,Medication,1607
03-May-2017,01-Jul-2010,272* DISORDERS OF LIPOID METABOLISM,,Diagnosis,1608
04-May-2017,02-Jul-2010,MESALAZINE,,Medication,1609
05-May-2017,03-Jul-2010,R74* U.R.I. (HEAD COLD),,Diagnosis,1610
08-May-2017,07-Jul-2010,AQUEOUS CREAM CD,,Medication,1611
09-May-2017,08-Jul-2010,702* OTHER DERMATOSES,,Diagnosis,1612
10-May-2017,08-Jul-2010,958.3* POSTTRAUMATIC WOUND INFECTION NOT ELSEWHERE CLASSIFIED,,Diagnosis,1613
11-May-2017,09-Jul-2010,427.3* ATRIAL FIBRILLATION AND FLUTTER,,Diagnosis,1614
12-May-2017,10-Jul-2010,Date of death,NA,NA,1615
15-May-2017,13-Jul-2010,CYANOCOBALAMINE,,Medication,1616
18-May-2017,17-Jul-2010,CAPTOPRIL,,Medication,1617
18-May-2017,17-Jul-2010,HTN ACEI,,Medication,1618
20-May-2017,18-Jul-2010,379.2* DISORDERS OF VITREOUS BODY,,Diagnosis,1619
21-May-2017,20-Jul-2010,MIRTAZAPINE,,Medication,1620
25-May-2017,24-Jul-2010,789.5* ASCITES,,Diagnosis,1621
30-May-2017,28-Jul-2010,"INFLUENZA, INACTIVATED, SPLIT VIRUS OR SURFACE ANTIGEN",,Medication,1622
31-May-2017,29-Jul-2010,BETAHISTINE,,Medication,1623
01-Jun-2017,31-Jul-2010,BRONCHOLATE FORTE CD,,Medication,1624
02-Jun-2017,31-Jul-2010,300.0* ANXIETY STATES,,Diagnosis,1625
