{
  "data": {
    "type": "lab_clusters_survival",
    "data": null,
    "figures": {
      "data": [
        {
          "x": [
            0,
            15331,
            24282,
            43800
          ],
          "y": [
            1,
            0.956521739130435,
            0.91304347826087,
            0.91304347826087
          ],
          "text": [
            "time:     0<br />estimate: 1.0000000<br />",
            "time: 15331<br />estimate: 0.9565217<br />",
            "time: 24282<br />estimate: 0.9130435<br />",
            "time: 43800<br />estimate: 0.9130435<br />"
          ],
          "type": "scatter",
          "mode": "lines",
          "line": {
            "width": 1.88976377952756,
            "color": "rgba(51,102,204,1)",
            "dash": "solid",
            "shape": "hv"
          },
          "hoveron": "points",
          "name": "(cluster=1,1)",
          "legendgroup": "(cluster=1,1)",
          "showlegend": true,
          "xaxis": "x",
          "yaxis": "y",
          "hoverinfo": "text",
          "frame": null
        },
        {
          "x": [
            0,
            29078,
            32240,
            39966,
            43800
          ],
          "y": [
            1,
            0.970588235294118,
            0.941176470588235,
            0.911764705882353,
            0.911764705882353
          ],
          "text": [
            "time:     0<br />estimate: 1.0000000<br />",
            "time: 29078<br />estimate: 0.9705882<br />",
            "time: 32240<br />estimate: 0.9411765<br />",
            "time: 39966<br />estimate: 0.9117647<br />",
            "time: 43800<br />estimate: 0.9117647<br />"
          ],
          "type": "scatter",
          "mode": "lines",
          "line": {
            "width": 1.88976377952756,
            "color": "rgba(220,57,18,1)",
            "dash": "solid",
            "shape": "hv"
          },
          "hoveron": "points",
          "name": "(cluster=2,1)",
          "legendgroup": "(cluster=2,1)",
          "showlegend": true,
          "xaxis": "x",
          "yaxis": "y",
          "hoverinfo": "text",
          "frame": null
        },
        {
          "x": [
            0,
            37810,
            43800
          ],
          "y": [
            1,
            0.96969696969697,
            0.96969696969697
          ],
          "text": [
            "time:     0<br />estimate: 1.0000000<br />",
            "time: 37810<br />estimate: 0.9696970<br />",
            "time: 43800<br />estimate: 0.9696970<br />"
          ],
          "type": "scatter",
          "mode": "lines",
          "line": {
            "width": 1.88976377952756,
            "color": "rgba(255,153,0,1)",
            "dash": "solid",
            "shape": "hv"
          },
          "hoveron": "points",
          "name": "(cluster=3,1)",
          "legendgroup": "(cluster=3,1)",
          "showlegend": true,
          "xaxis": "x",
          "yaxis": "y",
          "hoverinfo": "text",
          "frame": null
        },
        {
          "x": [
            0,
            40263,
            43800
          ],
          "y": [
            1,
            0.975,
            0.975
          ],
          "text": [
            "time:     0<br />estimate: 1.0000000<br />",
            "time: 40263<br />estimate: 0.9750000<br />",
            "time: 43800<br />estimate: 0.9750000<br />"
          ],
          "type": "scatter",
          "mode": "lines",
          "line": {
            "width": 1.88976377952756,
            "color": "rgba(16,150,24,1)",
            "dash": "solid",
            "shape": "hv"
          },
          "hoveron": "points",
          "name": "(cluster=4,1)",
          "legendgroup": "(cluster=4,1)",
          "showlegend": true,
          "xaxis": "x",
          "yaxis": "y",
          "hoverinfo": "text",
          "frame": null
        },
        {
          "x": [
            0,
            43800
          ],
          "y": [
            1,
            1
          ],
          "text": [
            "time:     0<br />estimate: 1.0000000<br />",
            "time: 43800<br />estimate: 1.0000000<br />"
          ],
          "type": "scatter",
          "mode": "lines",
          "line": {
            "width": 1.88976377952756,
            "color": "rgba(153,0,153,1)",
            "dash": "solid",
            "shape": "hv"
          },
          "hoveron": "points",
          "name": "(cluster=5,1)",
          "legendgroup": "(cluster=5,1)",
          "showlegend": true,
          "xaxis": "x",
          "yaxis": "y",
          "hoverinfo": "text",
          "frame": null
        },
        {
          "x": [
            0,
            15331,
            15331,
            24282,
            24282,
            43800,
            43800,
            43800,
            43800,
            24282,
            24282,
            15331,
            15331,
            0,
            0
          ],
          "y": [
            1,
            1,
            0.876706690037546,
            0.876706690037546,
            0.804854797782958,
            0.804854797782958,
            0.804854797782958,
            1,
            1,
            1,
            1,
            1,
            1,
            1,
            1
          ],
          "text": [
            "time:     0<br /><br />conf.low: 1.0000000<br />conf.high: 1",
            "time: 15331<br /><br />conf.low: 1.0000000<br />conf.high: 1",
            "time: 15331<br /><br />conf.low: 0.8767067<br />conf.high: 1",
            "time: 24282<br /><br />conf.low: 0.8767067<br />conf.high: 1",
            "time: 24282<br /><br />conf.low: 0.8048548<br />conf.high: 1",
            "time: 43800<br /><br />conf.low: 0.8048548<br />conf.high: 1",
            "time: 43800<br /><br />conf.low: 0.8048548<br />conf.high: 1",
            "time: 43800<br /><br />conf.low: 0.8048548<br />conf.high: 1",
            "time: 43800<br /><br />conf.low: 0.8048548<br />conf.high: 1",
            "time: 24282<br /><br />conf.low: 0.8767067<br />conf.high: 1",
            "time: 24282<br /><br />conf.low: 0.8048548<br />conf.high: 1",
            "time: 15331<br /><br />conf.low: 1.0000000<br />conf.high: 1",
            "time: 15331<br /><br />conf.low: 0.8767067<br />conf.high: 1",
            "time:     0<br /><br />conf.low: 1.0000000<br />conf.high: 1",
            "time:     0<br /><br />conf.low: 1.0000000<br />conf.high: 1"
          ],
          "type": "scatter",
          "mode": "lines",
          "line": {
            "width": 1.88976377952756,
            "color": "transparent",
            "dash": "solid"
          },
          "fill": "toself",
          "fillcolor": "rgba(51,102,204,0.2)",
          "hoveron": "points",
          "name": "(cluster=1,1)",
          "legendgroup": "(cluster=1,1)",
          "showlegend": false,
          "xaxis": "x",
          "yaxis": "y",
          "hoverinfo": "text",
          "frame": null
        },
        {
          "x": [
            0,
            29078,
            29078,
            32240,
            32240,
            39966,
            39966,
            43800,
            43800,
            43800,
            43800,
            39966,
            39966,
            32240,
            32240,
            29078,
            29078,
            0,
            0
          ],
          "y": [
            1,
            1,
            0.915425889971117,
            0.915425889971117,
            0.865318714031,
            0.865318714031,
            0.821240876275943,
            0.821240876275943,
            0.821240876275943,
            1,
            1,
            1,
            1,
            1,
            1,
            1,
            1,
            1,
            1
          ],
          "text": [
            "time:     0<br /><br />conf.low: 1.0000000<br />conf.high: 1",
            "time: 29078<br /><br />conf.low: 1.0000000<br />conf.high: 1",
            "time: 29078<br /><br />conf.low: 0.9154259<br />conf.high: 1",
            "time: 32240<br /><br />conf.low: 0.9154259<br />conf.high: 1",
            "time: 32240<br /><br />conf.low: 0.8653187<br />conf.high: 1",
            "time: 39966<br /><br />conf.low: 0.8653187<br />conf.high: 1",
            "time: 39966<br /><br />conf.low: 0.8212409<br />conf.high: 1",
            "time: 43800<br /><br />conf.low: 0.8212409<br />conf.high: 1",
            "time: 43800<br /><br />conf.low: 0.8212409<br />conf.high: 1",
            "time: 43800<br /><br />conf.low: 0.8212409<br />conf.high: 1",
            "time: 43800<br /><br />conf.low: 0.8212409<br />conf.high: 1",
            "time: 39966<br /><br />conf.low: 0.8653187<br />conf.high: 1",
            "time: 39966<br /><br />conf.low: 0.8212409<br />conf.high: 1",
            "time: 32240<br /><br />conf.low: 0.9154259<br />conf.high: 1",
            "time: 32240<br /><br />conf.low: 0.8653187<br />conf.high: 1",
            "time: 29078<br /><br />conf.low: 1.0000000<br />conf.high: 1",
            "time: 29078<br /><br />conf.low: 0.9154259<br />conf.high: 1",
            "time:     0<br /><br />conf.low: 1.0000000<br />conf.high: 1",
            "time:     0<br /><br />conf.low: 1.0000000<br />conf.high: 1"
          ],
          "type": "scatter",
          "mode": "lines",
          "line": {
            "width": 1.88976377952756,
            "color": "transparent",
            "dash": "solid"
          },
          "fill": "toself",
          "fillcolor": "rgba(220,57,18,0.2)",
          "hoveron": "points",
          "name": "(cluster=2,1)",
          "legendgroup": "(cluster=2,1)",
          "showlegend": false,
          "xaxis": "x",
          "yaxis": "y",
          "hoverinfo": "text",
          "frame": null
        },
        {
          "x": [
            0,
            37810,
            37810,
            43800,
            43800,
            43800,
            43800,
            37810,
            37810,
            0,
            0
          ],
          "y": [
            1,
            1,
            0.912939759909873,
            0.912939759909873,
            0.912939759909873,
            1,
            1,
            1,
            1,
            1,
            1
          ],
          "text": [
            "time:     0<br /><br />conf.low: 1.0000000<br />conf.high: 1",
            "time: 37810<br /><br />conf.low: 1.0000000<br />conf.high: 1",
            "time: 37810<br /><br />conf.low: 0.9129398<br />conf.high: 1",
            "time: 43800<br /><br />conf.low: 0.9129398<br />conf.high: 1",
            "time: 43800<br /><br />conf.low: 0.9129398<br />conf.high: 1",
            "time: 43800<br /><br />conf.low: 0.9129398<br />conf.high: 1",
            "time: 43800<br /><br />conf.low: 0.9129398<br />conf.high: 1",
            "time: 37810<br /><br />conf.low: 1.0000000<br />conf.high: 1",
            "time: 37810<br /><br />conf.low: 0.9129398<br />conf.high: 1",
            "time:     0<br /><br />conf.low: 1.0000000<br />conf.high: 1",
            "time:     0<br /><br />conf.low: 1.0000000<br />conf.high: 1"
          ],
          "type": "scatter",
          "mode": "lines",
          "line": {
            "width": 1.88976377952756,
            "color": "transparent",
            "dash": "solid"
          },
          "fill": "toself",
          "fillcolor": "rgba(255,153,0,0.2)",
          "hoveron": "points",
          "name": "(cluster=3,1)",
          "legendgroup": "(cluster=3,1)",
          "showlegend": false,
          "xaxis": "x",
          "yaxis": "y",
          "hoverinfo": "text",
          "frame": null
        },
        {
          "x": [
            0,
            40263,
            40263,
            43800,
            43800,
            43800,
            43800,
            40263,
            40263,
            0,
            0
          ],
          "y": [
            1,
            1,
            0.927798108727978,
            0.927798108727978,
            0.927798108727978,
            1,
            1,
            1,
            1,
            1,
            1
          ],
          "text": [
            "time:     0<br /><br />conf.low: 1.0000000<br />conf.high: 1",
            "time: 40263<br /><br />conf.low: 1.0000000<br />conf.high: 1",
            "time: 40263<br /><br />conf.low: 0.9277981<br />conf.high: 1",
            "time: 43800<br /><br />conf.low: 0.9277981<br />conf.high: 1",
            "time: 43800<br /><br />conf.low: 0.9277981<br />conf.high: 1",
            "time: 43800<br /><br />conf.low: 0.9277981<br />conf.high: 1",
            "time: 43800<br /><br />conf.low: 0.9277981<br />conf.high: 1",
            "time: 40263<br /><br />conf.low: 1.0000000<br />conf.high: 1",
            "time: 40263<br /><br />conf.low: 0.9277981<br />conf.high: 1",
            "time:     0<br /><br />conf.low: 1.0000000<br />conf.high: 1",
            "time:     0<br /><br />conf.low: 1.0000000<br />conf.high: 1"
          ],
          "type": "scatter",
          "mode": "lines",
          "line": {
            "width": 1.88976377952756,
            "color": "transparent",
            "dash": "solid"
          },
          "fill": "toself",
          "fillcolor": "rgba(16,150,24,0.2)",
          "hoveron": "points",
          "name": "(cluster=4,1)",
          "legendgroup": "(cluster=4,1)",
          "showlegend": false,
          "xaxis": "x",
          "yaxis": "y",
          "hoverinfo": "text",
          "frame": null
        },
        {
          "x": [
            0,
            43800,
            43800,
            43800,
            43800,
            43800,
            0,
            0
          ],
          "y": [
            1,
            1,
            1,
            1,
            1,
            1,
            1,
            1
          ],
          "text": [
            "time:     0<br /><br />conf.low: 1.0000000<br />conf.high: 1",
            "time: 43800<br /><br />conf.low: 1.0000000<br />conf.high: 1",
            "time: 43800<br /><br />conf.low: 1.0000000<br />conf.high: 1",
            "time: 43800<br /><br />conf.low: 1.0000000<br />conf.high: 1",
            "time: 43800<br /><br />conf.low: 1.0000000<br />conf.high: 1",
            "time: 43800<br /><br />conf.low: 1.0000000<br />conf.high: 1",
            "time:     0<br /><br />conf.low: 1.0000000<br />conf.high: 1",
            "time:     0<br /><br />conf.low: 1.0000000<br />conf.high: 1"
          ],
          "type": "scatter",
          "mode": "lines",
          "line": {
            "width": 1.88976377952756,
            "color": "transparent",
            "dash": "solid"
          },
          "fill": "toself",
          "fillcolor": "rgba(153,0,153,0.2)",
          "hoveron": "points",
          "name": "(cluster=5,1)",
          "legendgroup": "(cluster=5,1)",
          "showlegend": false,
          "xaxis": "x",
          "yaxis": "y",
          "hoverinfo": "text",
          "frame": null
        }
      ],
      "layout": {
        "margin": {
          "t": 25.7412480974125,
          "r": 7.30593607305936,
          "b": 42.6179604261796,
          "l": 53.4661685346617
        },
        "plot_bgcolor": "rgba(255,255,255,1)",
        "paper_bgcolor": "rgba(255,255,255,1)",
        "font": {
          "color": "rgba(0,0,0,1)",
          "family": "",
          "size": 14.6118721461187
        },
        "xaxis": {
          "domain": [
            0,
            1
          ],
          "automargin": true,
          "type": "linear",
          "autorange": false,
          "range": [
            -2190,
            45990
          ],
          "tickmode": "array",
          "ticktext": [
            1,
            2,
            3,
            4,
            5
          ],
          "tickvals": [
            8760,
            17520,
            26280,
            35040,
            43800
          ],
          "categoryorder": "array",
          "categoryarray": [
            1,
            2,
            3,
            4,
            5
          ],
          "nticks": null,
          "ticks": "outside",
          "tickcolor": "rgba(51,51,51,1)",
          "ticklen": 3.65296803652968,
          "tickwidth": 0.66417600664176,
          "showticklabels": true,
          "tickfont": {
            "color": "rgba(77,77,77,1)",
            "family": "",
            "size": 13.2835201328352
          },
          "tickangle": 0,
          "showline": false,
          "linecolor": null,
          "linewidth": 0,
          "showgrid": true,
          "gridcolor": "rgba(235,235,235,1)",
          "gridwidth": 0.66417600664176,
          "zeroline": false,
          "anchor": "y",
          "title": {
            "text": "Time",
            "font": {
              "color": "rgba(0,0,0,1)",
              "family": "",
              "size": 15.9402241594022
            }
          },
          "hoverformat": ".2f"
        },
        "yaxis": {
          "domain": [
            0,
            1
          ],
          "automargin": true,
          "type": "linear",
          "autorange": false,
          "range": [
            0.795097537672106,
            1.00975726011085
          ],
          "tickmode": "array",
          "ticktext": [
            "0.80",
            "0.85",
            "0.90",
            "0.95",
            "1.00"
          ],
          "tickvals": [
            0.8,
            0.85,
            0.9,
            0.95,
            1
          ],
          "categoryorder": "array",
          "categoryarray": [
            "0.80",
            "0.85",
            "0.90",
            "0.95",
            "1.00"
          ],
          "nticks": null,
          "ticks": "outside",
          "tickcolor": "rgba(51,51,51,1)",
          "ticklen": 3.65296803652968,
          "tickwidth": 0.66417600664176,
          "showticklabels": true,
          "tickfont": {
            "color": "rgba(77,77,77,1)",
            "family": "",
            "size": 13.2835201328352
          },
          "tickangle": 0,
          "showline": false,
          "linecolor": null,
          "linewidth": 0,
          "showgrid": true,
          "gridcolor": "rgba(235,235,235,1)",
          "gridwidth": 0.66417600664176,
          "zeroline": false,
          "anchor": "x",
          "title": {
            "text": "Survival Probability",
            "font": {
              "color": "rgba(0,0,0,1)",
              "family": "",
              "size": 15.9402241594022
            }
          },
          "hoverformat": ".2f"
        },
        "shapes": [
          {
            "type": "rect",
            "fillcolor": "transparent",
            "line": {
              "color": "rgba(51,51,51,1)",
              "width": 0.66417600664176,
              "linetype": "solid"
            },
            "yref": "paper",
            "xref": "paper",
            "x0": 0,
            "x1": 1,
            "y0": 0,
            "y1": 1
          }
        ],
        "showlegend": false,
        "legend": {
          "bgcolor": "rgba(255,255,255,1)",
          "bordercolor": "transparent",
          "borderwidth": 1.88976377952756,
          "font": {
            "color": "rgba(0,0,0,1)",
            "family": "",
            "size": 13.2835201328352
          }
        },
        "hovermode": "closest",
        "barmode": "relative"
      }
    },
    "messageType": "chronicDiseaseCohorts.report",
    "requestId": "d3a10458-1a2c-43b8-8a3e-136562af4100",
    "cohortId": "c_f74b9c92bc0517005234279f26646e4a"
  },
  "id": "d3a10458-1a2c-43b8-8a3e-136562af4100"
}