{
  "messageType": "chronicDiseaseCohorts.buildCohort",
  "cohortId": "c_ca688279ff7732ea0e4cb3251e49f0f2",
  "cohort": {
    "name": "unnamed",
    "id": "c_ca688279ff7732ea0e4cb3251e49f0f2",
    "inclusionCriteria": [
      {
        "enabled": true,
        "type": "icd9",
        "label": "204.1* __CHRONIC__1992 ,LEUKEMIA LYMPHOID",
        "track": "icd9_204.1",
        "num.vals": 4120,
        "checked": true,
        "_depth": 1,
        "_id": "generic-96-1",
        "_parent": "generic-96",
        "_children": [],
        "hide": false,
        "_isMatch": true,
        "_focused": true
      }
    ],
    "requiredFilter": [],
    "excludeFilter": [],
    "adjustOnsetTime": [],
    "isChronic": true
  }
}