{
  "messageType": "chronicDiseaseCohorts.genReport",
  "cohortId": "c_ca688279ff7732ea0e4cb3251e49f0f2",
  "report": {
    "type": "predisposition_risk",
    "timeScope": [
      {
        "day": 1,
        "month": 1,
        "year": 2004
      },
      {
        "day": 1,
        "month": 1,
        "year": 2018
      }
    ],
    "ageBreaks": [
      60,
      70
    ],
    "timeWindow": [
      -1095,
      -1
    ],
    "minRiskCount": 10,
    "minPredCount": 10,
    "background": {
      "requiredFilter": [],
      "excludeFilter": [],
      "matching": [],
      "id": "c_7d76ae34df881364c7fd689b00949958",
      "status": "built"
    },
    "cohortSet": "med"
  }
}