{
  "data": {
    "type": "prevalence",
    "data": null,
    "figures": {
      "data": [
        {
          "x": [
            10,
            25,
            35,
            45,
            55,
            65,
            75,
            100
          ],
          "y": [
            0,
            0,
            0,
            0.00118912497603686,
            0.0112991671223267,
            0.0356720583218888,
            0.0570808284595223,
            0.0715105590844042
          ],
          "text": [
            "age_mid:  10<br />est: 0.0000000000<br />lwr.ci: 0.0000000000<br />upr.ci: 0.000000000<br />sex: male",
            "age_mid:  25<br />est: 0.0000000000<br />lwr.ci: 0.0000000000<br />upr.ci: 0.000000000<br />sex: male",
            "age_mid:  35<br />est: 0.0000000000<br />lwr.ci: 0.0000000000<br />upr.ci: 0.000000000<br />sex: male",
            "age_mid:  45<br />est: 0.0011891250<br />lwr.ci: 0.0011784147<br />upr.ci: 0.001199835<br />sex: male",
            "age_mid:  55<br />est: 0.0112991671<br />lwr.ci: 0.0112631072<br />upr.ci: 0.011335227<br />sex: male",
            "age_mid:  65<br />est: 0.0356720583<br />lwr.ci: 0.0355971209<br />upr.ci: 0.035746996<br />sex: male",
            "age_mid:  75<br />est: 0.0570808285<br />lwr.ci: 0.0569391400<br />upr.ci: 0.057222517<br />sex: male",
            "age_mid: 100<br />est: 0.0715105591<br />lwr.ci: 0.0711669742<br />upr.ci: 0.071854144<br />sex: male"
          ],
          "type": "scatter",
          "mode": "lines",
          "opacity": 1,
          "line": {
            "color": "rgba(51,102,204,1)",
            "width": 3.77952755905512,
            "dash": "solid"
          },
          "error_y": {
            "array": [
              0,
              0,
              0,
              1.07102701601607e-05,
              3.605988821739e-05,
              7.49374172470604e-05,
              0.00014168849046152,
              0.000343584904274427
            ],
            "arrayminus": [
              0,
              0,
              0,
              1.07102701601607e-05,
              3.605988821739e-05,
              7.49374172470604e-05,
              0.00014168849046152,
              0.000343584904274427
            ],
            "type": "data",
            "width": 1.51215121512151,
            "symmetric": false,
            "color": "rgba(51,102,204,1)"
          },
          "name": "male",
          "legendgroup": "male",
          "showlegend": true,
          "xaxis": "x",
          "yaxis": "y",
          "hoverinfo": "text",
          "hoveron": "points",
          "frame": null
        },
        {
          "x": [
            10,
            25,
            35,
            45,
            55,
            65,
            75,
            100
          ],
          "y": [
            0,
            0,
            0,
            0.000367598701469891,
            0.00364975105797664,
            0.0145348921131827,
            0.0396302761003515,
            0.0691407941419384
          ],
          "text": [
            "age_mid:  10<br />est: 0.0000000000<br />lwr.ci: 0.0000000000<br />upr.ci: 0.000000000<br />sex: female",
            "age_mid:  25<br />est: 0.0000000000<br />lwr.ci: 0.0000000000<br />upr.ci: 0.000000000<br />sex: female",
            "age_mid:  35<br />est: 0.0000000000<br />lwr.ci: 0.0000000000<br />upr.ci: 0.000000000<br />sex: female",
            "age_mid:  45<br />est: 0.0003675987<br />lwr.ci: 0.0003618194<br />upr.ci: 0.000373378<br />sex: female",
            "age_mid:  55<br />est: 0.0036497511<br />lwr.ci: 0.0036308115<br />upr.ci: 0.003668691<br />sex: female",
            "age_mid:  65<br />est: 0.0145348921<br />lwr.ci: 0.0144914057<br />upr.ci: 0.014578379<br />sex: female",
            "age_mid:  75<br />est: 0.0396302761<br />lwr.ci: 0.0395348063<br />upr.ci: 0.039725746<br />sex: female",
            "age_mid: 100<br />est: 0.0691407941<br />lwr.ci: 0.0689170256<br />upr.ci: 0.069364563<br />sex: female"
          ],
          "type": "scatter",
          "mode": "lines",
          "opacity": 1,
          "line": {
            "color": "rgba(220,57,18,1)",
            "width": 3.77952755905512,
            "dash": "solid"
          },
          "error_y": {
            "array": [
              0,
              0,
              0,
              5.77926508949037e-06,
              1.89395601849561e-05,
              4.34864015258878e-05,
              9.5469780129788e-05,
              0.00022376855415783
            ],
            "arrayminus": [
              0,
              0,
              0,
              5.77926508949037e-06,
              1.89395601849561e-05,
              4.34864015258878e-05,
              9.5469780129788e-05,
              0.00022376855415783
            ],
            "type": "data",
            "width": 1.51215121512151,
            "symmetric": false,
            "color": "rgba(220,57,18,1)"
          },
          "name": "female",
          "legendgroup": "female",
          "showlegend": true,
          "xaxis": "x",
          "yaxis": "y",
          "hoverinfo": "text",
          "hoveron": "points",
          "frame": null
        }
      ],
      "layout": {
        "margin": {
          "t": 23.3059360730594,
          "r": 7.30593607305936,
          "b": 37.2602739726027,
          "l": 48.9497716894977
        },
        "plot_bgcolor": "rgba(255,255,255,1)",
        "paper_bgcolor": "rgba(255,255,255,1)",
        "font": {
          "color": "rgba(0,0,0,1)",
          "family": "",
          "size": 14.6118721461187
        },
        "xaxis": {
          "domain": [
            0,
            1
          ],
          "automargin": true,
          "type": "linear",
          "autorange": false,
          "range": [
            5.005,
            104.995
          ],
          "tickmode": "array",
          "ticktext": [
            "25",
            "50",
            "75",
            "100"
          ],
          "tickvals": [
            25,
            50,
            75,
            100
          ],
          "categoryorder": "array",
          "categoryarray": [
            "25",
            "50",
            "75",
            "100"
          ],
          "nticks": null,
          "ticks": "outside",
          "tickcolor": "rgba(51,51,51,1)",
          "ticklen": 3.65296803652968,
          "tickwidth": 0.66417600664176,
          "showticklabels": true,
          "tickfont": {
            "color": "rgba(77,77,77,1)",
            "family": "",
            "size": 11.689497716895
          },
          "tickangle": 0,
          "showline": false,
          "linecolor": null,
          "linewidth": 0,
          "showgrid": true,
          "gridcolor": "rgba(235,235,235,1)",
          "gridwidth": 0.66417600664176,
          "zeroline": false,
          "anchor": "y",
          "title": {
            "text": "Age",
            "font": {
              "color": "rgba(0,0,0,1)",
              "family": "",
              "size": 14.6118721461187
            }
          },
          "hoverformat": ".2f"
        },
        "yaxis": {
          "domain": [
            0,
            1
          ],
          "automargin": true,
          "type": "linear",
          "autorange": false,
          "range": [
            -0.00359270719943393,
            0.0754468511881125
          ],
          "tickmode": "array",
          "ticktext": [
            "0.00",
            "0.02",
            "0.04",
            "0.06"
          ],
          "tickvals": [
            0,
            0.02,
            0.04,
            0.06
          ],
          "categoryorder": "array",
          "categoryarray": [
            "0.00",
            "0.02",
            "0.04",
            "0.06"
          ],
          "nticks": null,
          "ticks": "outside",
          "tickcolor": "rgba(51,51,51,1)",
          "ticklen": 3.65296803652968,
          "tickwidth": 0.66417600664176,
          "showticklabels": true,
          "tickfont": {
            "color": "rgba(77,77,77,1)",
            "family": "",
            "size": 11.689497716895
          },
          "tickangle": 0,
          "showline": false,
          "linecolor": null,
          "linewidth": 0,
          "showgrid": true,
          "gridcolor": "rgba(235,235,235,1)",
          "gridwidth": 0.66417600664176,
          "zeroline": false,
          "anchor": "x",
          "title": {
            "text": "Prevalence",
            "font": {
              "color": "rgba(0,0,0,1)",
              "family": "",
              "size": 14.6118721461187
            }
          },
          "hoverformat": ".2f"
        },
        "shapes": [
          {
            "type": "rect",
            "fillcolor": "transparent",
            "line": {
              "color": "rgba(51,51,51,1)",
              "width": 0.66417600664176,
              "linetype": "solid"
            },
            "yref": "paper",
            "xref": "paper",
            "x0": 0,
            "x1": 1,
            "y0": 0,
            "y1": 1
          }
        ],
        "showlegend": true,
        "legend": {
          "bgcolor": "rgba(255,255,255,1)",
          "bordercolor": "transparent",
          "borderwidth": 1.88976377952756,
          "font": {
            "color": "rgba(0,0,0,1)",
            "family": "",
            "size": 11.689497716895
          },
          "title": {
            "text": "",
            "font": {
              "color": "rgba(0,0,0,1)",
              "family": "",
              "size": 14.6118721461187
            }
          }
        },
        "hovermode": "closest",
        "barmode": "relative"
      }
    },
    "messageType": "chronicDiseaseCohorts.report",
    "requestId": "fe38a4f8-7b81-4569-add9-7f72511d4add",
    "cohortId": "c_1edce754ecebcabfd9f3ef82b9108f12"
  },
  "id": "e641ba95-5651-4e32-a43b-034762b2de39"
}