{
  "messageType": "analysisDocument.genReport",
  "cohortIds": [
    "c_79b7bedd53776ecb75c2c8e42b01997f",
    "c_304ba6a56f0a55408fffeb33c57eb6cc",
    "c_3fec116466a007cbef77008da3eaedc9",
    "c_7a43cf1b93cde9ef4db07e1a5013111f"
  ],
  "report": {
    "type": "incidence_rate",
    "timeScope": [
      {
        "day": 1,
        "month": 1,
        "year": 2004
      },
      {
        "day": 1,
        "month": 1,
        "year": 2018
      }
    ],
    "ageBreaks": [
      0,
      20,
      30,
      40,
      50,
      60,
      70,
      80,
      120
    ],
    "cohortColors": [
      "#ff0000",
      "#ff0000",
      "#ff0000",
      "#ff0000"
    ]
  }
}