{
  "messageType": "chronicDiseaseCohorts.buildCohort",
  "cohortId": "c_3fec116466a007cbef77008da3eaedc9",
  "cohort": {
    "name": "DIABETES_WITH_OPHTHALMIC_MANIFESTATIONS",
    "id": "c_3fec116466a007cbef77008da3eaedc9",
    "inclusionCriteria": [
      {
        "enabled": true,
        "type": "ICD9",
        "label": "250.5* DIABETES WITH OPHTHALMIC MANIFESTATIONS",
        "track": "icd9_250.5"
      }
    ],
    "requiredFilter": [],
    "excludeFilter": [
      {
        "enabled": true,
        "type": "ICD9",
        "label": "730.0* ACUTE OSTEOMYELITIS",
        "stime": -3650,
        "etime": 0,
        "track": "icd9_730.0"
      },
      {
        "enabled": true,
        "type": "ICD9",
        "label": "713.5* ARTHROPATHY ASSOCIATED WITH NEUROLOGICAL DISORDERS",
        "stime": -3650,
        "etime": 0,
        "track": "icd9_713.5"
      },
      {
        "enabled": true,
        "type": "ICD9",
        "label": "F83* MIXED SPECIFIC DEVELOPMENTAL DISORDERS",
        "stime": -3650,
        "etime": 0,
        "track": "icd9_F83"
      },
      {
        "enabled": true,
        "type": "ICD9",
        "label": "583.8* NEPHRITIS AC.OR CHR.WITH OTHER SPEC.LESIONS IN KIDNEY",
        "stime": -3650,
        "etime": 0,
        "track": "icd9_583.8"
      },
      {
        "enabled": true,
        "type": "ICD9",
        "label": "581.8* NEPHROTIC SYN.WITH OTHER SPEC.PATHOLOGICAL LESION IN KIDNEY",
        "stime": -3650,
        "etime": 0,
        "track": "icd9_581.8"
      },
      {
        "enabled": true,
        "type": "ICD9",
        "label": "581 NEPHROTIC SYNDROME",
        "stime": -3650,
        "etime": 0,
        "track": "icd9_581_"
      },
      {
        "enabled": true,
        "type": "ICD9",
        "label": "581.9* NEPHROTIC SYNDROME WITH UNSP.PATHOLOGICAL LESION IN KIDNEY",
        "stime": -3650,
        "etime": 0,
        "track": "icd9_581.9"
      },
      {
        "enabled": true,
        "type": "ICD9",
        "label": "731.8* OTHER BONE INVOLVEMENT IN DISEASES CLASSIFIED ELSEWHERE",
        "stime": -3650,
        "etime": 0,
        "track": "icd9_731.8"
      },
      {
        "enabled": true,
        "type": "ICD9",
        "label": "707.1* ULCER OF LOWER LIMBS, EXCEPT DECUBITUS ULCER",
        "stime": -3650,
        "etime": 0,
        "track": "icd9_707.1"
      },
      {
        "enabled": true,
        "type": "ICD9",
        "label": "730.2* UNSPECIFIED OSTEOMYELITIS",
        "stime": -3650,
        "etime": 0,
        "track": "icd9_730.2"
      }
    ],
    "adjustOnsetTime": [],
    "isChronic": true
  }
}