{
  "data": {
    "messageType": "analysisDocument.report",
    "requestId": "697f4a31-704b-4100-8213-508de4f209e2",
    "NA": null,
    "cohortIds": [
      "c_79b7bedd53776ecb75c2c8e42b01997f",
      "c_304ba6a56f0a55408fffeb33c57eb6cc",
      "c_3fec116466a007cbef77008da3eaedc9",
      "c_7a43cf1b93cde9ef4db07e1a5013111f"
    ],
    "type": "year_gender",
    "data": null,
    "figures": {
      "data": [
        {
          "orientation": "v",
          "width": [
            0.224999999999909,
            0.224999999999909,
            0.224999999999909,
            0.224999999999909,
            0.224999999999909,
            0.224999999999909,
            0.224999999999909,
            0.224999999999909,
            0.224999999999909,
            0.224999999999909,
            0.224999999999909,
            0.224999999999909,
            0.224999999999909,
            0.224999999999909
          ],
          "base": [
            0,
            0,
            0,
            0,
            0,
            0,
            0,
            0,
            0,
            0,
            0,
            0,
            0,
            0
          ],
          "x": [
            2003.6625,
            2004.6625,
            2005.6625,
            2006.6625,
            2007.6625,
            2008.6625,
            2009.6625,
            2010.6625,
            2011.6625,
            2012.6625,
            2013.6625,
            2014.6625,
            2015.6625,
            2016.6625
          ],
          "y": [
            570,
            443,
            324,
            254,
            251,
            232,
            203,
            234,
            186,
            205,
            198,
            206,
            194,
            213
          ],
          "text": [
            "y: 2004<br />n:  570<br />cohort: cohort.5Fc.5F304ba6a56f0a55408fffeb33c57eb6cc",
            "y: 2005<br />n:  443<br />cohort: cohort.5Fc.5F304ba6a56f0a55408fffeb33c57eb6cc",
            "y: 2006<br />n:  324<br />cohort: cohort.5Fc.5F304ba6a56f0a55408fffeb33c57eb6cc",
            "y: 2007<br />n:  254<br />cohort: cohort.5Fc.5F304ba6a56f0a55408fffeb33c57eb6cc",
            "y: 2008<br />n:  251<br />cohort: cohort.5Fc.5F304ba6a56f0a55408fffeb33c57eb6cc",
            "y: 2009<br />n:  232<br />cohort: cohort.5Fc.5F304ba6a56f0a55408fffeb33c57eb6cc",
            "y: 2010<br />n:  203<br />cohort: cohort.5Fc.5F304ba6a56f0a55408fffeb33c57eb6cc",
            "y: 2011<br />n:  234<br />cohort: cohort.5Fc.5F304ba6a56f0a55408fffeb33c57eb6cc",
            "y: 2012<br />n:  186<br />cohort: cohort.5Fc.5F304ba6a56f0a55408fffeb33c57eb6cc",
            "y: 2013<br />n:  205<br />cohort: cohort.5Fc.5F304ba6a56f0a55408fffeb33c57eb6cc",
            "y: 2014<br />n:  198<br />cohort: cohort.5Fc.5F304ba6a56f0a55408fffeb33c57eb6cc",
            "y: 2015<br />n:  206<br />cohort: cohort.5Fc.5F304ba6a56f0a55408fffeb33c57eb6cc",
            "y: 2016<br />n:  194<br />cohort: cohort.5Fc.5F304ba6a56f0a55408fffeb33c57eb6cc",
            "y: 2017<br />n:  213<br />cohort: cohort.5Fc.5F304ba6a56f0a55408fffeb33c57eb6cc"
          ],
          "type": "bar",
          "textposition": "none",
          "marker": {
            "autocolorscale": false,
            "color": "rgba(255,0,0,1)",
            "line": {
              "width": 1.88976377952756,
              "color": "transparent"
            }
          },
          "name": "cohort.5Fc.5F304ba6a56f0a55408fffeb33c57eb6cc",
          "legendgroup": "cohort.5Fc.5F304ba6a56f0a55408fffeb33c57eb6cc",
          "showlegend": true,
          "xaxis": "x",
          "yaxis": "y",
          "hoverinfo": "text",
          "frame": null,
          "cohortId": "DIABETES_WITH_NEUROLOGICAL_MANIFESTATIONS"
        },
        {
          "orientation": "v",
          "width": [
            0.224999999999909,
            0.224999999999909,
            0.224999999999909,
            0.224999999999909,
            0.224999999999909,
            0.224999999999909,
            0.224999999999909,
            0.224999999999909,
            0.224999999999909,
            0.224999999999909,
            0.224999999999909,
            0.224999999999909,
            0.224999999999909,
            0.224999999999909
          ],
          "base": [
            0,
            0,
            0,
            0,
            0,
            0,
            0,
            0,
            0,
            0,
            0,
            0,
            0,
            0
          ],
          "x": [
            2003.6625,
            2004.6625,
            2005.6625,
            2006.6625,
            2007.6625,
            2008.6625,
            2009.6625,
            2010.6625,
            2011.6625,
            2012.6625,
            2013.6625,
            2014.6625,
            2015.6625,
            2016.6625
          ],
          "y": [
            632,
            560,
            448,
            350,
            297,
            267,
            280,
            269,
            272,
            244,
            247,
            213,
            248,
            244
          ],
          "text": [
            "y: 2004<br />n:  632<br />cohort: cohort.5Fc.5F304ba6a56f0a55408fffeb33c57eb6cc",
            "y: 2005<br />n:  560<br />cohort: cohort.5Fc.5F304ba6a56f0a55408fffeb33c57eb6cc",
            "y: 2006<br />n:  448<br />cohort: cohort.5Fc.5F304ba6a56f0a55408fffeb33c57eb6cc",
            "y: 2007<br />n:  350<br />cohort: cohort.5Fc.5F304ba6a56f0a55408fffeb33c57eb6cc",
            "y: 2008<br />n:  297<br />cohort: cohort.5Fc.5F304ba6a56f0a55408fffeb33c57eb6cc",
            "y: 2009<br />n:  267<br />cohort: cohort.5Fc.5F304ba6a56f0a55408fffeb33c57eb6cc",
            "y: 2010<br />n:  280<br />cohort: cohort.5Fc.5F304ba6a56f0a55408fffeb33c57eb6cc",
            "y: 2011<br />n:  269<br />cohort: cohort.5Fc.5F304ba6a56f0a55408fffeb33c57eb6cc",
            "y: 2012<br />n:  272<br />cohort: cohort.5Fc.5F304ba6a56f0a55408fffeb33c57eb6cc",
            "y: 2013<br />n:  244<br />cohort: cohort.5Fc.5F304ba6a56f0a55408fffeb33c57eb6cc",
            "y: 2014<br />n:  247<br />cohort: cohort.5Fc.5F304ba6a56f0a55408fffeb33c57eb6cc",
            "y: 2015<br />n:  213<br />cohort: cohort.5Fc.5F304ba6a56f0a55408fffeb33c57eb6cc",
            "y: 2016<br />n:  248<br />cohort: cohort.5Fc.5F304ba6a56f0a55408fffeb33c57eb6cc",
            "y: 2017<br />n:  244<br />cohort: cohort.5Fc.5F304ba6a56f0a55408fffeb33c57eb6cc"
          ],
          "type": "bar",
          "textposition": "none",
          "marker": {
            "autocolorscale": false,
            "color": "rgba(255,0,0,1)",
            "line": {
              "width": 1.88976377952756,
              "color": "transparent"
            }
          },
          "name": "cohort.5Fc.5F304ba6a56f0a55408fffeb33c57eb6cc",
          "legendgroup": "cohort.5Fc.5F304ba6a56f0a55408fffeb33c57eb6cc",
          "showlegend": false,
          "xaxis": "x2",
          "yaxis": "y",
          "hoverinfo": "text",
          "frame": null,
          "cohortId": "DIABETES_WITH_NEUROLOGICAL_MANIFESTATIONS"
        },
        {
          "orientation": "v",
          "width": [
            0.224999999999909,
            0.224999999999909,
            0.224999999999909,
            0.224999999999909,
            0.224999999999909,
            0.224999999999909,
            0.224999999999909,
            0.224999999999909,
            0.224999999999909,
            0.224999999999909,
            0.224999999999909,
            0.224999999999909,
            0.224999999999909,
            0.224999999999909
          ],
          "base": [
            0,
            0,
            0,
            0,
            0,
            0,
            0,
            0,
            0,
            0,
            0,
            0,
            0,
            0
          ],
          "x": [
            2003.8875,
            2004.8875,
            2005.8875,
            2006.8875,
            2007.8875,
            2008.8875,
            2009.8875,
            2010.8875,
            2011.8875,
            2012.8875,
            2013.8875,
            2014.8875,
            2015.8875,
            2016.8875
          ],
          "y": [
            750,
            580,
            491,
            418,
            353,
            352,
            311,
            343,
            317,
            303,
            291,
            282,
            336,
            322
          ],
          "text": [
            "y: 2004<br />n:  750<br />cohort: cohort.5Fc.5F3fec116466a007cbef77008da3eaedc9",
            "y: 2005<br />n:  580<br />cohort: cohort.5Fc.5F3fec116466a007cbef77008da3eaedc9",
            "y: 2006<br />n:  491<br />cohort: cohort.5Fc.5F3fec116466a007cbef77008da3eaedc9",
            "y: 2007<br />n:  418<br />cohort: cohort.5Fc.5F3fec116466a007cbef77008da3eaedc9",
            "y: 2008<br />n:  353<br />cohort: cohort.5Fc.5F3fec116466a007cbef77008da3eaedc9",
            "y: 2009<br />n:  352<br />cohort: cohort.5Fc.5F3fec116466a007cbef77008da3eaedc9",
            "y: 2010<br />n:  311<br />cohort: cohort.5Fc.5F3fec116466a007cbef77008da3eaedc9",
            "y: 2011<br />n:  343<br />cohort: cohort.5Fc.5F3fec116466a007cbef77008da3eaedc9",
            "y: 2012<br />n:  317<br />cohort: cohort.5Fc.5F3fec116466a007cbef77008da3eaedc9",
            "y: 2013<br />n:  303<br />cohort: cohort.5Fc.5F3fec116466a007cbef77008da3eaedc9",
            "y: 2014<br />n:  291<br />cohort: cohort.5Fc.5F3fec116466a007cbef77008da3eaedc9",
            "y: 2015<br />n:  282<br />cohort: cohort.5Fc.5F3fec116466a007cbef77008da3eaedc9",
            "y: 2016<br />n:  336<br />cohort: cohort.5Fc.5F3fec116466a007cbef77008da3eaedc9",
            "y: 2017<br />n:  322<br />cohort: cohort.5Fc.5F3fec116466a007cbef77008da3eaedc9"
          ],
          "type": "bar",
          "textposition": "none",
          "marker": {
            "autocolorscale": false,
            "color": "rgba(255,0,0,1)",
            "line": {
              "width": 1.88976377952756,
              "color": "transparent"
            }
          },
          "name": "cohort.5Fc.5F3fec116466a007cbef77008da3eaedc9",
          "legendgroup": "cohort.5Fc.5F3fec116466a007cbef77008da3eaedc9",
          "showlegend": true,
          "xaxis": "x",
          "yaxis": "y",
          "hoverinfo": "text",
          "frame": null,
          "cohortId": "DIABETES_WITH_OPHTHALMIC_MANIFESTATIONS"
        },
        {
          "orientation": "v",
          "width": [
            0.224999999999909,
            0.224999999999909,
            0.224999999999909,
            0.224999999999909,
            0.224999999999909,
            0.224999999999909,
            0.224999999999909,
            0.224999999999909,
            0.224999999999909,
            0.224999999999909,
            0.224999999999909,
            0.224999999999909,
            0.224999999999909,
            0.224999999999909
          ],
          "base": [
            0,
            0,
            0,
            0,
            0,
            0,
            0,
            0,
            0,
            0,
            0,
            0,
            0,
            0
          ],
          "x": [
            2003.8875,
            2004.8875,
            2005.8875,
            2006.8875,
            2007.8875,
            2008.8875,
            2009.8875,
            2010.8875,
            2011.8875,
            2012.8875,
            2013.8875,
            2014.8875,
            2015.8875,
            2016.8875
          ],
          "y": [
            786,
            661,
            556,
            456,
            432,
            353,
            370,
            403,
            325,
            329,
            346,
            351,
            361,
            344
          ],
          "text": [
            "y: 2004<br />n:  786<br />cohort: cohort.5Fc.5F3fec116466a007cbef77008da3eaedc9",
            "y: 2005<br />n:  661<br />cohort: cohort.5Fc.5F3fec116466a007cbef77008da3eaedc9",
            "y: 2006<br />n:  556<br />cohort: cohort.5Fc.5F3fec116466a007cbef77008da3eaedc9",
            "y: 2007<br />n:  456<br />cohort: cohort.5Fc.5F3fec116466a007cbef77008da3eaedc9",
            "y: 2008<br />n:  432<br />cohort: cohort.5Fc.5F3fec116466a007cbef77008da3eaedc9",
            "y: 2009<br />n:  353<br />cohort: cohort.5Fc.5F3fec116466a007cbef77008da3eaedc9",
            "y: 2010<br />n:  370<br />cohort: cohort.5Fc.5F3fec116466a007cbef77008da3eaedc9",
            "y: 2011<br />n:  403<br />cohort: cohort.5Fc.5F3fec116466a007cbef77008da3eaedc9",
            "y: 2012<br />n:  325<br />cohort: cohort.5Fc.5F3fec116466a007cbef77008da3eaedc9",
            "y: 2013<br />n:  329<br />cohort: cohort.5Fc.5F3fec116466a007cbef77008da3eaedc9",
            "y: 2014<br />n:  346<br />cohort: cohort.5Fc.5F3fec116466a007cbef77008da3eaedc9",
            "y: 2015<br />n:  351<br />cohort: cohort.5Fc.5F3fec116466a007cbef77008da3eaedc9",
            "y: 2016<br />n:  361<br />cohort: cohort.5Fc.5F3fec116466a007cbef77008da3eaedc9",
            "y: 2017<br />n:  344<br />cohort: cohort.5Fc.5F3fec116466a007cbef77008da3eaedc9"
          ],
          "type": "bar",
          "textposition": "none",
          "marker": {
            "autocolorscale": false,
            "color": "rgba(255,0,0,1)",
            "line": {
              "width": 1.88976377952756,
              "color": "transparent"
            }
          },
          "name": "cohort.5Fc.5F3fec116466a007cbef77008da3eaedc9",
          "legendgroup": "cohort.5Fc.5F3fec116466a007cbef77008da3eaedc9",
          "showlegend": false,
          "xaxis": "x2",
          "yaxis": "y",
          "hoverinfo": "text",
          "frame": null,
          "cohortId": "DIABETES_WITH_OPHTHALMIC_MANIFESTATIONS"
        },
        {
          "orientation": "v",
          "width": [
            0.224999999999909,
            0.224999999999909,
            0.224999999999909,
            0.224999999999909,
            0.224999999999909,
            0.224999999999909,
            0.224999999999909,
            0.224999999999909,
            0.224999999999909,
            0.224999999999909,
            0.224999999999909,
            0.224999999999909,
            0.224999999999909,
            0.224999999999909
          ],
          "base": [
            0,
            0,
            0,
            0,
            0,
            0,
            0,
            0,
            0,
            0,
            0,
            0,
            0,
            0
          ],
          "x": [
            2004.1125,
            2005.1125,
            2006.1125,
            2007.1125,
            2008.1125,
            2009.1125,
            2010.1125,
            2011.1125,
            2012.1125,
            2013.1125,
            2014.1125,
            2015.1125,
            2016.1125,
            2017.1125
          ],
          "y": [
            1062,
            707,
            564,
            475,
            403,
            392,
            348,
            299,
            303,
            295,
            327,
            308,
            311,
            303
          ],
          "text": [
            "y: 2004<br />n: 1062<br />cohort: cohort.5Fc.5F79b7bedd53776ecb75c2c8e42b01997f",
            "y: 2005<br />n:  707<br />cohort: cohort.5Fc.5F79b7bedd53776ecb75c2c8e42b01997f",
            "y: 2006<br />n:  564<br />cohort: cohort.5Fc.5F79b7bedd53776ecb75c2c8e42b01997f",
            "y: 2007<br />n:  475<br />cohort: cohort.5Fc.5F79b7bedd53776ecb75c2c8e42b01997f",
            "y: 2008<br />n:  403<br />cohort: cohort.5Fc.5F79b7bedd53776ecb75c2c8e42b01997f",
            "y: 2009<br />n:  392<br />cohort: cohort.5Fc.5F79b7bedd53776ecb75c2c8e42b01997f",
            "y: 2010<br />n:  348<br />cohort: cohort.5Fc.5F79b7bedd53776ecb75c2c8e42b01997f",
            "y: 2011<br />n:  299<br />cohort: cohort.5Fc.5F79b7bedd53776ecb75c2c8e42b01997f",
            "y: 2012<br />n:  303<br />cohort: cohort.5Fc.5F79b7bedd53776ecb75c2c8e42b01997f",
            "y: 2013<br />n:  295<br />cohort: cohort.5Fc.5F79b7bedd53776ecb75c2c8e42b01997f",
            "y: 2014<br />n:  327<br />cohort: cohort.5Fc.5F79b7bedd53776ecb75c2c8e42b01997f",
            "y: 2015<br />n:  308<br />cohort: cohort.5Fc.5F79b7bedd53776ecb75c2c8e42b01997f",
            "y: 2016<br />n:  311<br />cohort: cohort.5Fc.5F79b7bedd53776ecb75c2c8e42b01997f",
            "y: 2017<br />n:  303<br />cohort: cohort.5Fc.5F79b7bedd53776ecb75c2c8e42b01997f"
          ],
          "type": "bar",
          "textposition": "none",
          "marker": {
            "autocolorscale": false,
            "color": "rgba(255,0,0,1)",
            "line": {
              "width": 1.88976377952756,
              "color": "transparent"
            }
          },
          "name": "cohort.5Fc.5F79b7bedd53776ecb75c2c8e42b01997f",
          "legendgroup": "cohort.5Fc.5F79b7bedd53776ecb75c2c8e42b01997f",
          "showlegend": true,
          "xaxis": "x",
          "yaxis": "y",
          "hoverinfo": "text",
          "frame": null,
          "cohortId": "DIABETES_WITH_KETOACIDOSIS"
        },
        {
          "orientation": "v",
          "width": [
            0.224999999999909,
            0.224999999999909,
            0.224999999999909,
            0.224999999999909,
            0.224999999999909,
            0.224999999999909,
            0.224999999999909,
            0.224999999999909,
            0.224999999999909,
            0.224999999999909,
            0.224999999999909,
            0.224999999999909,
            0.224999999999909,
            0.224999999999909
          ],
          "base": [
            0,
            0,
            0,
            0,
            0,
            0,
            0,
            0,
            0,
            0,
            0,
            0,
            0,
            0
          ],
          "x": [
            2004.1125,
            2005.1125,
            2006.1125,
            2007.1125,
            2008.1125,
            2009.1125,
            2010.1125,
            2011.1125,
            2012.1125,
            2013.1125,
            2014.1125,
            2015.1125,
            2016.1125,
            2017.1125
          ],
          "y": [
            1065,
            735,
            599,
            493,
            367,
            360,
            348,
            284,
            316,
            339,
            290,
            292,
            321,
            299
          ],
          "text": [
            "y: 2004<br />n: 1065<br />cohort: cohort.5Fc.5F79b7bedd53776ecb75c2c8e42b01997f",
            "y: 2005<br />n:  735<br />cohort: cohort.5Fc.5F79b7bedd53776ecb75c2c8e42b01997f",
            "y: 2006<br />n:  599<br />cohort: cohort.5Fc.5F79b7bedd53776ecb75c2c8e42b01997f",
            "y: 2007<br />n:  493<br />cohort: cohort.5Fc.5F79b7bedd53776ecb75c2c8e42b01997f",
            "y: 2008<br />n:  367<br />cohort: cohort.5Fc.5F79b7bedd53776ecb75c2c8e42b01997f",
            "y: 2009<br />n:  360<br />cohort: cohort.5Fc.5F79b7bedd53776ecb75c2c8e42b01997f",
            "y: 2010<br />n:  348<br />cohort: cohort.5Fc.5F79b7bedd53776ecb75c2c8e42b01997f",
            "y: 2011<br />n:  284<br />cohort: cohort.5Fc.5F79b7bedd53776ecb75c2c8e42b01997f",
            "y: 2012<br />n:  316<br />cohort: cohort.5Fc.5F79b7bedd53776ecb75c2c8e42b01997f",
            "y: 2013<br />n:  339<br />cohort: cohort.5Fc.5F79b7bedd53776ecb75c2c8e42b01997f",
            "y: 2014<br />n:  290<br />cohort: cohort.5Fc.5F79b7bedd53776ecb75c2c8e42b01997f",
            "y: 2015<br />n:  292<br />cohort: cohort.5Fc.5F79b7bedd53776ecb75c2c8e42b01997f",
            "y: 2016<br />n:  321<br />cohort: cohort.5Fc.5F79b7bedd53776ecb75c2c8e42b01997f",
            "y: 2017<br />n:  299<br />cohort: cohort.5Fc.5F79b7bedd53776ecb75c2c8e42b01997f"
          ],
          "type": "bar",
          "textposition": "none",
          "marker": {
            "autocolorscale": false,
            "color": "rgba(255,0,0,1)",
            "line": {
              "width": 1.88976377952756,
              "color": "transparent"
            }
          },
          "name": "cohort.5Fc.5F79b7bedd53776ecb75c2c8e42b01997f",
          "legendgroup": "cohort.5Fc.5F79b7bedd53776ecb75c2c8e42b01997f",
          "showlegend": false,
          "xaxis": "x2",
          "yaxis": "y",
          "hoverinfo": "text",
          "frame": null,
          "cohortId": "DIABETES_WITH_KETOACIDOSIS"
        },
        {
          "orientation": "v",
          "width": [
            0.224999999999909,
            0.224999999999909,
            0.224999999999909,
            0.224999999999909,
            0.224999999999909,
            0.224999999999909,
            0.224999999999909,
            0.224999999999909,
            0.224999999999909,
            0.224999999999909,
            0.224999999999909,
            0.224999999999909,
            0.224999999999909,
            0.224999999999909
          ],
          "base": [
            0,
            0,
            0,
            0,
            0,
            0,
            0,
            0,
            0,
            0,
            0,
            0,
            0,
            0
          ],
          "x": [
            2004.3375,
            2005.3375,
            2006.3375,
            2007.3375,
            2008.3375,
            2009.3375,
            2010.3375,
            2011.3375,
            2012.3375,
            2013.3375,
            2014.3375,
            2015.3375,
            2016.3375,
            2017.3375
          ],
          "y": [
            424,
            275,
            200,
            154,
            154,
            122,
            136,
            150,
            133,
            154,
            127,
            150,
            149,
            148
          ],
          "text": [
            "y: 2004<br />n:  424<br />cohort: cohort.5Fc.5F7a43cf1b93cde9ef4db07e1a5013111f",
            "y: 2005<br />n:  275<br />cohort: cohort.5Fc.5F7a43cf1b93cde9ef4db07e1a5013111f",
            "y: 2006<br />n:  200<br />cohort: cohort.5Fc.5F7a43cf1b93cde9ef4db07e1a5013111f",
            "y: 2007<br />n:  154<br />cohort: cohort.5Fc.5F7a43cf1b93cde9ef4db07e1a5013111f",
            "y: 2008<br />n:  154<br />cohort: cohort.5Fc.5F7a43cf1b93cde9ef4db07e1a5013111f",
            "y: 2009<br />n:  122<br />cohort: cohort.5Fc.5F7a43cf1b93cde9ef4db07e1a5013111f",
            "y: 2010<br />n:  136<br />cohort: cohort.5Fc.5F7a43cf1b93cde9ef4db07e1a5013111f",
            "y: 2011<br />n:  150<br />cohort: cohort.5Fc.5F7a43cf1b93cde9ef4db07e1a5013111f",
            "y: 2012<br />n:  133<br />cohort: cohort.5Fc.5F7a43cf1b93cde9ef4db07e1a5013111f",
            "y: 2013<br />n:  154<br />cohort: cohort.5Fc.5F7a43cf1b93cde9ef4db07e1a5013111f",
            "y: 2014<br />n:  127<br />cohort: cohort.5Fc.5F7a43cf1b93cde9ef4db07e1a5013111f",
            "y: 2015<br />n:  150<br />cohort: cohort.5Fc.5F7a43cf1b93cde9ef4db07e1a5013111f",
            "y: 2016<br />n:  149<br />cohort: cohort.5Fc.5F7a43cf1b93cde9ef4db07e1a5013111f",
            "y: 2017<br />n:  148<br />cohort: cohort.5Fc.5F7a43cf1b93cde9ef4db07e1a5013111f"
          ],
          "type": "bar",
          "textposition": "none",
          "marker": {
            "autocolorscale": false,
            "color": "rgba(255,0,0,1)",
            "line": {
              "width": 1.88976377952756,
              "color": "transparent"
            }
          },
          "name": "cohort.5Fc.5F7a43cf1b93cde9ef4db07e1a5013111f",
          "legendgroup": "cohort.5Fc.5F7a43cf1b93cde9ef4db07e1a5013111f",
          "showlegend": true,
          "xaxis": "x",
          "yaxis": "y",
          "hoverinfo": "text",
          "frame": null,
          "cohortId": "DIABETES_WITH_OTHER_SPECIFIED_MANIFESTATIONS"
        },
        {
          "orientation": "v",
          "width": [
            0.224999999999909,
            0.224999999999909,
            0.224999999999909,
            0.224999999999909,
            0.224999999999909,
            0.224999999999909,
            0.224999999999909,
            0.224999999999909,
            0.224999999999909,
            0.224999999999909,
            0.224999999999909,
            0.224999999999909,
            0.224999999999909,
            0.224999999999909
          ],
          "base": [
            0,
            0,
            0,
            0,
            0,
            0,
            0,
            0,
            0,
            0,
            0,
            0,
            0,
            0
          ],
          "x": [
            2004.3375,
            2005.3375,
            2006.3375,
            2007.3375,
            2008.3375,
            2009.3375,
            2010.3375,
            2011.3375,
            2012.3375,
            2013.3375,
            2014.3375,
            2015.3375,
            2016.3375,
            2017.3375
          ],
          "y": [
            502,
            330,
            261,
            202,
            167,
            176,
            154,
            157,
            149,
            146,
            146,
            135,
            133,
            149
          ],
          "text": [
            "y: 2004<br />n:  502<br />cohort: cohort.5Fc.5F7a43cf1b93cde9ef4db07e1a5013111f",
            "y: 2005<br />n:  330<br />cohort: cohort.5Fc.5F7a43cf1b93cde9ef4db07e1a5013111f",
            "y: 2006<br />n:  261<br />cohort: cohort.5Fc.5F7a43cf1b93cde9ef4db07e1a5013111f",
            "y: 2007<br />n:  202<br />cohort: cohort.5Fc.5F7a43cf1b93cde9ef4db07e1a5013111f",
            "y: 2008<br />n:  167<br />cohort: cohort.5Fc.5F7a43cf1b93cde9ef4db07e1a5013111f",
            "y: 2009<br />n:  176<br />cohort: cohort.5Fc.5F7a43cf1b93cde9ef4db07e1a5013111f",
            "y: 2010<br />n:  154<br />cohort: cohort.5Fc.5F7a43cf1b93cde9ef4db07e1a5013111f",
            "y: 2011<br />n:  157<br />cohort: cohort.5Fc.5F7a43cf1b93cde9ef4db07e1a5013111f",
            "y: 2012<br />n:  149<br />cohort: cohort.5Fc.5F7a43cf1b93cde9ef4db07e1a5013111f",
            "y: 2013<br />n:  146<br />cohort: cohort.5Fc.5F7a43cf1b93cde9ef4db07e1a5013111f",
            "y: 2014<br />n:  146<br />cohort: cohort.5Fc.5F7a43cf1b93cde9ef4db07e1a5013111f",
            "y: 2015<br />n:  135<br />cohort: cohort.5Fc.5F7a43cf1b93cde9ef4db07e1a5013111f",
            "y: 2016<br />n:  133<br />cohort: cohort.5Fc.5F7a43cf1b93cde9ef4db07e1a5013111f",
            "y: 2017<br />n:  149<br />cohort: cohort.5Fc.5F7a43cf1b93cde9ef4db07e1a5013111f"
          ],
          "type": "bar",
          "textposition": "none",
          "marker": {
            "autocolorscale": false,
            "color": "rgba(255,0,0,1)",
            "line": {
              "width": 1.88976377952756,
              "color": "transparent"
            }
          },
          "name": "cohort.5Fc.5F7a43cf1b93cde9ef4db07e1a5013111f",
          "legendgroup": "cohort.5Fc.5F7a43cf1b93cde9ef4db07e1a5013111f",
          "showlegend": false,
          "xaxis": "x2",
          "yaxis": "y",
          "hoverinfo": "text",
          "frame": null,
          "cohortId": "DIABETES_WITH_OTHER_SPECIFIED_MANIFESTATIONS"
        }
      ],
      "layout": {
        "margin": {
          "t": 37.4307458143075,
          "r": 7.30593607305936,
          "b": 51.3850837138508,
          "l": 43.1050228310502
        },
        "plot_bgcolor": "rgba(255,255,255,1)",
        "paper_bgcolor": "rgba(255,255,255,1)",
        "font": {
          "color": "rgba(0,0,0,1)",
          "family": "",
          "size": 14.6118721461187
        },
        "xaxis": {
          "domain": [
            0,
            0.491438356164384
          ],
          "automargin": true,
          "type": "linear",
          "autorange": false,
          "range": [
            2002.855,
            2018.145
          ],
          "tickmode": "array",
          "ticktext": [
            "2006",
            "2010",
            "2014",
            "2018"
          ],
          "tickvals": [
            2006,
            2010,
            2014,
            2018
          ],
          "categoryorder": "array",
          "categoryarray": [
            "2006",
            "2010",
            "2014",
            "2018"
          ],
          "nticks": null,
          "ticks": "outside",
          "tickcolor": "rgba(51,51,51,1)",
          "ticklen": 3.65296803652968,
          "tickwidth": 0.66417600664176,
          "showticklabels": true,
          "tickfont": {
            "color": "rgba(77,77,77,1)",
            "family": "",
            "size": 11.689497716895
          },
          "tickangle": -90,
          "showline": false,
          "linecolor": null,
          "linewidth": 0,
          "showgrid": true,
          "gridcolor": "rgba(235,235,235,1)",
          "gridwidth": 0.66417600664176,
          "zeroline": false,
          "anchor": "y",
          "title": "",
          "hoverformat": ".2f"
        },
        "annotations": [
          {
            "text": "Year",
            "x": 0.5,
            "y": 0,
            "showarrow": false,
            "ax": 0,
            "ay": 0,
            "font": {
              "color": "rgba(0,0,0,1)",
              "family": "",
              "size": 14.6118721461187
            },
            "xref": "paper",
            "yref": "paper",
            "textangle": 0,
            "xanchor": "center",
            "yanchor": "top",
            "annotationType": "axis",
            "yshift": -33.6073059360731
          },
          {
            "text": "Count",
            "x": 0,
            "y": 0.5,
            "showarrow": false,
            "ax": 0,
            "ay": 0,
            "font": {
              "color": "rgba(0,0,0,1)",
              "family": "",
              "size": 14.6118721461187
            },
            "xref": "paper",
            "yref": "paper",
            "textangle": -90,
            "xanchor": "right",
            "yanchor": "center",
            "annotationType": "axis",
            "xshift": -27.7625570776256
          },
          {
            "text": "male",
            "x": 0.245719178082192,
            "y": 1,
            "showarrow": false,
            "ax": 0,
            "ay": 0,
            "font": {
              "color": "rgba(26,26,26,1)",
              "family": "",
              "size": 11.689497716895
            },
            "xref": "paper",
            "yref": "paper",
            "textangle": 0,
            "xanchor": "center",
            "yanchor": "bottom"
          },
          {
            "text": "female",
            "x": 0.754280821917808,
            "y": 1,
            "showarrow": false,
            "ax": 0,
            "ay": 0,
            "font": {
              "color": "rgba(26,26,26,1)",
              "family": "",
              "size": 11.689497716895
            },
            "xref": "paper",
            "yref": "paper",
            "textangle": 0,
            "xanchor": "center",
            "yanchor": "bottom"
          }
        ],
        "yaxis": {
          "domain": [
            0,
            1
          ],
          "automargin": true,
          "type": "linear",
          "autorange": false,
          "range": [
            -53.25,
            1118.25
          ],
          "tickmode": "array",
          "ticktext": [
            "0",
            "300",
            "600",
            "900"
          ],
          "tickvals": [
            0,
            300,
            600,
            900
          ],
          "categoryorder": "array",
          "categoryarray": [
            "0",
            "300",
            "600",
            "900"
          ],
          "nticks": null,
          "ticks": "outside",
          "tickcolor": "rgba(51,51,51,1)",
          "ticklen": 3.65296803652968,
          "tickwidth": 0.66417600664176,
          "showticklabels": true,
          "tickfont": {
            "color": "rgba(77,77,77,1)",
            "family": "",
            "size": 11.689497716895
          },
          "tickangle": 0,
          "showline": false,
          "linecolor": null,
          "linewidth": 0,
          "showgrid": true,
          "gridcolor": "rgba(235,235,235,1)",
          "gridwidth": 0.66417600664176,
          "zeroline": false,
          "anchor": "x",
          "title": "",
          "hoverformat": ".2f"
        },
        "shapes": [
          {
            "type": "rect",
            "fillcolor": "transparent",
            "line": {
              "color": "rgba(51,51,51,1)",
              "width": 0.66417600664176,
              "linetype": "solid"
            },
            "yref": "paper",
            "xref": "paper",
            "x0": 0,
            "x1": 0.491438356164384,
            "y0": 0,
            "y1": 1
          },
          {
            "type": "rect",
            "fillcolor": null,
            "line": {
              "color": null,
              "width": 0,
              "linetype": []
            },
            "yref": "paper",
            "xref": "paper",
            "x0": 0,
            "x1": 0.491438356164384,
            "y0": 0,
            "y1": 23.37899543379,
            "yanchor": 1,
            "ysizemode": "pixel"
          },
          {
            "type": "rect",
            "fillcolor": "transparent",
            "line": {
              "color": "rgba(51,51,51,1)",
              "width": 0.66417600664176,
              "linetype": "solid"
            },
            "yref": "paper",
            "xref": "paper",
            "x0": 0.508561643835616,
            "x1": 1,
            "y0": 0,
            "y1": 1
          },
          {
            "type": "rect",
            "fillcolor": null,
            "line": {
              "color": null,
              "width": 0,
              "linetype": []
            },
            "yref": "paper",
            "xref": "paper",
            "x0": 0.508561643835616,
            "x1": 1,
            "y0": 0,
            "y1": 23.37899543379,
            "yanchor": 1,
            "ysizemode": "pixel"
          }
        ],
        "xaxis2": {
          "type": "linear",
          "autorange": false,
          "range": [
            2002.855,
            2018.145
          ],
          "tickmode": "array",
          "ticktext": [
            "2006",
            "2010",
            "2014",
            "2018"
          ],
          "tickvals": [
            2006,
            2010,
            2014,
            2018
          ],
          "categoryorder": "array",
          "categoryarray": [
            "2006",
            "2010",
            "2014",
            "2018"
          ],
          "nticks": null,
          "ticks": "outside",
          "tickcolor": "rgba(51,51,51,1)",
          "ticklen": 3.65296803652968,
          "tickwidth": 0.66417600664176,
          "showticklabels": true,
          "tickfont": {
            "color": "rgba(77,77,77,1)",
            "family": "",
            "size": 11.689497716895
          },
          "tickangle": -90,
          "showline": false,
          "linecolor": null,
          "linewidth": 0,
          "showgrid": true,
          "domain": [
            0.508561643835616,
            1
          ],
          "gridcolor": "rgba(235,235,235,1)",
          "gridwidth": 0.66417600664176,
          "zeroline": false,
          "anchor": "y",
          "title": "",
          "hoverformat": ".2f"
        },
        "showlegend": true,
        "legend": {
          "bgcolor": "rgba(255,255,255,1)",
          "bordercolor": "transparent",
          "borderwidth": 1.88976377952756,
          "font": {
            "color": "rgba(0,0,0,1)",
            "family": "",
            "size": 11.689497716895
          },
          "title": {
            "text": "",
            "font": {
              "color": "rgba(0,0,0,1)",
              "family": "",
              "size": 14.6118721461187
            }
          }
        },
        "hovermode": "closest",
        "barmode": "relative"
      }
    }
  },
  "id": "1424174c-4144-45d9-bea9-9cda12bb9786"
}