{
  "timestamp": "20240404175720466078",
  "request_id": "798c0361-0f2f-41e5-b26d-a21c493b2669",
  "output_file": "data/outputs\\full_cohort_builder_with_export_all_reports\\0311123747093_genReport_incidence_rate.json",
  "expected_output_file": "data/expectations\\full_cohort_builder_with_export_all_reports\\0311123747093_genReport_incidence_rate.json",
  "diff": [
    {
      "path": [
        "figures",
        "data",
        0,
        "error_y",
        "width"
      ],
      "action": "values_changed",
      "value": 1.51215121512151,
      "old_value": 1.92019201920192
    },
    {
      "path": [
        "figures",
        "data",
        1,
        "error_y",
        "width"
      ],
      "action": "values_changed",
      "value": 1.51215121512151,
      "old_value": 1.92019201920192
    },
    {
      "path": [
        "figures",
        "layout",
        "margin",
        "t"
      ],
      "action": "values_changed",
      "value": 23.3059360730594,
      "old_value": 25.7412480974125
    },
    {
      "path": [
        "figures",
        "layout",
        "margin",
        "b"
      ],
      "action": "values_changed",
      "value": 37.2602739726027,
      "old_value": 39.6955859969559
    }
  ]
}