{
  "inputs_dir": "data/inputs",
  "outputs_dir": "data/outputs",
  "host": "localhost:5000",
  "origin": "http://localhost:5050",
  "request_headers":
  {
    "Accept": "application/json",
    "Accept-Encoding": "gzip, deflate, br",
    "Accept-Language": "en-US,en;q=0.9",
    "Connection": "keep-alive",
    "Content-Type": "application/json",
    "Sec-Fetch-Dest": "empty",
    "Sec-Fetch-Mode": "cors",
    "Sec-Fetch-Site": "same-site",
    "User-Agent": "Mozilla/5.0 (Windows NT 10.0; Win64; x64) AppleWebKit/537.36 (KHTML, like Gecko) Chrome/120.0.0.0 Safari/537.36",
    "sec-ch-ua": "\"Not_A Brand\";v=\"8\", \"Chromium\";v=\"120\", \"Google Chrome\";v=\"120\"",
    "sec-ch-ua-mobile": "?0",
    "sec-ch-ua-platform": "\"Windows\""
  },
  "ignore_paths": [
    "root\\['requestId']",
    "root\\['figures'\\]\\['\\[\\d+,\\d+\\)'\\]",
    "root\\['figures'\\]\\['layout'\\]\\['margin'\\].*",
    "root\\['figures'\\]\\['data'\\]\\[\\d+\\]\\['error_y'\\]\\['width'\\]"
  ],
  "version_request": {"messageType": "getData", "dataType": "appVersion", "recreate": true}
}