{
  "messageType": "chronicDiseaseCohorts.genReport",
  "cohortId": "c_4e119a7b3d6488e8bfae3b8a184279f2",
  "report": {
    "type": "relative_risk",
    "timeScope": [
      {
        "day": 1,
        "month": 1,
        "year": 2004
      },
      {
        "day": 1,
        "month": 1,
        "year": 2018
      }
    ],
    "ageBreaks": [
      60,
      70
    ],
    "timeWindow": [
      -1825,
      -1
    ],
    "minRiskCount": 10,
    "minPredCount": 10,
    "background": {
      "requiredFilter": [],
      "excludeFilter": [],
      "matching": [],
      "id": "c_7d76ae34df881364c7fd689b00949958",
      "status": "built"
    },
    "cohortSet": "diagnosis"
  }
}