{"messageType":"chronicDiseaseCohorts.buildCohort","cohortId":"c_e449534d514f2250872c5d7db520181d","cohort":{"name":"diabetes_melitus","id":"c_e449534d514f2250872c5d7db520181d","inclusionCriteria":[{"enabled":true,"type":"Cohort","track":"disease.DIABETES_MELITUS"}],"requiredFilter":[{"enabled":true,"type":"age","minAge":50,"maxAge":70},{"enabled":true,"type":"gender","female":true},{"enabled":true,"type":"track","stime":-20000,"etime":20000,"track":"WZMN.med.T2D.INSULIN"},{"enabled":true,"type":"Lab","label":"20100 GLUCOSE- BLOOD","stime":-20000,"etime":20000,"track":"lab.20100","operator":">","value":120},{"enabled":true,"type":"onset","minTime":{"year":2006,"month":1,"day":1,"hour":0},"maxTime":{"year":2016,"month":1,"day":1,"hour":0}},{"enabled":true,"type":"survival","time":15.2083333333333}],"excludeFilter":[],"adjustOnsetTime":[],"isChronic":true}}
