{
  "messageType": "chronicDiseaseCohorts.buildCohort",
  "cohortId": "c_3333f6aa50ece644aad4de19c1afe534",
  "cohort": {
    "name": "HEART_DISEASE_UNSPECIFIED",
    "id": "c_3333f6aa50ece644aad4de19c1afe534",
    "inclusionCriteria": [
      {
        "enabled": true,
        "type": "ICD9",
        "label": "429.9* HEART DISEASE, UNSPECIFIED",
        "track": "icd9_429.9"
      }
    ],
    "requiredFilter": [],
    "excludeFilter": [
      {
        "enabled": true,
        "negate": false,
        "type": "ICD9",
        "label": "V15.1* PERSONAL HISTORY OF SURGERY TO HEART AND GREAT VESSELS,",
        "stime": -3650,
        "etime": 0,
        "track": "icd9_V15.1"
      }
    ],
    "adjustOnsetTime": [],
    "isChronic": true
  }
}