{
  "messageType": "chronicDiseaseCohorts.buildTrack",
  "track": {
    "name": "tuberculosis track",
    "label": "tuberculosis track",
    "inclusionCriteria": [
      {
        "enabled": true,
        "type": "ICD9",
        "label": "011* PULMONARY TUBERCULOSIS",
        "track": "icd9_011"
      }
    ],
    "adjustOnsetTime": [],
    "requiredFilterAnd": [
      {
        "enabled": true,
        "type": "age",
        "minAge": 30,
        "maxAge": 90
      }
    ],
    "excludeFilterAnd": [],
    "requiredFilterOr": [],
    "excludeFilterOr": [],
    "is_chronic": false,
    "id": "c_d3b9e6ecac81b7f4e23171243bb80dad",
    "status": "building",
    "size": ""
  }
}