{
  "data": {
    "type": "prevalence",
    "data": null,
    "figures": {
      "data": [
        {
          "x": [
            10,
            25,
            35,
            45,
            55,
            65,
            75,
            100
          ],
          "y": [
            0,
            0,
            0,
            0.000369824730349276,
            0.00240629616522017,
            0.00491505762897007,
            0.00430523291828571,
            0.00156858278138889
          ],
          "text": [
            "age_mid:  10<br />est: 0.0000000000<br />lwr.ci: 0.0000000000<br />upr.ci: 0.0000000000<br />sex: male",
            "age_mid:  25<br />est: 0.0000000000<br />lwr.ci: 0.0000000000<br />upr.ci: 0.0000000000<br />sex: male",
            "age_mid:  35<br />est: 0.0000000000<br />lwr.ci: 0.0000000000<br />upr.ci: 0.0000000000<br />sex: male",
            "age_mid:  45<br />est: 0.0003698247<br />lwr.ci: 0.0003640215<br />upr.ci: 0.0003756280<br />sex: male",
            "age_mid:  55<br />est: 0.0024062962<br />lwr.ci: 0.0023901083<br />upr.ci: 0.0024224840<br />sex: male",
            "age_mid:  65<br />est: 0.0049150576<br />lwr.ci: 0.0048875363<br />upr.ci: 0.0049425790<br />sex: male",
            "age_mid:  75<br />est: 0.0043052329<br />lwr.ci: 0.0042665304<br />upr.ci: 0.0043439355<br />sex: male",
            "age_mid: 100<br />est: 0.0015685828<br />lwr.ci: 0.0015178258<br />upr.ci: 0.0016193398<br />sex: male"
          ],
          "type": "scatter",
          "mode": "lines",
          "opacity": 1,
          "line": {
            "color": "rgba(51,102,204,1)",
            "width": 3.77952755905512,
            "dash": "solid"
          },
          "error_y": {
            "array": [
              0,
              0,
              0,
              5.80324665125766e-06,
              1.61878333118579e-05,
              2.7521322885778e-05,
              3.87025520520532e-05,
              5.0757029110098e-05
            ],
            "arrayminus": [
              0,
              0,
              0,
              5.80324665125766e-06,
              1.61878333118579e-05,
              2.7521322885778e-05,
              3.87025520520532e-05,
              5.0757029110098e-05
            ],
            "type": "data",
            "width": 1.92019201920192,
            "symmetric": false,
            "color": "rgba(51,102,204,1)"
          },
          "name": "male",
          "legendgroup": "male",
          "showlegend": true,
          "xaxis": "x",
          "yaxis": "y",
          "hoverinfo": "text",
          "hoveron": "points",
          "frame": null
        },
        {
          "x": [
            10,
            25,
            35,
            45,
            55,
            65,
            75,
            100
          ],
          "y": [
            0,
            0,
            0,
            0.000196780421965844,
            0.00158707925095999,
            0.00349046177395738,
            0.00321296608862035,
            0.00104605086212343
          ],
          "text": [
            "age_mid:  10<br />est: 0.0000000000<br />lwr.ci: 0.0000000000<br />upr.ci: 0.0000000000<br />sex: female",
            "age_mid:  25<br />est: 0.0000000000<br />lwr.ci: 0.0000000000<br />upr.ci: 0.0000000000<br />sex: female",
            "age_mid:  35<br />est: 0.0000000000<br />lwr.ci: 0.0000000000<br />upr.ci: 0.0000000000<br />sex: female",
            "age_mid:  45<br />est: 0.0001967804<br />lwr.ci: 0.0001926850<br />upr.ci: 0.0002008758<br />sex: female",
            "age_mid:  55<br />est: 0.0015870793<br />lwr.ci: 0.0015749589<br />upr.ci: 0.0015991996<br />sex: female",
            "age_mid:  65<br />est: 0.0034904618<br />lwr.ci: 0.0034695886<br />upr.ci: 0.0035113349<br />sex: female",
            "age_mid:  75<br />est: 0.0032129661<br />lwr.ci: 0.0031861677<br />upr.ci: 0.0032397645<br />sex: female",
            "age_mid: 100<br />est: 0.0010460509<br />lwr.ci: 0.0010183698<br />upr.ci: 0.0010737320<br />sex: female"
          ],
          "type": "scatter",
          "mode": "lines",
          "opacity": 1,
          "line": {
            "color": "rgba(220,57,18,1)",
            "width": 3.77952755905512,
            "dash": "solid"
          },
          "error_y": {
            "array": [
              0,
              0,
              0,
              4.09542417690629e-06,
              1.21203258218086e-05,
              2.08731749845072e-05,
              2.67983663486447e-05,
              2.76811002116433e-05
            ],
            "arrayminus": [
              0,
              0,
              0,
              4.09542417690629e-06,
              1.21203258218086e-05,
              2.08731749845072e-05,
              2.67983663486447e-05,
              2.76811002116433e-05
            ],
            "type": "data",
            "width": 1.92019201920192,
            "symmetric": false,
            "color": "rgba(220,57,18,1)"
          },
          "name": "female",
          "legendgroup": "female",
          "showlegend": true,
          "xaxis": "x",
          "yaxis": "y",
          "hoverinfo": "text",
          "hoveron": "points",
          "frame": null
        }
      ],
      "layout": {
        "margin": {
          "t": 25.7412480974125,
          "r": 7.30593607305936,
          "b": 39.6955859969559,
          "l": 54.7945205479452
        },
        "plot_bgcolor": "rgba(255,255,255,1)",
        "paper_bgcolor": "rgba(255,255,255,1)",
        "font": {
          "color": "rgba(0,0,0,1)",
          "family": "",
          "size": 14.6118721461187
        },
        "xaxis": {
          "domain": [
            0,
            1
          ],
          "automargin": true,
          "type": "linear",
          "autorange": false,
          "range": [
            5.005,
            104.995
          ],
          "tickmode": "array",
          "ticktext": [
            "25",
            "50",
            "75",
            "100"
          ],
          "tickvals": [
            25,
            50,
            75,
            100
          ],
          "categoryorder": "array",
          "categoryarray": [
            "25",
            "50",
            "75",
            "100"
          ],
          "nticks": null,
          "ticks": "outside",
          "tickcolor": "rgba(51,51,51,1)",
          "ticklen": 3.65296803652968,
          "tickwidth": 0.66417600664176,
          "showticklabels": true,
          "tickfont": {
            "color": "rgba(77,77,77,1)",
            "family": "",
            "size": 11.689497716895
          },
          "tickangle": 0,
          "showline": false,
          "linecolor": null,
          "linewidth": 0,
          "showgrid": true,
          "gridcolor": "rgba(235,235,235,1)",
          "gridwidth": 0.66417600664176,
          "zeroline": false,
          "anchor": "y",
          "title": {
            "text": "Age",
            "font": {
              "color": "rgba(0,0,0,1)",
              "family": "",
              "size": 14.6118721461187
            }
          },
          "hoverformat": ".2f"
        },
        "yaxis": {
          "domain": [
            0,
            1
          ],
          "automargin": true,
          "type": "linear",
          "autorange": false,
          "range": [
            -0.000247128947592792,
            0.00518970789944864
          ],
          "tickmode": "array",
          "ticktext": [
            "0.000",
            "0.001",
            "0.002",
            "0.003",
            "0.004",
            "0.005"
          ],
          "tickvals": [
            0,
            0.001,
            0.002,
            0.003,
            0.004,
            0.005
          ],
          "categoryorder": "array",
          "categoryarray": [
            "0.000",
            "0.001",
            "0.002",
            "0.003",
            "0.004",
            "0.005"
          ],
          "nticks": null,
          "ticks": "outside",
          "tickcolor": "rgba(51,51,51,1)",
          "ticklen": 3.65296803652968,
          "tickwidth": 0.66417600664176,
          "showticklabels": true,
          "tickfont": {
            "color": "rgba(77,77,77,1)",
            "family": "",
            "size": 11.689497716895
          },
          "tickangle": 0,
          "showline": false,
          "linecolor": null,
          "linewidth": 0,
          "showgrid": true,
          "gridcolor": "rgba(235,235,235,1)",
          "gridwidth": 0.66417600664176,
          "zeroline": false,
          "anchor": "x",
          "title": {
            "text": "Prevalence",
            "font": {
              "color": "rgba(0,0,0,1)",
              "family": "",
              "size": 14.6118721461187
            }
          },
          "hoverformat": ".2f"
        },
        "shapes": [
          {
            "type": "rect",
            "fillcolor": "transparent",
            "line": {
              "color": "rgba(51,51,51,1)",
              "width": 0.66417600664176,
              "linetype": "solid"
            },
            "yref": "paper",
            "xref": "paper",
            "x0": 0,
            "x1": 1,
            "y0": 0,
            "y1": 1
          }
        ],
        "showlegend": true,
        "legend": {
          "bgcolor": "rgba(255,255,255,1)",
          "bordercolor": "transparent",
          "borderwidth": 1.88976377952756,
          "font": {
            "color": "rgba(0,0,0,1)",
            "family": "",
            "size": 11.689497716895
          },
          "title": {
            "text": "",
            "font": {
              "color": "rgba(0,0,0,1)",
              "family": "",
              "size": 14.6118721461187
            }
          }
        },
        "hovermode": "closest",
        "barmode": "relative"
      }
    },
    "messageType": "chronicDiseaseCohorts.report",
    "requestId": "a92e78c0-8977-4098-8688-449990fcc1ee",
    "cohortId": "c_2d5754f87a87eb09246c40da9261fd8e"
  },
  "id": "a92e78c0-8977-4098-8688-449990fcc1ee"
}