{
  "data": {
    "type": "incidence_rate",
    "data": null,
    "figures": {
      "data": [
        {
          "x": [
            10,
            25,
            35,
            45,
            55,
            65,
            75,
            100
          ],
          "y": [
            0,
            0,
            0,
            1.702,
            3.119,
            0.64,
            0.111,
            0
          ],
          "text": [
            "age_mid:  10<br />est: 0.000<br />lwr.ci: 0.000<br />upr.ci: 0.000<br />sex: male",
            "age_mid:  25<br />est: 0.000<br />lwr.ci: 0.000<br />upr.ci: 0.000<br />sex: male",
            "age_mid:  35<br />est: 0.000<br />lwr.ci: 0.000<br />upr.ci: 0.000<br />sex: male",
            "age_mid:  45<br />est: 1.702<br />lwr.ci: 1.268<br />upr.ci: 2.137<br />sex: male",
            "age_mid:  55<br />est: 3.119<br />lwr.ci: 2.474<br />upr.ci: 3.763<br />sex: male",
            "age_mid:  65<br />est: 0.640<br />lwr.ci: 0.292<br />upr.ci: 0.989<br />sex: male",
            "age_mid:  75<br />est: 0.111<br />lwr.ci: 0.000<br />upr.ci: 0.328<br />sex: male",
            "age_mid: 100<br />est: 0.000<br />lwr.ci: 0.000<br />upr.ci: 0.000<br />sex: male"
          ],
          "type": "scatter",
          "mode": "lines",
          "opacity": 1,
          "line": {
            "color": "rgba(51,102,204,1)",
            "width": 3.77952755905512,
            "dash": "solid"
          },
          "error_y": {
            "array": [
              0,
              0,
              0,
              0.435,
              0.644,
              0.349,
              0.217,
              0
            ],
            "arrayminus": [
              0,
              0,
              0,
              0.434,
              0.645,
              0.348,
              0.111,
              0
            ],
            "type": "data",
            "width": 1.92019201920192,
            "symmetric": false,
            "color": "rgba(51,102,204,1)"
          },
          "name": "male",
          "legendgroup": "male",
          "showlegend": true,
          "xaxis": "x",
          "yaxis": "y",
          "hoverinfo": "text",
          "hoveron": "points",
          "frame": null
        },
        {
          "x": [
            10,
            25,
            35,
            45,
            55,
            65,
            75,
            100
          ],
          "y": [
            0,
            0,
            0,
            1.053,
            2.029,
            0.636,
            0,
            0
          ],
          "text": [
            "age_mid:  10<br />est: 0.000<br />lwr.ci: 0.000<br />upr.ci: 0.000<br />sex: female",
            "age_mid:  25<br />est: 0.000<br />lwr.ci: 0.000<br />upr.ci: 0.000<br />sex: female",
            "age_mid:  35<br />est: 0.000<br />lwr.ci: 0.000<br />upr.ci: 0.000<br />sex: female",
            "age_mid:  45<br />est: 1.053<br />lwr.ci: 0.722<br />upr.ci: 1.383<br />sex: female",
            "age_mid:  55<br />est: 2.029<br />lwr.ci: 1.550<br />upr.ci: 2.508<br />sex: female",
            "age_mid:  65<br />est: 0.636<br />lwr.ci: 0.324<br />upr.ci: 0.949<br />sex: female",
            "age_mid:  75<br />est: 0.000<br />lwr.ci: 0.000<br />upr.ci: 0.000<br />sex: female",
            "age_mid: 100<br />est: 0.000<br />lwr.ci: 0.000<br />upr.ci: 0.000<br />sex: female"
          ],
          "type": "scatter",
          "mode": "lines",
          "opacity": 1,
          "line": {
            "color": "rgba(220,57,18,1)",
            "width": 3.77952755905512,
            "dash": "solid"
          },
          "error_y": {
            "array": [
              0,
              0,
              0,
              0.33,
              0.479,
              0.313,
              0,
              0
            ],
            "arrayminus": [
              0,
              0,
              0,
              0.331,
              0.479,
              0.312,
              0,
              0
            ],
            "type": "data",
            "width": 1.92019201920192,
            "symmetric": false,
            "color": "rgba(220,57,18,1)"
          },
          "name": "female",
          "legendgroup": "female",
          "showlegend": true,
          "xaxis": "x",
          "yaxis": "y",
          "hoverinfo": "text",
          "hoveron": "points",
          "frame": null
        }
      ],
      "layout": {
        "margin": {
          "t": 25.7412480974125,
          "r": 7.30593607305936,
          "b": 39.6955859969559,
          "l": 31.4155251141553
        },
        "plot_bgcolor": "rgba(255,255,255,1)",
        "paper_bgcolor": "rgba(255,255,255,1)",
        "font": {
          "color": "rgba(0,0,0,1)",
          "family": "",
          "size": 14.6118721461187
        },
        "xaxis": {
          "domain": [
            0,
            1
          ],
          "automargin": true,
          "type": "linear",
          "autorange": false,
          "range": [
            5.005,
            104.995
          ],
          "tickmode": "array",
          "ticktext": [
            "25",
            "50",
            "75",
            "100"
          ],
          "tickvals": [
            25,
            50,
            75,
            100
          ],
          "categoryorder": "array",
          "categoryarray": [
            "25",
            "50",
            "75",
            "100"
          ],
          "nticks": null,
          "ticks": "outside",
          "tickcolor": "rgba(51,51,51,1)",
          "ticklen": 3.65296803652968,
          "tickwidth": 0.66417600664176,
          "showticklabels": true,
          "tickfont": {
            "color": "rgba(77,77,77,1)",
            "family": "",
            "size": 11.689497716895
          },
          "tickangle": 0,
          "showline": false,
          "linecolor": null,
          "linewidth": 0,
          "showgrid": true,
          "gridcolor": "rgba(235,235,235,1)",
          "gridwidth": 0.66417600664176,
          "zeroline": false,
          "anchor": "y",
          "title": {
            "text": "Age",
            "font": {
              "color": "rgba(0,0,0,1)",
              "family": "",
              "size": 14.6118721461187
            }
          },
          "hoverformat": ".2f"
        },
        "yaxis": {
          "domain": [
            0,
            1
          ],
          "automargin": true,
          "type": "linear",
          "autorange": false,
          "range": [
            -0.18815,
            3.95115
          ],
          "tickmode": "array",
          "ticktext": [
            "0",
            "1",
            "2",
            "3"
          ],
          "tickvals": [
            0,
            1,
            2,
            3
          ],
          "categoryorder": "array",
          "categoryarray": [
            "0",
            "1",
            "2",
            "3"
          ],
          "nticks": null,
          "ticks": "outside",
          "tickcolor": "rgba(51,51,51,1)",
          "ticklen": 3.65296803652968,
          "tickwidth": 0.66417600664176,
          "showticklabels": true,
          "tickfont": {
            "color": "rgba(77,77,77,1)",
            "family": "",
            "size": 11.689497716895
          },
          "tickangle": 0,
          "showline": false,
          "linecolor": null,
          "linewidth": 0,
          "showgrid": true,
          "gridcolor": "rgba(235,235,235,1)",
          "gridwidth": 0.66417600664176,
          "zeroline": false,
          "anchor": "x",
          "title": {
            "text": "Incidence rate (per 100K per year)",
            "font": {
              "color": "rgba(0,0,0,1)",
              "family": "",
              "size": 14.6118721461187
            }
          },
          "hoverformat": ".2f"
        },
        "shapes": [
          {
            "type": "rect",
            "fillcolor": "transparent",
            "line": {
              "color": "rgba(51,51,51,1)",
              "width": 0.66417600664176,
              "linetype": "solid"
            },
            "yref": "paper",
            "xref": "paper",
            "x0": 0,
            "x1": 1,
            "y0": 0,
            "y1": 1
          }
        ],
        "showlegend": true,
        "legend": {
          "bgcolor": "rgba(255,255,255,1)",
          "bordercolor": "transparent",
          "borderwidth": 1.88976377952756,
          "font": {
            "color": "rgba(0,0,0,1)",
            "family": "",
            "size": 11.689497716895
          },
          "title": {
            "text": "",
            "font": {
              "color": "rgba(0,0,0,1)",
              "family": "",
              "size": 14.6118721461187
            }
          }
        },
        "hovermode": "closest",
        "barmode": "relative"
      }
    },
    "messageType": "chronicDiseaseCohorts.report",
    "requestId": "8f3fc054-8dac-4396-9d09-db0a5309ee4c",
    "cohortId": "c_2d5754f87a87eb09246c40da9261fd8e"
  },
  "id": "8f3fc054-8dac-4396-9d09-db0a5309ee4c"
}