{
  "data": {
    "type": "prevalence",
    "data": null,
    "figures": {
      "data": [
        {
          "x": [
            10,
            25,
            35,
            45,
            55,
            65,
            75,
            100
          ],
          "y": [
            0,
            2.66757569866048e-06,
            2.44276725344574e-05,
            0.000144715380723263,
            0.000695776672262251,
            0.00205064583126077,
            0.00396439549692677,
            0.00541515242959839
          ],
          "text": [
            "age_mid:  10<br />est: 0.000000e+00<br />lwr.ci: 0.000000e+00<br />upr.ci: 0.000000e+00<br />sex: male",
            "age_mid:  25<br />est: 2.667576e-06<br />lwr.ci: 2.205451e-06<br />upr.ci: 3.129701e-06<br />sex: male",
            "age_mid:  35<br />est: 2.442767e-05<br />lwr.ci: 2.315715e-05<br />upr.ci: 2.569819e-05<br />sex: male",
            "age_mid:  45<br />est: 1.447154e-04<br />lwr.ci: 1.409771e-04<br />upr.ci: 1.484537e-04<br />sex: male",
            "age_mid:  55<br />est: 6.957767e-04<br />lwr.ci: 6.867806e-04<br />upr.ci: 7.047727e-04<br />sex: male",
            "age_mid:  65<br />est: 2.050646e-03<br />lwr.ci: 2.032368e-03<br />upr.ci: 2.068924e-03<br />sex: male",
            "age_mid:  75<br />est: 3.964395e-03<br />lwr.ci: 3.926018e-03<br />upr.ci: 4.002773e-03<br />sex: male",
            "age_mid: 100<br />est: 5.415152e-03<br />lwr.ci: 5.317297e-03<br />upr.ci: 5.513008e-03<br />sex: male"
          ],
          "type": "scatter",
          "mode": "lines",
          "opacity": 1,
          "line": {
            "color": "rgba(51,102,204,1)",
            "width": 3.77952755905512,
            "dash": "solid"
          },
          "error_y": {
            "array": [
              0,
              4.62124803936796e-07,
              1.27051765335551e-06,
              3.73827256148167e-06,
              8.99606331425992e-06,
              1.82777124771382e-05,
              3.83776276724479e-05,
              9.78558436195223e-05
            ],
            "arrayminus": [
              0,
              4.62124803936796e-07,
              1.27051765335551e-06,
              3.73827256148167e-06,
              8.99606331425992e-06,
              1.82777124771382e-05,
              3.83776276724479e-05,
              9.78558436195223e-05
            ],
            "type": "data",
            "width": 1.92019201920192,
            "symmetric": false,
            "color": "rgba(51,102,204,1)"
          },
          "name": "male",
          "legendgroup": "male",
          "showlegend": true,
          "xaxis": "x",
          "yaxis": "y",
          "hoverinfo": "text",
          "hoveron": "points",
          "frame": null
        },
        {
          "x": [
            10,
            25,
            35,
            45,
            55,
            65,
            75,
            100
          ],
          "y": [
            0,
            2.96909858857339e-06,
            2.28094116496509e-05,
            0.000101979299905718,
            0.000401405082129349,
            0.00125368582532862,
            0.00293099975481491,
            0.0044043611418165
          ],
          "text": [
            "age_mid:  10<br />est: 0.000000e+00<br />lwr.ci: 0.000000e+00<br />upr.ci: 0.000000e+00<br />sex: female",
            "age_mid:  25<br />est: 2.969099e-06<br />lwr.ci: 2.456736e-06<br />upr.ci: 3.481461e-06<br />sex: female",
            "age_mid:  35<br />est: 2.280941e-05<br />lwr.ci: 2.153885e-05<br />upr.ci: 2.407998e-05<br />sex: female",
            "age_mid:  45<br />est: 1.019793e-04<br />lwr.ci: 9.893492e-05<br />upr.ci: 1.050237e-04<br />sex: female",
            "age_mid:  55<br />est: 4.014051e-04<br />lwr.ci: 3.951138e-04<br />upr.ci: 4.076963e-04<br />sex: female",
            "age_mid:  65<br />est: 1.253686e-03<br />lwr.ci: 1.240829e-03<br />upr.ci: 1.266543e-03<br />sex: female",
            "age_mid:  75<br />est: 2.931000e-03<br />lwr.ci: 2.904545e-03<br />upr.ci: 2.957455e-03<br />sex: female",
            "age_mid: 100<br />est: 4.404361e-03<br />lwr.ci: 4.345953e-03<br />upr.ci: 4.462769e-03<br />sex: female"
          ],
          "type": "scatter",
          "mode": "lines",
          "opacity": 1,
          "line": {
            "color": "rgba(220,57,18,1)",
            "width": 3.77952755905512,
            "dash": "solid"
          },
          "error_y": {
            "array": [
              0,
              5.12362350888525e-07,
              1.27056503225688e-06,
              3.04438333870439e-06,
              6.29124362097638e-06,
              1.2857273783588e-05,
              2.64547487480579e-05,
              5.8408066366796e-05
            ],
            "arrayminus": [
              0,
              5.12362350888525e-07,
              1.27056503225688e-06,
              3.04438333870439e-06,
              6.29124362097638e-06,
              1.2857273783588e-05,
              2.64547487480579e-05,
              5.8408066366796e-05
            ],
            "type": "data",
            "width": 1.92019201920192,
            "symmetric": false,
            "color": "rgba(220,57,18,1)"
          },
          "name": "female",
          "legendgroup": "female",
          "showlegend": true,
          "xaxis": "x",
          "yaxis": "y",
          "hoverinfo": "text",
          "hoveron": "points",
          "frame": null
        }
      ],
      "layout": {
        "margin": {
          "t": 25.7412480974125,
          "r": 7.30593607305936,
          "b": 39.6955859969559,
          "l": 54.7945205479452
        },
        "plot_bgcolor": "rgba(255,255,255,1)",
        "paper_bgcolor": "rgba(255,255,255,1)",
        "font": {
          "color": "rgba(0,0,0,1)",
          "family": "",
          "size": 14.6118721461187
        },
        "xaxis": {
          "domain": [
            0,
            1
          ],
          "automargin": true,
          "type": "linear",
          "autorange": false,
          "range": [
            5.005,
            104.995
          ],
          "tickmode": "array",
          "ticktext": [
            "25",
            "50",
            "75",
            "100"
          ],
          "tickvals": [
            25,
            50,
            75,
            100
          ],
          "categoryorder": "array",
          "categoryarray": [
            "25",
            "50",
            "75",
            "100"
          ],
          "nticks": null,
          "ticks": "outside",
          "tickcolor": "rgba(51,51,51,1)",
          "ticklen": 3.65296803652968,
          "tickwidth": 0.66417600664176,
          "showticklabels": true,
          "tickfont": {
            "color": "rgba(77,77,77,1)",
            "family": "",
            "size": 11.689497716895
          },
          "tickangle": 0,
          "showline": false,
          "linecolor": null,
          "linewidth": 0,
          "showgrid": true,
          "gridcolor": "rgba(235,235,235,1)",
          "gridwidth": 0.66417600664176,
          "zeroline": false,
          "anchor": "y",
          "title": {
            "text": "Age",
            "font": {
              "color": "rgba(0,0,0,1)",
              "family": "",
              "size": 14.6118721461187
            }
          },
          "hoverformat": ".2f"
        },
        "yaxis": {
          "domain": [
            0,
            1
          ],
          "automargin": true,
          "type": "linear",
          "autorange": false,
          "range": [
            -0.000275650413660896,
            0.00578865868687881
          ],
          "tickmode": "array",
          "ticktext": [
            "0.000",
            "0.002",
            "0.004"
          ],
          "tickvals": [
            0,
            0.002,
            0.004
          ],
          "categoryorder": "array",
          "categoryarray": [
            "0.000",
            "0.002",
            "0.004"
          ],
          "nticks": null,
          "ticks": "outside",
          "tickcolor": "rgba(51,51,51,1)",
          "ticklen": 3.65296803652968,
          "tickwidth": 0.66417600664176,
          "showticklabels": true,
          "tickfont": {
            "color": "rgba(77,77,77,1)",
            "family": "",
            "size": 11.689497716895
          },
          "tickangle": 0,
          "showline": false,
          "linecolor": null,
          "linewidth": 0,
          "showgrid": true,
          "gridcolor": "rgba(235,235,235,1)",
          "gridwidth": 0.66417600664176,
          "zeroline": false,
          "anchor": "x",
          "title": {
            "text": "Prevalence",
            "font": {
              "color": "rgba(0,0,0,1)",
              "family": "",
              "size": 14.6118721461187
            }
          },
          "hoverformat": ".2f"
        },
        "shapes": [
          {
            "type": "rect",
            "fillcolor": "transparent",
            "line": {
              "color": "rgba(51,51,51,1)",
              "width": 0.66417600664176,
              "linetype": "solid"
            },
            "yref": "paper",
            "xref": "paper",
            "x0": 0,
            "x1": 1,
            "y0": 0,
            "y1": 1
          }
        ],
        "showlegend": true,
        "legend": {
          "bgcolor": "rgba(255,255,255,1)",
          "bordercolor": "transparent",
          "borderwidth": 1.88976377952756,
          "font": {
            "color": "rgba(0,0,0,1)",
            "family": "",
            "size": 11.689497716895
          },
          "title": {
            "text": "",
            "font": {
              "color": "rgba(0,0,0,1)",
              "family": "",
              "size": 14.6118721461187
            }
          }
        },
        "hovermode": "closest",
        "barmode": "relative"
      }
    },
    "messageType": "chronicDiseaseCohorts.report",
    "requestId": "275c6be1-e733-4ffa-a412-727ac0d8e0a1",
    "dbDir": "/post_etl_db",
    "cohortId": "c_ca688279ff7732ea0e4cb3251e49f0f2"
  },
  "id": "df1d1f4d-c26d-4c02-bd91-35a782365689"
}