{
  "data": {
    "type": "incidence_rate",
    "data": null,
    "figures": {
      "data": [
        {
          "x": [
            10,
            25,
            35,
            45,
            55,
            65,
            75,
            100
          ],
          "y": [
            0,
            0,
            0.46,
            2.6,
            11.436,
            27.303,
            50.763,
            72.471
          ],
          "text": [
            "age_mid:  10<br />est:  0.000<br />lwr.ci:  0.000<br />upr.ci:  0.000<br />sex: male",
            "age_mid:  25<br />est:  0.000<br />lwr.ci:  0.000<br />upr.ci:  0.000<br />sex: male",
            "age_mid:  35<br />est:  0.460<br />lwr.ci:  0.268<br />upr.ci:  0.652<br />sex: male",
            "age_mid:  45<br />est:  2.600<br />lwr.ci:  2.047<br />upr.ci:  3.153<br />sex: male",
            "age_mid:  55<br />est: 11.436<br />lwr.ci: 10.163<br />upr.ci: 12.709<br />sex: male",
            "age_mid:  65<br />est: 27.303<br />lwr.ci: 24.972<br />upr.ci: 29.634<br />sex: male",
            "age_mid:  75<br />est: 50.763<br />lwr.ci: 45.954<br />upr.ci: 55.572<br />sex: male",
            "age_mid: 100<br />est: 72.471<br />lwr.ci: 59.916<br />upr.ci: 85.025<br />sex: male"
          ],
          "type": "scatter",
          "mode": "lines",
          "opacity": 1,
          "line": {
            "color": "rgba(51,102,204,1)",
            "width": 3.77952755905512,
            "dash": "solid"
          },
          "error_y": {
            "array": [
              0,
              0,
              0.192,
              0.553,
              1.273,
              2.331,
              4.809,
              12.554
            ],
            "arrayminus": [
              0,
              0,
              0.192,
              0.553,
              1.273,
              2.331,
              4.809,
              12.555
            ],
            "type": "data",
            "width": 1.92019201920192,
            "symmetric": false,
            "color": "rgba(51,102,204,1)"
          },
          "name": "male",
          "legendgroup": "male",
          "showlegend": true,
          "xaxis": "x",
          "yaxis": "y",
          "hoverinfo": "text",
          "hoveron": "points",
          "frame": null
        },
        {
          "x": [
            10,
            25,
            35,
            45,
            55,
            65,
            75,
            100
          ],
          "y": [
            0,
            0.056,
            0.358,
            1.756,
            6,
            16.537,
            33.851,
            44.054
          ],
          "text": [
            "age_mid:  10<br />est:  0.000<br />lwr.ci:  0.000<br />upr.ci:  0.000<br />sex: female",
            "age_mid:  25<br />est:  0.056<br />lwr.ci:  0.000<br />upr.ci:  0.133<br />sex: female",
            "age_mid:  35<br />est:  0.358<br />lwr.ci:  0.182<br />upr.ci:  0.534<br />sex: female",
            "age_mid:  45<br />est:  1.756<br />lwr.ci:  1.315<br />upr.ci:  2.196<br />sex: female",
            "age_mid:  55<br />est:  6.000<br />lwr.ci:  5.152<br />upr.ci:  6.849<br />sex: female",
            "age_mid:  65<br />est: 16.537<br />lwr.ci: 14.906<br />upr.ci: 18.168<br />sex: female",
            "age_mid:  75<br />est: 33.851<br />lwr.ci: 30.706<br />upr.ci: 36.996<br />sex: female",
            "age_mid: 100<br />est: 44.054<br />lwr.ci: 37.582<br />upr.ci: 50.526<br />sex: female"
          ],
          "type": "scatter",
          "mode": "lines",
          "opacity": 1,
          "line": {
            "color": "rgba(220,57,18,1)",
            "width": 3.77952755905512,
            "dash": "solid"
          },
          "error_y": {
            "array": [
              0,
              0.077,
              0.176,
              0.44,
              0.849,
              1.631,
              3.145,
              6.472
            ],
            "arrayminus": [
              0,
              0.056,
              0.176,
              0.441,
              0.848,
              1.631,
              3.145,
              6.472
            ],
            "type": "data",
            "width": 1.92019201920192,
            "symmetric": false,
            "color": "rgba(220,57,18,1)"
          },
          "name": "female",
          "legendgroup": "female",
          "showlegend": true,
          "xaxis": "x",
          "yaxis": "y",
          "hoverinfo": "text",
          "hoveron": "points",
          "frame": null
        }
      ],
      "layout": {
        "margin": {
          "t": 25.7412480974125,
          "r": 7.30593607305936,
          "b": 39.6955859969559,
          "l": 37.2602739726027
        },
        "plot_bgcolor": "rgba(255,255,255,1)",
        "paper_bgcolor": "rgba(255,255,255,1)",
        "font": {
          "color": "rgba(0,0,0,1)",
          "family": "",
          "size": 14.6118721461187
        },
        "xaxis": {
          "domain": [
            0,
            1
          ],
          "automargin": true,
          "type": "linear",
          "autorange": false,
          "range": [
            5.005,
            104.995
          ],
          "tickmode": "array",
          "ticktext": [
            "25",
            "50",
            "75",
            "100"
          ],
          "tickvals": [
            25,
            50,
            75,
            100
          ],
          "categoryorder": "array",
          "categoryarray": [
            "25",
            "50",
            "75",
            "100"
          ],
          "nticks": null,
          "ticks": "outside",
          "tickcolor": "rgba(51,51,51,1)",
          "ticklen": 3.65296803652968,
          "tickwidth": 0.66417600664176,
          "showticklabels": true,
          "tickfont": {
            "color": "rgba(77,77,77,1)",
            "family": "",
            "size": 11.689497716895
          },
          "tickangle": 0,
          "showline": false,
          "linecolor": null,
          "linewidth": 0,
          "showgrid": true,
          "gridcolor": "rgba(235,235,235,1)",
          "gridwidth": 0.66417600664176,
          "zeroline": false,
          "anchor": "y",
          "title": {
            "text": "Age",
            "font": {
              "color": "rgba(0,0,0,1)",
              "family": "",
              "size": 14.6118721461187
            }
          },
          "hoverformat": ".2f"
        },
        "yaxis": {
          "domain": [
            0,
            1
          ],
          "automargin": true,
          "type": "linear",
          "autorange": false,
          "range": [
            -4.25125,
            89.27625
          ],
          "tickmode": "array",
          "ticktext": [
            "0",
            "20",
            "40",
            "60",
            "80"
          ],
          "tickvals": [
            0,
            20,
            40,
            60,
            80
          ],
          "categoryorder": "array",
          "categoryarray": [
            "0",
            "20",
            "40",
            "60",
            "80"
          ],
          "nticks": null,
          "ticks": "outside",
          "tickcolor": "rgba(51,51,51,1)",
          "ticklen": 3.65296803652968,
          "tickwidth": 0.66417600664176,
          "showticklabels": true,
          "tickfont": {
            "color": "rgba(77,77,77,1)",
            "family": "",
            "size": 11.689497716895
          },
          "tickangle": 0,
          "showline": false,
          "linecolor": null,
          "linewidth": 0,
          "showgrid": true,
          "gridcolor": "rgba(235,235,235,1)",
          "gridwidth": 0.66417600664176,
          "zeroline": false,
          "anchor": "x",
          "title": {
            "text": "Incidence rate (per 100K per year)",
            "font": {
              "color": "rgba(0,0,0,1)",
              "family": "",
              "size": 14.6118721461187
            }
          },
          "hoverformat": ".2f"
        },
        "shapes": [
          {
            "type": "rect",
            "fillcolor": "transparent",
            "line": {
              "color": "rgba(51,51,51,1)",
              "width": 0.66417600664176,
              "linetype": "solid"
            },
            "yref": "paper",
            "xref": "paper",
            "x0": 0,
            "x1": 1,
            "y0": 0,
            "y1": 1
          }
        ],
        "showlegend": true,
        "legend": {
          "bgcolor": "rgba(255,255,255,1)",
          "bordercolor": "transparent",
          "borderwidth": 1.88976377952756,
          "font": {
            "color": "rgba(0,0,0,1)",
            "family": "",
            "size": 11.689497716895
          },
          "title": {
            "text": "",
            "font": {
              "color": "rgba(0,0,0,1)",
              "family": "",
              "size": 14.6118721461187
            }
          }
        },
        "hovermode": "closest",
        "barmode": "relative"
      }
    },
    "messageType": "chronicDiseaseCohorts.report",
    "requestId": "2bdea5c4-3ff8-4fac-9024-b6747d8c3b06",
    "dbDir": "/post_etl_db",
    "cohortId": "c_ca688279ff7732ea0e4cb3251e49f0f2"
  },
  "id": "0b3b656c-7146-42d1-b3af-fee07fd3fd0e"
}