{
  "data": {
    "messageType": "retUserCohortCatalog",
    "requestId": "c52a8b3b-3d47-4842-89b7-8f4a8d8a74f8",
    "userName": "maya",
    "cohorts": [
      {
        "name": "CHF",
        "label": "CHF",
        "track": "CHF",
        "isChronic": true,
        "inclusionCriteria": [
          {
            "enabled": true,
            "type": "ICD9",
            "label": "428.0* CONGESTIVE HEART FAILURE",
            "track": "icd9_428.0"
          }
        ],
        "adjustOnsetTime": [],
        "requiredFilter": [],
        "excludeFilter": []
      },
      {
        "name": "diabetes_melitus",
        "label": "diabetes_melitus",
        "track": "diabetes.5Fmelitus",
        "isChronic": true,
        "inclusionCriteria": [
          {
            "enabled": true,
            "type": "Cohort",
            "label": "disease.DIABETES_MELITUS",
            "track": "disease.DIABETES_MELITUS"
          }
        ],
        "adjustOnsetTime": [],
        "requiredFilter": [
          {
            "enabled": true,
            "type": "age",
            "minAge": 50,
            "maxAge": 70
          },
          {
            "enabled": true,
            "type": "gender",
            "female": true
          },
          {
            "enabled": true,
            "type": "track",
            "label": [],
            "stime": -20000,
            "etime": 20000,
            "track": "WZMN.med.T2D.INSULIN"
          },
          {
            "enabled": true,
            "type": "Lab",
            "label": "20100 GLUCOSE- BLOOD",
            "stime": -20000,
            "etime": 20000,
            "track": "lab.20100",
            "operator": ">",
            "value": 120
          },
          {
            "enabled": true,
            "type": "onset",
            "minTime": {
              "year": 2006,
              "month": 1,
              "day": 1,
              "hour": 0
            },
            "maxTime": {
              "year": 2016,
              "month": 1,
              "day": 1,
              "hour": 0
            }
          },
          {
            "enabled": true,
            "type": "survival",
            "time": 365
          }
        ],
        "excludeFilter": []
      }
    ],
    "sharedCohorts": [],
    "tracks": [
      {
        "name": "unnamed",
        "label": "unnamed",
        "track": "unnamed",
        "inclusionCriteria": [
          {
            "enabled": true,
            "type": "ICD9",
            "label": "250.6* DIABETES WITH NEUROLOGICAL MANIFESTATIONS",
            "track": "icd9_250.6"
          }
        ],
        "adjustOnsetTime": [],
        "requiredFilterAnd": [],
        "excludeFilterAnd": [],
        "requiredFilterOr": [],
        "excludeFilterOr": [],
        "is_chronic": false
      }
    ],
    "sharedTracks": []
  },
  "id": "c52a8b3b-3d47-4842-89b7-8f4a8d8a74f8"
}