{
  "data": {
    "type": "incidence_rate",
    "data": null,
    "figures": {
      "data": [
        {
          "x": [
            10,
            25,
            35,
            45,
            55,
            65,
            75,
            100
          ],
          "y": [
            0,
            0,
            0,
            43.947,
            281.1,
            598.677,
            727.164,
            680.475
          ],
          "text": [
            "age_mid:  10<br />est:   0.000<br />lwr.ci:   0.000<br />upr.ci:   0.000<br />sex: male",
            "age_mid:  25<br />est:   0.000<br />lwr.ci:   0.000<br />upr.ci:   0.000<br />sex: male",
            "age_mid:  35<br />est:   0.000<br />lwr.ci:   0.000<br />upr.ci:   0.000<br />sex: male",
            "age_mid:  45<br />est:  43.947<br />lwr.ci:  41.673<br />upr.ci:  46.221<br />sex: male",
            "age_mid:  55<br />est: 281.100<br />lwr.ci: 274.755<br />upr.ci: 287.445<br />sex: male",
            "age_mid:  65<br />est: 598.677<br />lwr.ci: 587.575<br />upr.ci: 609.778<br />sex: male",
            "age_mid:  75<br />est: 727.164<br />lwr.ci: 708.462<br />upr.ci: 745.866<br />sex: male",
            "age_mid: 100<br />est: 680.475<br />lwr.ci: 640.669<br />upr.ci: 720.280<br />sex: male"
          ],
          "type": "scatter",
          "mode": "lines",
          "opacity": 1,
          "line": {
            "color": "rgba(51,102,204,1)",
            "width": 3.77952755905512,
            "dash": "solid"
          },
          "error_y": {
            "array": [
              0,
              0,
              0,
              2.27399999999999,
              6.34499999999997,
              11.101,
              18.702,
              39.8049999999999
            ],
            "arrayminus": [
              0,
              0,
              0,
              2.274,
              6.34500000000003,
              11.102,
              18.702,
              39.806
            ],
            "type": "data",
            "width": 1.92019201920192,
            "symmetric": false,
            "color": "rgba(51,102,204,1)"
          },
          "name": "male",
          "legendgroup": "male",
          "showlegend": true,
          "xaxis": "x",
          "yaxis": "y",
          "hoverinfo": "text",
          "hoveron": "points",
          "frame": null
        },
        {
          "x": [
            10,
            25,
            35,
            45,
            55,
            65,
            75,
            100
          ],
          "y": [
            0,
            0,
            0,
            13.218,
            98.835,
            290.061,
            716.957,
            881.221
          ],
          "text": [
            "age_mid:  10<br />est:   0.000<br />lwr.ci:   0.000<br />upr.ci:   0.000<br />sex: female",
            "age_mid:  25<br />est:   0.000<br />lwr.ci:   0.000<br />upr.ci:   0.000<br />sex: female",
            "age_mid:  35<br />est:   0.000<br />lwr.ci:   0.000<br />upr.ci:   0.000<br />sex: female",
            "age_mid:  45<br />est:  13.218<br />lwr.ci:  12.009<br />upr.ci:  14.427<br />sex: female",
            "age_mid:  55<br />est:  98.835<br />lwr.ci:  95.385<br />upr.ci: 102.286<br />sex: female",
            "age_mid:  65<br />est: 290.061<br />lwr.ci: 283.186<br />upr.ci: 296.936<br />sex: female",
            "age_mid:  75<br />est: 716.957<br />lwr.ci: 702.213<br />upr.ci: 731.701<br />sex: female",
            "age_mid: 100<br />est: 881.221<br />lwr.ci: 851.297<br />upr.ci: 911.145<br />sex: female"
          ],
          "type": "scatter",
          "mode": "lines",
          "opacity": 1,
          "line": {
            "color": "rgba(220,57,18,1)",
            "width": 3.77952755905512,
            "dash": "solid"
          },
          "error_y": {
            "array": [
              0,
              0,
              0,
              1.209,
              3.45100000000001,
              6.875,
              14.744,
              29.924
            ],
            "arrayminus": [
              0,
              0,
              0,
              1.209,
              3.44999999999999,
              6.875,
              14.744,
              29.924
            ],
            "type": "data",
            "width": 1.92019201920192,
            "symmetric": false,
            "color": "rgba(220,57,18,1)"
          },
          "name": "female",
          "legendgroup": "female",
          "showlegend": true,
          "xaxis": "x",
          "yaxis": "y",
          "hoverinfo": "text",
          "hoveron": "points",
          "frame": null
        }
      ],
      "layout": {
        "margin": {
          "t": 25.7412480974125,
          "r": 7.30593607305936,
          "b": 39.6955859969559,
          "l": 43.1050228310502
        },
        "plot_bgcolor": "rgba(255,255,255,1)",
        "paper_bgcolor": "rgba(255,255,255,1)",
        "font": {
          "color": "rgba(0,0,0,1)",
          "family": "",
          "size": 14.6118721461187
        },
        "xaxis": {
          "domain": [
            0,
            1
          ],
          "automargin": true,
          "type": "linear",
          "autorange": false,
          "range": [
            5.005,
            104.995
          ],
          "tickmode": "array",
          "ticktext": [
            "25",
            "50",
            "75",
            "100"
          ],
          "tickvals": [
            25,
            50,
            75,
            100
          ],
          "categoryorder": "array",
          "categoryarray": [
            "25",
            "50",
            "75",
            "100"
          ],
          "nticks": null,
          "ticks": "outside",
          "tickcolor": "rgba(51,51,51,1)",
          "ticklen": 3.65296803652968,
          "tickwidth": 0.66417600664176,
          "showticklabels": true,
          "tickfont": {
            "color": "rgba(77,77,77,1)",
            "family": "",
            "size": 11.689497716895
          },
          "tickangle": 0,
          "showline": false,
          "linecolor": null,
          "linewidth": 0,
          "showgrid": true,
          "gridcolor": "rgba(235,235,235,1)",
          "gridwidth": 0.66417600664176,
          "zeroline": false,
          "anchor": "y",
          "title": {
            "text": "Age",
            "font": {
              "color": "rgba(0,0,0,1)",
              "family": "",
              "size": 14.6118721461187
            }
          },
          "hoverformat": ".2f"
        },
        "yaxis": {
          "domain": [
            0,
            1
          ],
          "automargin": true,
          "type": "linear",
          "autorange": false,
          "range": [
            -45.55725,
            956.70225
          ],
          "tickmode": "array",
          "ticktext": [
            "0",
            "250",
            "500",
            "750"
          ],
          "tickvals": [
            0,
            250,
            500,
            750
          ],
          "categoryorder": "array",
          "categoryarray": [
            "0",
            "250",
            "500",
            "750"
          ],
          "nticks": null,
          "ticks": "outside",
          "tickcolor": "rgba(51,51,51,1)",
          "ticklen": 3.65296803652968,
          "tickwidth": 0.66417600664176,
          "showticklabels": true,
          "tickfont": {
            "color": "rgba(77,77,77,1)",
            "family": "",
            "size": 11.689497716895
          },
          "tickangle": 0,
          "showline": false,
          "linecolor": null,
          "linewidth": 0,
          "showgrid": true,
          "gridcolor": "rgba(235,235,235,1)",
          "gridwidth": 0.66417600664176,
          "zeroline": false,
          "anchor": "x",
          "title": {
            "text": "Incidence rate (per 100K per year)",
            "font": {
              "color": "rgba(0,0,0,1)",
              "family": "",
              "size": 14.6118721461187
            }
          },
          "hoverformat": ".2f"
        },
        "shapes": [
          {
            "type": "rect",
            "fillcolor": "transparent",
            "line": {
              "color": "rgba(51,51,51,1)",
              "width": 0.66417600664176,
              "linetype": "solid"
            },
            "yref": "paper",
            "xref": "paper",
            "x0": 0,
            "x1": 1,
            "y0": 0,
            "y1": 1
          }
        ],
        "showlegend": true,
        "legend": {
          "bgcolor": "rgba(255,255,255,1)",
          "bordercolor": "transparent",
          "borderwidth": 1.88976377952756,
          "font": {
            "color": "rgba(0,0,0,1)",
            "family": "",
            "size": 11.689497716895
          },
          "title": {
            "text": "",
            "font": {
              "color": "rgba(0,0,0,1)",
              "family": "",
              "size": 14.6118721461187
            }
          }
        },
        "hovermode": "closest",
        "barmode": "relative"
      }
    },
    "messageType": "chronicDiseaseCohorts.report",
    "requestId": "210c3af2-4d4b-4d87-9d0e-48d49f63ea4b",
    "cohortId": "c_1edce754ecebcabfd9f3ef82b9108f12"
  },
  "id": "e996c492-0864-427a-9401-3d60d7378763"
}