{
  "data": {
    "type": "year_gender",
    "data": null,
    "figures": {
      "data": [
        {
          "orientation": "v",
          "width": [
            0.45,
            0.45,
            0.45,
            0.45,
            0.449999999999999,
            0.449999999999999,
            0.449999999999999,
            0.449999999999999,
            0.449999999999999,
            0.449999999999999,
            0.449999999999999,
            0.449999999999999,
            0.449999999999999,
            0.449999999999999
          ],
          "base": [
            0,
            0,
            0,
            0,
            0,
            0,
            0,
            0,
            0,
            0,
            0,
            0,
            0,
            0
          ],
          "x": [
            0.775,
            1.775,
            2.775,
            3.775,
            4.775,
            5.775,
            6.775,
            7.775,
            8.775,
            9.775,
            10.775,
            11.775,
            12.775,
            13.775
          ],
          "y": [
            2128,
            2090,
            2031,
            2058,
            1890,
            1974,
            1827,
            1804,
            1899,
            1879,
            1850,
            1869,
            1964,
            1973
          ],
          "text": [
            "year: [2004,2005)<br />n: 2128<br />sex: male",
            "year: [2005,2006)<br />n: 2090<br />sex: male",
            "year: [2006,2007)<br />n: 2031<br />sex: male",
            "year: [2007,2008)<br />n: 2058<br />sex: male",
            "year: [2008,2009)<br />n: 1890<br />sex: male",
            "year: [2009,2010)<br />n: 1974<br />sex: male",
            "year: [2010,2011)<br />n: 1827<br />sex: male",
            "year: [2011,2012)<br />n: 1804<br />sex: male",
            "year: [2012,2013)<br />n: 1899<br />sex: male",
            "year: [2013,2014)<br />n: 1879<br />sex: male",
            "year: [2014,2015)<br />n: 1850<br />sex: male",
            "year: [2015,2016)<br />n: 1869<br />sex: male",
            "year: [2016,2017)<br />n: 1964<br />sex: male",
            "year: [2017,2018)<br />n: 1973<br />sex: male"
          ],
          "type": "bar",
          "textposition": "none",
          "marker": {
            "autocolorscale": false,
            "color": "rgba(51,102,204,1)",
            "line": {
              "width": 1.88976377952756,
              "color": "transparent"
            }
          },
          "name": "male",
          "legendgroup": "male",
          "showlegend": true,
          "xaxis": "x",
          "yaxis": "y",
          "hoverinfo": "text",
          "frame": null
        },
        {
          "orientation": "v",
          "width": [
            0.45,
            0.45,
            0.45,
            0.45,
            0.449999999999999,
            0.449999999999999,
            0.449999999999999,
            0.449999999999999,
            0.449999999999999,
            0.449999999999999,
            0.449999999999999,
            0.449999999999999,
            0.449999999999999,
            0.449999999999999
          ],
          "base": [
            0,
            0,
            0,
            0,
            0,
            0,
            0,
            0,
            0,
            0,
            0,
            0,
            0,
            0
          ],
          "x": [
            1.225,
            2.225,
            3.225,
            4.225,
            5.225,
            6.225,
            7.225,
            8.225,
            9.225,
            10.225,
            11.225,
            12.225,
            13.225,
            14.225
          ],
          "y": [
            1731,
            1722,
            1674,
            1746,
            1675,
            1621,
            1652,
            1613,
            1598,
            1696,
            1549,
            1507,
            1597,
            1644
          ],
          "text": [
            "year: [2004,2005)<br />n: 1731<br />sex: female",
            "year: [2005,2006)<br />n: 1722<br />sex: female",
            "year: [2006,2007)<br />n: 1674<br />sex: female",
            "year: [2007,2008)<br />n: 1746<br />sex: female",
            "year: [2008,2009)<br />n: 1675<br />sex: female",
            "year: [2009,2010)<br />n: 1621<br />sex: female",
            "year: [2010,2011)<br />n: 1652<br />sex: female",
            "year: [2011,2012)<br />n: 1613<br />sex: female",
            "year: [2012,2013)<br />n: 1598<br />sex: female",
            "year: [2013,2014)<br />n: 1696<br />sex: female",
            "year: [2014,2015)<br />n: 1549<br />sex: female",
            "year: [2015,2016)<br />n: 1507<br />sex: female",
            "year: [2016,2017)<br />n: 1597<br />sex: female",
            "year: [2017,2018)<br />n: 1644<br />sex: female"
          ],
          "type": "bar",
          "textposition": "none",
          "marker": {
            "autocolorscale": false,
            "color": "rgba(220,57,18,1)",
            "line": {
              "width": 1.88976377952756,
              "color": "transparent"
            }
          },
          "name": "female",
          "legendgroup": "female",
          "showlegend": true,
          "xaxis": "x",
          "yaxis": "y",
          "hoverinfo": "text",
          "frame": null
        }
      ],
      "layout": {
        "margin": {
          "t": 23.3059360730594,
          "r": 7.30593607305936,
          "b": 89.8630136986302,
          "l": 48.9497716894977
        },
        "plot_bgcolor": "rgba(255,255,255,1)",
        "paper_bgcolor": "rgba(255,255,255,1)",
        "font": {
          "color": "rgba(0,0,0,1)",
          "family": "",
          "size": 14.6118721461187
        },
        "xaxis": {
          "domain": [
            0,
            1
          ],
          "automargin": true,
          "type": "linear",
          "autorange": false,
          "range": [
            0.4,
            14.6
          ],
          "tickmode": "array",
          "ticktext": [
            "[2004,2005)",
            "[2005,2006)",
            "[2006,2007)",
            "[2007,2008)",
            "[2008,2009)",
            "[2009,2010)",
            "[2010,2011)",
            "[2011,2012)",
            "[2012,2013)",
            "[2013,2014)",
            "[2014,2015)",
            "[2015,2016)",
            "[2016,2017)",
            "[2017,2018)"
          ],
          "tickvals": [
            1,
            2,
            3,
            4,
            5,
            6,
            7,
            8,
            9,
            10,
            11,
            12,
            13,
            14
          ],
          "categoryorder": "array",
          "categoryarray": [
            "[2004,2005)",
            "[2005,2006)",
            "[2006,2007)",
            "[2007,2008)",
            "[2008,2009)",
            "[2009,2010)",
            "[2010,2011)",
            "[2011,2012)",
            "[2012,2013)",
            "[2013,2014)",
            "[2014,2015)",
            "[2015,2016)",
            "[2016,2017)",
            "[2017,2018)"
          ],
          "nticks": null,
          "ticks": "outside",
          "tickcolor": "rgba(51,51,51,1)",
          "ticklen": 3.65296803652968,
          "tickwidth": 0.66417600664176,
          "showticklabels": true,
          "tickfont": {
            "color": "rgba(77,77,77,1)",
            "family": "",
            "size": 11.689497716895
          },
          "tickangle": -90,
          "showline": false,
          "linecolor": null,
          "linewidth": 0,
          "showgrid": true,
          "gridcolor": "rgba(235,235,235,1)",
          "gridwidth": 0.66417600664176,
          "zeroline": false,
          "anchor": "y",
          "title": {
            "text": "Year",
            "font": {
              "color": "rgba(0,0,0,1)",
              "family": "",
              "size": 14.6118721461187
            }
          },
          "hoverformat": ".2f"
        },
        "yaxis": {
          "domain": [
            0,
            1
          ],
          "automargin": true,
          "type": "linear",
          "autorange": false,
          "range": [
            -106.4,
            2234.4
          ],
          "tickmode": "array",
          "ticktext": [
            "0",
            "500",
            "1000",
            "1500",
            "2000"
          ],
          "tickvals": [
            0,
            500,
            1000,
            1500,
            2000
          ],
          "categoryorder": "array",
          "categoryarray": [
            "0",
            "500",
            "1000",
            "1500",
            "2000"
          ],
          "nticks": null,
          "ticks": "outside",
          "tickcolor": "rgba(51,51,51,1)",
          "ticklen": 3.65296803652968,
          "tickwidth": 0.66417600664176,
          "showticklabels": true,
          "tickfont": {
            "color": "rgba(77,77,77,1)",
            "family": "",
            "size": 11.689497716895
          },
          "tickangle": 0,
          "showline": false,
          "linecolor": null,
          "linewidth": 0,
          "showgrid": true,
          "gridcolor": "rgba(235,235,235,1)",
          "gridwidth": 0.66417600664176,
          "zeroline": false,
          "anchor": "x",
          "title": {
            "text": "Number of patients",
            "font": {
              "color": "rgba(0,0,0,1)",
              "family": "",
              "size": 14.6118721461187
            }
          },
          "hoverformat": ".2f"
        },
        "shapes": [
          {
            "type": "rect",
            "fillcolor": "transparent",
            "line": {
              "color": "rgba(51,51,51,1)",
              "width": 0.66417600664176,
              "linetype": "solid"
            },
            "yref": "paper",
            "xref": "paper",
            "x0": 0,
            "x1": 1,
            "y0": 0,
            "y1": 1
          }
        ],
        "showlegend": true,
        "legend": {
          "bgcolor": "rgba(255,255,255,1)",
          "bordercolor": "transparent",
          "borderwidth": 1.88976377952756,
          "font": {
            "color": "rgba(0,0,0,1)",
            "family": "",
            "size": 11.689497716895
          },
          "title": {
            "text": "",
            "font": {
              "color": "rgba(0,0,0,1)",
              "family": "",
              "size": 14.6118721461187
            }
          }
        },
        "hovermode": "closest",
        "barmode": "relative"
      }
    },
    "messageType": "chronicDiseaseCohorts.report",
    "requestId": "7c482e9a-4a03-4e81-874a-a52d866174f1",
    "cohortId": "c_1edce754ecebcabfd9f3ef82b9108f12"
  },
  "id": "e6d33fab-502c-40fc-937f-2fdfefdfd96f"
}