track,cohort,bins,median,stdv,count
WZMN.med.HTN.BETA_BLOCKERS,c_56bef3eb6a1907d71a3fee360940931b,"[0,5)",1,0.207565620924591,10839
WZMN.med.HTN.BETA_BLOCKERS,c_99e70e1c5f1b94ad5527b29e70d7125f,"[0,5)",1,0.0894932702301863,16597
WZMN.med.HTN.BETA_BLOCKERS,c_b0475e53c4b385489d065b1eba846603,"[0,5)",1,0.124371126953442,11964
WZMN.med.HTN.BETA_BLOCKERS,c_56bef3eb6a1907d71a3fee360940931b,all,1,0.207565620924591,10839
WZMN.med.HTN.BETA_BLOCKERS,c_99e70e1c5f1b94ad5527b29e70d7125f,all,1,0.0894932702301863,16597
WZMN.med.HTN.BETA_BLOCKERS,c_b0475e53c4b385489d065b1eba846603,all,1,0.124371126953442,11964
