{
  "data": {
    "messageType": "analysisDocument.report",
    "requestId": "e5ea1884-e754-4835-933a-06b970d0bbe5",
    "cohortIds": [
      "c_b0475e53c4b385489d065b1eba846603",
      "c_99e70e1c5f1b94ad5527b29e70d7125f",
      "c_56bef3eb6a1907d71a3fee360940931b"
    ],
    "type": "incidence_rate",
    "data": [
      {
        "cohort": "c_b0475e53c4b385489d065b1eba846603",
        "age": "[0,20)",
        "sex": "male",
        "count": 0,
        "age_mid": 10,
        "duration": 11230721,
        "est": 0,
        "lwr.ci": 0,
        "upr.ci": 0
      },
      {
        "cohort": "c_b0475e53c4b385489d065b1eba846603",
        "age": "[20,30)",
        "sex": "male",
        "count": 28,
        "age_mid": 25,
        "duration": 47982374,
        "est": 0.709,
        "lwr.ci": 0.447,
        "upr.ci": 0.972
      },
      {
        "cohort": "c_b0475e53c4b385489d065b1eba846603",
        "age": "[30,40)",
        "sex": "male",
        "count": 128,
        "age_mid": 35,
        "duration": 58121681,
        "est": 2.679,
        "lwr.ci": 2.215,
        "upr.ci": 3.143
      },
      {
        "cohort": "c_b0475e53c4b385489d065b1eba846603",
        "age": "[40,50)",
        "sex": "male",
        "count": 387,
        "age_mid": 45,
        "duration": 39746189,
        "est": 11.846,
        "lwr.ci": 10.666,
        "upr.ci": 13.026
      },
      {
        "cohort": "c_b0475e53c4b385489d065b1eba846603",
        "age": "[50,60)",
        "sex": "male",
        "count": 1064,
        "age_mid": 55,
        "duration": 32906601,
        "est": 39.339,
        "lwr.ci": 36.975,
        "upr.ci": 41.703
      },
      {
        "cohort": "c_b0475e53c4b385489d065b1eba846603",
        "age": "[60,70)",
        "sex": "male",
        "count": 1146,
        "age_mid": 65,
        "duration": 23369566,
        "est": 59.663,
        "lwr.ci": 56.208,
        "upr.ci": 63.117
      },
      {
        "cohort": "c_b0475e53c4b385489d065b1eba846603",
        "age": "[70,80)",
        "sex": "male",
        "count": 762,
        "age_mid": 75,
        "duration": 10190934,
        "est": 90.973,
        "lwr.ci": 84.513,
        "upr.ci": 97.432
      },
      {
        "cohort": "c_b0475e53c4b385489d065b1eba846603",
        "age": "[80,120)",
        "sex": "male",
        "count": 178,
        "age_mid": 100,
        "duration": 2135537,
        "est": 101.41,
        "lwr.ci": 86.513,
        "upr.ci": 116.308
      },
      {
        "cohort": "c_b0475e53c4b385489d065b1eba846603",
        "age": "[0,20)",
        "sex": "female",
        "count": 0,
        "age_mid": 10,
        "duration": 10620157,
        "est": 0,
        "lwr.ci": 0,
        "upr.ci": 0
      },
      {
        "cohort": "c_b0475e53c4b385489d065b1eba846603",
        "age": "[20,30)",
        "sex": "female",
        "count": 34,
        "age_mid": 25,
        "duration": 43445658,
        "est": 0.952,
        "lwr.ci": 0.632,
        "upr.ci": 1.272
      },
      {
        "cohort": "c_b0475e53c4b385489d065b1eba846603",
        "age": "[30,40)",
        "sex": "female",
        "count": 112,
        "age_mid": 35,
        "duration": 54264420,
        "est": 2.511,
        "lwr.ci": 2.046,
        "upr.ci": 2.976
      },
      {
        "cohort": "c_b0475e53c4b385489d065b1eba846603",
        "age": "[40,50)",
        "sex": "female",
        "count": 306,
        "age_mid": 45,
        "duration": 42238515,
        "est": 8.814,
        "lwr.ci": 7.826,
        "upr.ci": 9.801
      },
      {
        "cohort": "c_b0475e53c4b385489d065b1eba846603",
        "age": "[50,60)",
        "sex": "female",
        "count": 1087,
        "age_mid": 55,
        "duration": 38852581,
        "est": 34.039,
        "lwr.ci": 32.015,
        "upr.ci": 36.062
      },
      {
        "cohort": "c_b0475e53c4b385489d065b1eba846603",
        "age": "[60,70)",
        "sex": "female",
        "count": 1214,
        "age_mid": 65,
        "duration": 28941667,
        "est": 51.034,
        "lwr.ci": 48.164,
        "upr.ci": 53.905
      },
      {
        "cohort": "c_b0475e53c4b385489d065b1eba846603",
        "age": "[70,80)",
        "sex": "female",
        "count": 1334,
        "age_mid": 75,
        "duration": 15884220,
        "est": 102.178,
        "lwr.ci": 96.696,
        "upr.ci": 107.661
      },
      {
        "cohort": "c_b0475e53c4b385489d065b1eba846603",
        "age": "[80,120)",
        "sex": "female",
        "count": 455,
        "age_mid": 100,
        "duration": 4876778,
        "est": 113.514,
        "lwr.ci": 103.084,
        "upr.ci": 123.943
      },
      {
        "cohort": "c_99e70e1c5f1b94ad5527b29e70d7125f",
        "age": "[0,20)",
        "sex": "male",
        "count": 0,
        "age_mid": 10,
        "duration": 11230721,
        "est": 0,
        "lwr.ci": 0,
        "upr.ci": 0
      },
      {
        "cohort": "c_99e70e1c5f1b94ad5527b29e70d7125f",
        "age": "[20,30)",
        "sex": "male",
        "count": 14,
        "age_mid": 25,
        "duration": 47982887,
        "est": 0.354,
        "lwr.ci": 0.169,
        "upr.ci": 0.54
      },
      {
        "cohort": "c_99e70e1c5f1b94ad5527b29e70d7125f",
        "age": "[30,40)",
        "sex": "male",
        "count": 140,
        "age_mid": 35,
        "duration": 58120753,
        "est": 2.93,
        "lwr.ci": 2.445,
        "upr.ci": 3.416
      },
      {
        "cohort": "c_99e70e1c5f1b94ad5527b29e70d7125f",
        "age": "[40,50)",
        "sex": "male",
        "count": 465,
        "age_mid": 45,
        "duration": 39740858,
        "est": 14.235,
        "lwr.ci": 12.942,
        "upr.ci": 15.529
      },
      {
        "cohort": "c_99e70e1c5f1b94ad5527b29e70d7125f",
        "age": "[50,60)",
        "sex": "male",
        "count": 1464,
        "age_mid": 55,
        "duration": 32878572,
        "est": 54.175,
        "lwr.ci": 51.4,
        "upr.ci": 56.95
      },
      {
        "cohort": "c_99e70e1c5f1b94ad5527b29e70d7125f",
        "age": "[60,70)",
        "sex": "male",
        "count": 1959,
        "age_mid": 65,
        "duration": 23300495,
        "est": 102.291,
        "lwr.ci": 97.762,
        "upr.ci": 106.821
      },
      {
        "cohort": "c_99e70e1c5f1b94ad5527b29e70d7125f",
        "age": "[70,80)",
        "sex": "male",
        "count": 1167,
        "age_mid": 75,
        "duration": 10136251,
        "est": 140.076,
        "lwr.ci": 132.04,
        "upr.ci": 148.112
      },
      {
        "cohort": "c_99e70e1c5f1b94ad5527b29e70d7125f",
        "age": "[80,120)",
        "sex": "male",
        "count": 215,
        "age_mid": 100,
        "duration": 2127528,
        "est": 122.951,
        "lwr.ci": 106.517,
        "upr.ci": 139.385
      },
      {
        "cohort": "c_99e70e1c5f1b94ad5527b29e70d7125f",
        "age": "[0,20)",
        "sex": "female",
        "count": 0,
        "age_mid": 10,
        "duration": 10620157,
        "est": 0,
        "lwr.ci": 0,
        "upr.ci": 0
      },
      {
        "cohort": "c_99e70e1c5f1b94ad5527b29e70d7125f",
        "age": "[20,30)",
        "sex": "female",
        "count": 37,
        "age_mid": 25,
        "duration": 43444844,
        "est": 1.036,
        "lwr.ci": 0.702,
        "upr.ci": 1.37
      },
      {
        "cohort": "c_99e70e1c5f1b94ad5527b29e70d7125f",
        "age": "[30,40)",
        "sex": "female",
        "count": 104,
        "age_mid": 35,
        "duration": 54265356,
        "est": 2.331,
        "lwr.ci": 1.883,
        "upr.ci": 2.779
      },
      {
        "cohort": "c_99e70e1c5f1b94ad5527b29e70d7125f",
        "age": "[40,50)",
        "sex": "female",
        "count": 423,
        "age_mid": 45,
        "duration": 42233685,
        "est": 12.185,
        "lwr.ci": 11.024,
        "upr.ci": 13.347
      },
      {
        "cohort": "c_99e70e1c5f1b94ad5527b29e70d7125f",
        "age": "[50,60)",
        "sex": "female",
        "count": 1220,
        "age_mid": 55,
        "duration": 38844510,
        "est": 38.212,
        "lwr.ci": 36.067,
        "upr.ci": 40.356
      },
      {
        "cohort": "c_99e70e1c5f1b94ad5527b29e70d7125f",
        "age": "[60,70)",
        "sex": "female",
        "count": 1900,
        "age_mid": 65,
        "duration": 28886096,
        "est": 80.026,
        "lwr.ci": 76.428,
        "upr.ci": 83.625
      },
      {
        "cohort": "c_99e70e1c5f1b94ad5527b29e70d7125f",
        "age": "[70,80)",
        "sex": "female",
        "count": 1883,
        "age_mid": 75,
        "duration": 15812693,
        "est": 144.882,
        "lwr.ci": 138.339,
        "upr.ci": 151.426
      },
      {
        "cohort": "c_99e70e1c5f1b94ad5527b29e70d7125f",
        "age": "[80,120)",
        "sex": "female",
        "count": 474,
        "age_mid": 100,
        "duration": 4859482,
        "est": 118.675,
        "lwr.ci": 107.992,
        "upr.ci": 129.358
      },
      {
        "cohort": "c_56bef3eb6a1907d71a3fee360940931b",
        "age": "[0,20)",
        "sex": "male",
        "count": 0,
        "age_mid": 10,
        "duration": 11230721,
        "est": 0,
        "lwr.ci": 0,
        "upr.ci": 0
      },
      {
        "cohort": "c_56bef3eb6a1907d71a3fee360940931b",
        "age": "[20,30)",
        "sex": "male",
        "count": 61,
        "age_mid": 25,
        "duration": 47980258,
        "est": 1.546,
        "lwr.ci": 1.158,
        "upr.ci": 1.934
      },
      {
        "cohort": "c_56bef3eb6a1907d71a3fee360940931b",
        "age": "[30,40)",
        "sex": "male",
        "count": 248,
        "age_mid": 35,
        "duration": 58110532,
        "est": 5.192,
        "lwr.ci": 4.546,
        "upr.ci": 5.838
      },
      {
        "cohort": "c_56bef3eb6a1907d71a3fee360940931b",
        "age": "[40,50)",
        "sex": "male",
        "count": 561,
        "age_mid": 45,
        "duration": 39721390,
        "est": 17.183,
        "lwr.ci": 15.761,
        "upr.ci": 18.605
      },
      {
        "cohort": "c_56bef3eb6a1907d71a3fee360940931b",
        "age": "[50,60)",
        "sex": "male",
        "count": 873,
        "age_mid": 55,
        "duration": 32858256,
        "est": 32.325,
        "lwr.ci": 30.18,
        "upr.ci": 34.469
      },
      {
        "cohort": "c_56bef3eb6a1907d71a3fee360940931b",
        "age": "[60,70)",
        "sex": "male",
        "count": 484,
        "age_mid": 65,
        "duration": 23362806,
        "est": 25.205,
        "lwr.ci": 22.959,
        "upr.ci": 27.45
      },
      {
        "cohort": "c_56bef3eb6a1907d71a3fee360940931b",
        "age": "[70,80)",
        "sex": "male",
        "count": 200,
        "age_mid": 75,
        "duration": 10196179,
        "est": 23.865,
        "lwr.ci": 20.557,
        "upr.ci": 27.172
      },
      {
        "cohort": "c_56bef3eb6a1907d71a3fee360940931b",
        "age": "[80,120)",
        "sex": "male",
        "count": 42,
        "age_mid": 100,
        "duration": 2137606,
        "est": 23.905,
        "lwr.ci": 16.675,
        "upr.ci": 31.134
      },
      {
        "cohort": "c_56bef3eb6a1907d71a3fee360940931b",
        "age": "[0,20)",
        "sex": "female",
        "count": 0,
        "age_mid": 10,
        "duration": 10620157,
        "est": 0,
        "lwr.ci": 0,
        "upr.ci": 0
      },
      {
        "cohort": "c_56bef3eb6a1907d71a3fee360940931b",
        "age": "[20,30)",
        "sex": "female",
        "count": 64,
        "age_mid": 25,
        "duration": 43443631,
        "est": 1.792,
        "lwr.ci": 1.353,
        "upr.ci": 2.231
      },
      {
        "cohort": "c_56bef3eb6a1907d71a3fee360940931b",
        "age": "[30,40)",
        "sex": "female",
        "count": 155,
        "age_mid": 35,
        "duration": 54258240,
        "est": 3.475,
        "lwr.ci": 2.928,
        "upr.ci": 4.022
      },
      {
        "cohort": "c_56bef3eb6a1907d71a3fee360940931b",
        "age": "[40,50)",
        "sex": "female",
        "count": 433,
        "age_mid": 45,
        "duration": 42222311,
        "est": 12.477,
        "lwr.ci": 11.301,
        "upr.ci": 13.652
      },
      {
        "cohort": "c_56bef3eb6a1907d71a3fee360940931b",
        "age": "[50,60)",
        "sex": "female",
        "count": 892,
        "age_mid": 55,
        "duration": 38836484,
        "est": 27.944,
        "lwr.ci": 26.11,
        "upr.ci": 29.778
      },
      {
        "cohort": "c_56bef3eb6a1907d71a3fee360940931b",
        "age": "[60,70)",
        "sex": "female",
        "count": 696,
        "age_mid": 65,
        "duration": 28946808,
        "est": 29.253,
        "lwr.ci": 27.08,
        "upr.ci": 31.426
      },
      {
        "cohort": "c_56bef3eb6a1907d71a3fee360940931b",
        "age": "[70,80)",
        "sex": "female",
        "count": 459,
        "age_mid": 75,
        "duration": 15922210,
        "est": 35.073,
        "lwr.ci": 31.865,
        "upr.ci": 38.282
      },
      {
        "cohort": "c_56bef3eb6a1907d71a3fee360940931b",
        "age": "[80,120)",
        "sex": "female",
        "count": 102,
        "age_mid": 100,
        "duration": 4896536,
        "est": 25.344,
        "lwr.ci": 20.426,
        "upr.ci": 30.262
      }
    ],
    "figures": null
  },
  "id": "e57413ac-ad4d-4ca5-a4b5-4696fd3b066a"
}