{
  "data": {
    "messageType": "analysisDocument.report",
    "requestId": "1f1ba7b3-afec-4439-82a2-829481bef52d",
    "cohortIds": [
      "c_b0475e53c4b385489d065b1eba846603",
      "c_99e70e1c5f1b94ad5527b29e70d7125f",
      "c_56bef3eb6a1907d71a3fee360940931b"
    ],
    "type": "lab",
    "data": [
      {
        "track": "WZMN.med.HTN.BETA_BLOCKERS",
        "cohort": "c_56bef3eb6a1907d71a3fee360940931b",
        "bins": "[0,5)",
        "median": 1,
        "stdv": 0.207565620924591,
        "count": 10839
      },
      {
        "track": "WZMN.med.HTN.BETA_BLOCKERS",
        "cohort": "c_99e70e1c5f1b94ad5527b29e70d7125f",
        "bins": "[0,5)",
        "median": 1,
        "stdv": 0.0894932702301863,
        "count": 16597
      },
      {
        "track": "WZMN.med.HTN.BETA_BLOCKERS",
        "cohort": "c_b0475e53c4b385489d065b1eba846603",
        "bins": "[0,5)",
        "median": 1,
        "stdv": 0.124371126953442,
        "count": 11964
      },
      {
        "track": "WZMN.med.HTN.BETA_BLOCKERS",
        "cohort": "c_56bef3eb6a1907d71a3fee360940931b",
        "bins": "all",
        "median": 1,
        "stdv": 0.207565620924591,
        "count": 10839
      },
      {
        "track": "WZMN.med.HTN.BETA_BLOCKERS",
        "cohort": "c_99e70e1c5f1b94ad5527b29e70d7125f",
        "bins": "all",
        "median": 1,
        "stdv": 0.0894932702301863,
        "count": 16597
      },
      {
        "track": "WZMN.med.HTN.BETA_BLOCKERS",
        "cohort": "c_b0475e53c4b385489d065b1eba846603",
        "bins": "all",
        "median": 1,
        "stdv": 0.124371126953442,
        "count": 11964
      }
    ],
    "figures": null
  },
  "id": "1f1ba7b3-afec-4439-82a2-829481bef52d"
}