{
  "data": {
    "type": "incidence_rate",
    "data": null,
    "figures": {
      "data": [
        {
          "x": [
            10,
            25,
            35,
            45,
            55,
            65,
            75,
            100
          ],
          "y": [
            0,
            0,
            0,
            6.242,
            11.09,
            7.748,
            0.832,
            0
          ],
          "text": [
            "age_mid:  10<br />est:  0.000<br />lwr.ci: 0.000<br />upr.ci:  0.000<br />sex: male",
            "age_mid:  25<br />est:  0.000<br />lwr.ci: 0.000<br />upr.ci:  0.000<br />sex: male",
            "age_mid:  35<br />est:  0.000<br />lwr.ci: 0.000<br />upr.ci:  0.000<br />sex: male",
            "age_mid:  45<br />est:  6.242<br />lwr.ci: 5.385<br />upr.ci:  7.099<br />sex: male",
            "age_mid:  55<br />est: 11.090<br />lwr.ci: 9.835<br />upr.ci: 12.345<br />sex: male",
            "age_mid:  65<br />est:  7.748<br />lwr.ci: 6.504<br />upr.ci:  8.993<br />sex: male",
            "age_mid:  75<br />est:  0.832<br />lwr.ci: 0.215<br />upr.ci:  1.449<br />sex: male",
            "age_mid: 100<br />est:  0.000<br />lwr.ci: 0.000<br />upr.ci:  0.000<br />sex: male"
          ],
          "type": "scatter",
          "mode": "lines",
          "opacity": 1,
          "line": {
            "color": "rgba(51,102,204,1)",
            "width": 3.77952755905512,
            "dash": "solid"
          },
          "error_y": {
            "array": [
              0,
              0,
              0,
              0.857,
              1.255,
              1.245,
              0.617,
              0
            ],
            "arrayminus": [
              0,
              0,
              0,
              0.857,
              1.255,
              1.244,
              0.617,
              0
            ],
            "type": "data",
            "width": 1.92019201920192,
            "symmetric": false,
            "color": "rgba(51,102,204,1)"
          },
          "name": "male",
          "legendgroup": "male",
          "showlegend": true,
          "xaxis": "x",
          "yaxis": "y",
          "hoverinfo": "text",
          "hoveron": "points",
          "frame": null
        },
        {
          "x": [
            10,
            25,
            35,
            45,
            55,
            65,
            75,
            100
          ],
          "y": [
            0,
            0,
            0,
            3.109,
            6.573,
            2.308,
            0.304,
            0
          ],
          "text": [
            "age_mid:  10<br />est:  0.000<br />lwr.ci: 0.000<br />upr.ci:  0.000<br />sex: female",
            "age_mid:  25<br />est:  0.000<br />lwr.ci: 0.000<br />upr.ci:  0.000<br />sex: female",
            "age_mid:  35<br />est:  0.000<br />lwr.ci: 0.000<br />upr.ci:  0.000<br />sex: female",
            "age_mid:  45<br />est:  3.109<br />lwr.ci: 2.523<br />upr.ci:  3.696<br />sex: female",
            "age_mid:  55<br />est:  6.573<br />lwr.ci: 5.684<br />upr.ci:  7.462<br />sex: female",
            "age_mid:  65<br />est:  2.308<br />lwr.ci: 1.698<br />upr.ci:  2.918<br />sex: female",
            "age_mid:  75<br />est:  0.304<br />lwr.ci: 0.006<br />upr.ci:  0.602<br />sex: female",
            "age_mid: 100<br />est:  0.000<br />lwr.ci: 0.000<br />upr.ci:  0.000<br />sex: female"
          ],
          "type": "scatter",
          "mode": "lines",
          "opacity": 1,
          "line": {
            "color": "rgba(220,57,18,1)",
            "width": 3.77952755905512,
            "dash": "solid"
          },
          "error_y": {
            "array": [
              0,
              0,
              0,
              0.587,
              0.888999999999999,
              0.61,
              0.298,
              0
            ],
            "arrayminus": [
              0,
              0,
              0,
              0.586,
              0.889,
              0.61,
              0.298,
              0
            ],
            "type": "data",
            "width": 1.92019201920192,
            "symmetric": false,
            "color": "rgba(220,57,18,1)"
          },
          "name": "female",
          "legendgroup": "female",
          "showlegend": true,
          "xaxis": "x",
          "yaxis": "y",
          "hoverinfo": "text",
          "hoveron": "points",
          "frame": null
        }
      ],
      "layout": {
        "margin": {
          "t": 25.7412480974125,
          "r": 7.30593607305936,
          "b": 39.6955859969559,
          "l": 37.2602739726027
        },
        "plot_bgcolor": "rgba(255,255,255,1)",
        "paper_bgcolor": "rgba(255,255,255,1)",
        "font": {
          "color": "rgba(0,0,0,1)",
          "family": "",
          "size": 14.6118721461187
        },
        "xaxis": {
          "domain": [
            0,
            1
          ],
          "automargin": true,
          "type": "linear",
          "autorange": false,
          "range": [
            5.005,
            104.995
          ],
          "tickmode": "array",
          "ticktext": [
            "25",
            "50",
            "75",
            "100"
          ],
          "tickvals": [
            25,
            50,
            75,
            100
          ],
          "categoryorder": "array",
          "categoryarray": [
            "25",
            "50",
            "75",
            "100"
          ],
          "nticks": null,
          "ticks": "outside",
          "tickcolor": "rgba(51,51,51,1)",
          "ticklen": 3.65296803652968,
          "tickwidth": 0.66417600664176,
          "showticklabels": true,
          "tickfont": {
            "color": "rgba(77,77,77,1)",
            "family": "",
            "size": 11.689497716895
          },
          "tickangle": 0,
          "showline": false,
          "linecolor": null,
          "linewidth": 0,
          "showgrid": true,
          "gridcolor": "rgba(235,235,235,1)",
          "gridwidth": 0.66417600664176,
          "zeroline": false,
          "anchor": "y",
          "title": {
            "text": "Age",
            "font": {
              "color": "rgba(0,0,0,1)",
              "family": "",
              "size": 14.6118721461187
            }
          },
          "hoverformat": ".2f"
        },
        "yaxis": {
          "domain": [
            0,
            1
          ],
          "automargin": true,
          "type": "linear",
          "autorange": false,
          "range": [
            -0.61725,
            12.96225
          ],
          "tickmode": "array",
          "ticktext": [
            "0",
            "4",
            "8",
            "12"
          ],
          "tickvals": [
            0,
            4,
            8,
            12
          ],
          "categoryorder": "array",
          "categoryarray": [
            "0",
            "4",
            "8",
            "12"
          ],
          "nticks": null,
          "ticks": "outside",
          "tickcolor": "rgba(51,51,51,1)",
          "ticklen": 3.65296803652968,
          "tickwidth": 0.66417600664176,
          "showticklabels": true,
          "tickfont": {
            "color": "rgba(77,77,77,1)",
            "family": "",
            "size": 11.689497716895
          },
          "tickangle": 0,
          "showline": false,
          "linecolor": null,
          "linewidth": 0,
          "showgrid": true,
          "gridcolor": "rgba(235,235,235,1)",
          "gridwidth": 0.66417600664176,
          "zeroline": false,
          "anchor": "x",
          "title": {
            "text": "Incidence rate (per 100K per year)",
            "font": {
              "color": "rgba(0,0,0,1)",
              "family": "",
              "size": 14.6118721461187
            }
          },
          "hoverformat": ".2f"
        },
        "shapes": [
          {
            "type": "rect",
            "fillcolor": "transparent",
            "line": {
              "color": "rgba(51,51,51,1)",
              "width": 0.66417600664176,
              "linetype": "solid"
            },
            "yref": "paper",
            "xref": "paper",
            "x0": 0,
            "x1": 1,
            "y0": 0,
            "y1": 1
          }
        ],
        "showlegend": true,
        "legend": {
          "bgcolor": "rgba(255,255,255,1)",
          "bordercolor": "transparent",
          "borderwidth": 1.88976377952756,
          "font": {
            "color": "rgba(0,0,0,1)",
            "family": "",
            "size": 11.689497716895
          },
          "title": {
            "text": "",
            "font": {
              "color": "rgba(0,0,0,1)",
              "family": "",
              "size": 14.6118721461187
            }
          }
        },
        "hovermode": "closest",
        "barmode": "relative"
      }
    },
    "messageType": "chronicDiseaseCohorts.report",
    "requestId": "1d3e6ab0-5cc0-4ab7-a938-b7ec66b80a6f",
    "cohortId": "c_852224647576d5dc7caf30a2f44deb20"
  },
  "id": "1d3e6ab0-5cc0-4ab7-a938-b7ec66b80a6f"
}