{
  "timestamp": "20240404175720434484",
  "request_id": "48b0065a-3ece-47b8-83de-19f8b6927678",
  "output_file": "data/outputs\\full_cohort_builder_with_export_all_reports\\0311123747049_genReport_year_gender.json",
  "expected_output_file": "data/expectations\\full_cohort_builder_with_export_all_reports\\0311123747049_genReport_year_gender.json",
  "diff": [
    {
      "path": [
        "figures",
        "layout",
        "margin",
        "t"
      ],
      "action": "values_changed",
      "value": 23.3059360730594,
      "old_value": 25.7412480974125
    },
    {
      "path": [
        "figures",
        "layout",
        "margin",
        "b"
      ],
      "action": "values_changed",
      "value": 89.8630136986302,
      "old_value": 92.2983257229833
    }
  ]
}