{
  "data": {
    "type": "incidence_rate",
    "data": null,
    "figures": {
      "data": [
        {
          "x": [
            10,
            25,
            35,
            45,
            55,
            65,
            75,
            100
          ],
          "y": [
            0,
            0.304,
            1.004,
            2.6,
            10.069,
            15.939,
            26.74,
            79.119
          ],
          "text": [
            "age_mid:  10<br />est:  0.000<br />lwr.ci:  0.000<br />upr.ci:  0.000<br />sex: male",
            "age_mid:  25<br />est:  0.304<br />lwr.ci:  0.132<br />upr.ci:  0.476<br />sex: male",
            "age_mid:  35<br />est:  1.004<br />lwr.ci:  0.720<br />upr.ci:  1.288<br />sex: male",
            "age_mid:  45<br />est:  2.600<br />lwr.ci:  2.047<br />upr.ci:  3.153<br />sex: male",
            "age_mid:  55<br />est: 10.069<br />lwr.ci:  8.874<br />upr.ci: 11.263<br />sex: male",
            "age_mid:  65<br />est: 15.939<br />lwr.ci: 14.159<br />upr.ci: 17.720<br />sex: male",
            "age_mid:  75<br />est: 26.740<br />lwr.ci: 23.254<br />upr.ci: 30.227<br />sex: male",
            "age_mid: 100<br />est: 79.119<br />lwr.ci: 66.014<br />upr.ci: 92.225<br />sex: male"
          ],
          "type": "scatter",
          "mode": "lines",
          "opacity": 1,
          "line": {
            "color": "rgba(51,102,204,1)",
            "width": 3.77952755905512,
            "dash": "solid"
          },
          "error_y": {
            "array": [
              0,
              0.172,
              0.284,
              0.553,
              1.194,
              1.781,
              3.487,
              13.106
            ],
            "arrayminus": [
              0,
              0.172,
              0.284,
              0.553,
              1.195,
              1.78,
              3.486,
              13.105
            ],
            "type": "data",
            "width": 1.92019201920192,
            "symmetric": false,
            "color": "rgba(51,102,204,1)"
          },
          "name": "male",
          "legendgroup": "male",
          "showlegend": true,
          "xaxis": "x",
          "yaxis": "y",
          "hoverinfo": "text",
          "hoveron": "points",
          "frame": null
        },
        {
          "x": [
            10,
            25,
            35,
            45,
            55,
            65,
            75,
            100
          ],
          "y": [
            0,
            0.336,
            0.425,
            1.669,
            8.438,
            10.67,
            26.88,
            52.359
          ],
          "text": [
            "age_mid:  10<br />est:  0.000<br />lwr.ci:  0.000<br />upr.ci:  0.000<br />sex: female",
            "age_mid:  25<br />est:  0.336<br />lwr.ci:  0.145<br />upr.ci:  0.526<br />sex: female",
            "age_mid:  35<br />est:  0.425<br />lwr.ci:  0.234<br />upr.ci:  0.617<br />sex: female",
            "age_mid:  45<br />est:  1.669<br />lwr.ci:  1.240<br />upr.ci:  2.099<br />sex: female",
            "age_mid:  55<br />est:  8.438<br />lwr.ci:  7.431<br />upr.ci:  9.444<br />sex: female",
            "age_mid:  65<br />est: 10.670<br />lwr.ci:  9.361<br />upr.ci: 11.980<br />sex: female",
            "age_mid:  75<br />est: 26.880<br />lwr.ci: 24.080<br />upr.ci: 29.680<br />sex: female",
            "age_mid: 100<br />est: 52.359<br />lwr.ci: 45.311<br />upr.ci: 59.407<br />sex: female"
          ],
          "type": "scatter",
          "mode": "lines",
          "opacity": 1,
          "line": {
            "color": "rgba(220,57,18,1)",
            "width": 3.77952755905512,
            "dash": "solid"
          },
          "error_y": {
            "array": [
              0,
              0.19,
              0.192,
              0.43,
              1.006,
              1.31,
              2.8,
              7.04799999999999
            ],
            "arrayminus": [
              0,
              0.191,
              0.191,
              0.429,
              1.007,
              1.309,
              2.8,
              7.048
            ],
            "type": "data",
            "width": 1.92019201920192,
            "symmetric": false,
            "color": "rgba(220,57,18,1)"
          },
          "name": "female",
          "legendgroup": "female",
          "showlegend": true,
          "xaxis": "x",
          "yaxis": "y",
          "hoverinfo": "text",
          "hoveron": "points",
          "frame": null
        }
      ],
      "layout": {
        "margin": {
          "t": 25.7412480974125,
          "r": 7.30593607305936,
          "b": 39.6955859969559,
          "l": 37.2602739726027
        },
        "plot_bgcolor": "rgba(255,255,255,1)",
        "paper_bgcolor": "rgba(255,255,255,1)",
        "font": {
          "color": "rgba(0,0,0,1)",
          "family": "",
          "size": 14.6118721461187
        },
        "xaxis": {
          "domain": [
            0,
            1
          ],
          "automargin": true,
          "type": "linear",
          "autorange": false,
          "range": [
            5.005,
            104.995
          ],
          "tickmode": "array",
          "ticktext": [
            "25",
            "50",
            "75",
            "100"
          ],
          "tickvals": [
            25,
            50,
            75,
            100
          ],
          "categoryorder": "array",
          "categoryarray": [
            "25",
            "50",
            "75",
            "100"
          ],
          "nticks": null,
          "ticks": "outside",
          "tickcolor": "rgba(51,51,51,1)",
          "ticklen": 3.65296803652968,
          "tickwidth": 0.66417600664176,
          "showticklabels": true,
          "tickfont": {
            "color": "rgba(77,77,77,1)",
            "family": "",
            "size": 11.689497716895
          },
          "tickangle": 0,
          "showline": false,
          "linecolor": null,
          "linewidth": 0,
          "showgrid": true,
          "gridcolor": "rgba(235,235,235,1)",
          "gridwidth": 0.66417600664176,
          "zeroline": false,
          "anchor": "y",
          "title": {
            "text": "Age",
            "font": {
              "color": "rgba(0,0,0,1)",
              "family": "",
              "size": 14.6118721461187
            }
          },
          "hoverformat": ".2f"
        },
        "yaxis": {
          "domain": [
            0,
            1
          ],
          "automargin": true,
          "type": "linear",
          "autorange": false,
          "range": [
            -4.61125,
            96.83625
          ],
          "tickmode": "array",
          "ticktext": [
            "0",
            "25",
            "50",
            "75"
          ],
          "tickvals": [
            0,
            25,
            50,
            75
          ],
          "categoryorder": "array",
          "categoryarray": [
            "0",
            "25",
            "50",
            "75"
          ],
          "nticks": null,
          "ticks": "outside",
          "tickcolor": "rgba(51,51,51,1)",
          "ticklen": 3.65296803652968,
          "tickwidth": 0.66417600664176,
          "showticklabels": true,
          "tickfont": {
            "color": "rgba(77,77,77,1)",
            "family": "",
            "size": 11.689497716895
          },
          "tickangle": 0,
          "showline": false,
          "linecolor": null,
          "linewidth": 0,
          "showgrid": true,
          "gridcolor": "rgba(235,235,235,1)",
          "gridwidth": 0.66417600664176,
          "zeroline": false,
          "anchor": "x",
          "title": {
            "text": "Incidence rate (per 100K per year)",
            "font": {
              "color": "rgba(0,0,0,1)",
              "family": "",
              "size": 14.6118721461187
            }
          },
          "hoverformat": ".2f"
        },
        "shapes": [
          {
            "type": "rect",
            "fillcolor": "transparent",
            "line": {
              "color": "rgba(51,51,51,1)",
              "width": 0.66417600664176,
              "linetype": "solid"
            },
            "yref": "paper",
            "xref": "paper",
            "x0": 0,
            "x1": 1,
            "y0": 0,
            "y1": 1
          }
        ],
        "showlegend": true,
        "legend": {
          "bgcolor": "rgba(255,255,255,1)",
          "bordercolor": "transparent",
          "borderwidth": 1.88976377952756,
          "font": {
            "color": "rgba(0,0,0,1)",
            "family": "",
            "size": 11.689497716895
          },
          "title": {
            "text": "",
            "font": {
              "color": "rgba(0,0,0,1)",
              "family": "",
              "size": 14.6118721461187
            }
          }
        },
        "hovermode": "closest",
        "barmode": "relative"
      }
    },
    "messageType": "chronicDiseaseCohorts.report",
    "requestId": "2d92b96a-b579-4290-9ffb-a2be26509a7a",
    "cohortId": "c_edbee38d9f7f9c93ea8c706c6304b4e7"
  },
  "id": "050af563-565f-4079-a883-e9b162dbcd4a"
}