{
  "timestamp": "20240404175722814999",
  "request_id": "33831225-dbcc-4b88-911c-a6a280793830",
  "output_file": "data/outputs\\full_cohort_builder_with_export_all_reports\\0311123900831_genReport_lab.json",
  "expected_output_file": "data/expectations\\full_cohort_builder_with_export_all_reports\\0311123900831_genReport_lab.json",
  "diff": [
    {
      "path": [
        "data",
        0,
        "mean"
      ],
      "action": "values_changed",
      "value": 7.38574126724026,
      "old_value": 7.3845353470432
    },
    {
      "path": [
        "data",
        0,
        "sd"
      ],
      "action": "values_changed",
      "value": 1.68209897271811,
      "old_value": 1.65848289919056
    },
    {
      "path": [
        "data",
        0,
        "q10"
      ],
      "action": "values_changed",
      "value": 5.44380116462708,
      "old_value": 5.4185492515564
    },
    {
      "path": [
        "data",
        0,
        "q25"
      ],
      "action": "values_changed",
      "value": 6.19584774971008,
      "old_value": 6.19537127017975
    },
    {
      "path": [
        "data",
        0,
        "q50"
      ],
      "action": "values_changed",
      "value": 7.300936460495,
      "old_value": 7.30052590370178
    },
    {
      "path": [
        "data",
        0,
        "q75"
      ],
      "action": "values_changed",
      "value": 8.39972281455994,
      "old_value": 8.40175414085388
    },
    {
      "path": [
        "data",
        0,
        "q90"
      ],
      "action": "values_changed",
      "value": 9.39286966323853,
      "old_value": 9.39496622085571
    },
    {
      "path": [
        "data",
        1,
        "mean"
      ],
      "action": "values_changed",
      "value": 6.66855383205183,
      "old_value": 6.65053372457077
    },
    {
      "path": [
        "data",
        1,
        "sd"
      ],
      "action": "values_changed",
      "value": 1.5699064606158,
      "old_value": 1.54794558986711
    },
    {
      "path": [
        "data",
        1,
        "q10"
      ],
      "action": "values_changed",
      "value": 4.84702563285828,
      "old_value": 4.85301542282104
    },
    {
      "path": [
        "data",
        1,
        "q25"
      ],
      "action": "values_changed",
      "value": 5.50284457206726,
      "old_value": 5.50307095050812
    },
    {
      "path": [
        "data",
        1,
        "q50"
      ],
      "action": "values_changed",
      "value": 6.58017563819885,
      "old_value": 6.50900340080261
    },
    {
      "path": [
        "data",
        1,
        "q75"
      ],
      "action": "values_changed",
      "value": 7.68547189235687,
      "old_value": 7.60920417308807
    },
    {
      "path": [
        "data",
        1,
        "q90"
      ],
      "action": "values_changed",
      "value": 8.60048341751099,
      "old_value": 8.57128047943115
    },
    {
      "path": [
        "data",
        2,
        "mean"
      ],
      "action": "values_changed",
      "value": 7.38051978307985,
      "old_value": 7.38254284344664
    },
    {
      "path": [
        "data",
        2,
        "sd"
      ],
      "action": "values_changed",
      "value": 1.78536614971429,
      "old_value": 1.69725546309174
    },
    {
      "path": [
        "data",
        2,
        "q10"
      ],
      "action": "values_changed",
      "value": 5.40489416122437,
      "old_value": 5.4048173904419
    },
    {
      "path": [
        "data",
        2,
        "q25"
      ],
      "action": "values_changed",
      "value": 6.1089141368866,
      "old_value": 6.10885977745056
    },
    {
      "path": [
        "data",
        2,
        "q50"
      ],
      "action": "values_changed",
      "value": 7.30042219161987,
      "old_value": 7.30080842971802
    },
    {
      "path": [
        "data",
        2,
        "q75"
      ],
      "action": "values_changed",
      "value": 8.40067005157471,
      "old_value": 8.40132141113281
    },
    {
      "path": [
        "data",
        2,
        "q90"
      ],
      "action": "values_changed",
      "value": 9.39735107421875,
      "old_value": 9.39737968444824
    },
    {
      "path": [
        "data",
        3,
        "mean"
      ],
      "action": "values_changed",
      "value": 6.6684574500256,
      "old_value": 6.66301103581836
    },
    {
      "path": [
        "data",
        3,
        "sd"
      ],
      "action": "values_changed",
      "value": 1.58179583326296,
      "old_value": 1.55532912498757
    },
    {
      "path": [
        "data",
        3,
        "q10"
      ],
      "action": "values_changed",
      "value": 4.88491230010986,
      "old_value": 4.9000862121582
    },
    {
      "path": [
        "data",
        3,
        "q25"
      ],
      "action": "values_changed",
      "value": 5.50575160980225,
      "old_value": 5.50633335113525
    },
    {
      "path": [
        "data",
        3,
        "q50"
      ],
      "action": "values_changed",
      "value": 6.56336736679077,
      "old_value": 6.54568099975586
    },
    {
      "path": [
        "data",
        3,
        "q75"
      ],
      "action": "values_changed",
      "value": 7.65474081039429,
      "old_value": 7.61490368843079
    },
    {
      "path": [
        "data",
        3,
        "q90"
      ],
      "action": "values_changed",
      "value": 8.52000045776367,
      "old_value": 8.50959014892578
    },
    {
      "path": [
        "data",
        4,
        "mean"
      ],
      "action": "values_changed",
      "value": 7.38727245565314,
      "old_value": 7.36875387676256
    },
    {
      "path": [
        "data",
        4,
        "sd"
      ],
      "action": "values_changed",
      "value": 1.75046386157947,
      "old_value": 1.75171031197089
    },
    {
      "path": [
        "data",
        4,
        "q10"
      ],
      "action": "values_changed",
      "value": 5.40485391616821,
      "old_value": 5.4045069694519
    },
    {
      "path": [
        "data",
        4,
        "q25"
      ],
      "action": "values_changed",
      "value": 6.17554521560669,
      "old_value": 6.10972332954407
    },
    {
      "path": [
        "data",
        4,
        "q50"
      ],
      "action": "values_changed",
      "value": 7.30119180679321,
      "old_value": 7.30026197433472
    },
    {
      "path": [
        "data",
        4,
        "q75"
      ],
      "action": "values_changed",
      "value": 8.40146160125732,
      "old_value": 8.39779949188232
    },
    {
      "path": [
        "data",
        4,
        "q90"
      ],
      "action": "values_changed",
      "value": 9.39458351135254,
      "old_value": 9.39088706970215
    },
    {
      "path": [
        "data",
        5,
        "mean"
      ],
      "action": "values_changed",
      "value": 6.65812868918283,
      "old_value": 6.65171509714155
    },
    {
      "path": [
        "data",
        5,
        "sd"
      ],
      "action": "values_changed",
      "value": 1.55655289920914,
      "old_value": 1.56446986123525
    },
    {
      "path": [
        "data",
        5,
        "q10"
      ],
      "action": "values_changed",
      "value": 4.8434944152832,
      "old_value": 4.81294012069702
    },
    {
      "path": [
        "data",
        5,
        "q25"
      ],
      "action": "values_changed",
      "value": 5.50564861297607,
      "old_value": 5.5043625831604
    },
    {
      "path": [
        "data",
        5,
        "q50"
      ],
      "action": "values_changed",
      "value": 6.50929641723633,
      "old_value": 6.51639080047607
    },
    {
      "path": [
        "data",
        5,
        "q75"
      ],
      "action": "values_changed",
      "value": 7.60916137695312,
      "old_value": 7.60749530792236
    },
    {
      "path": [
        "data",
        5,
        "q90"
      ],
      "action": "values_changed",
      "value": 8.57076549530029,
      "old_value": 8.50978660583496
    },
    {
      "path": [
        "data",
        6,
        "mean"
      ],
      "action": "values_changed",
      "value": 7.35812625221787,
      "old_value": 7.35326122132239
    },
    {
      "path": [
        "data",
        6,
        "sd"
      ],
      "action": "values_changed",
      "value": 1.71577642336263,
      "old_value": 1.69580104249839
    },
    {
      "path": [
        "data",
        6,
        "q10"
      ],
      "action": "values_changed",
      "value": 5.40457997322082,
      "old_value": 5.42445077896118
    },
    {
      "path": [
        "data",
        6,
        "q25"
      ],
      "action": "values_changed",
      "value": 6.10751032829285,
      "old_value": 6.10890293121338
    },
    {
      "path": [
        "data",
        6,
        "q50"
      ],
      "action": "values_changed",
      "value": 7.28486204147339,
      "old_value": 7.30027222633362
    },
    {
      "path": [
        "data",
        6,
        "q75"
      ],
      "action": "values_changed",
      "value": 8.39548873901367,
      "old_value": 8.39146876335144
    },
    {
      "path": [
        "data",
        6,
        "q90"
      ],
      "action": "values_changed",
      "value": 9.30327444076538,
      "old_value": 9.303586769104
    },
    {
      "path": [
        "data",
        7,
        "mean"
      ],
      "action": "values_changed",
      "value": 6.7070165694736,
      "old_value": 6.69306333352089
    },
    {
      "path": [
        "data",
        7,
        "sd"
      ],
      "action": "values_changed",
      "value": 1.55844274108082,
      "old_value": 1.53726188949984
    },
    {
      "path": [
        "data",
        7,
        "q10"
      ],
      "action": "values_changed",
      "value": 4.90283966064453,
      "old_value": 4.90173006057739
    },
    {
      "path": [
        "data",
        7,
        "q25"
      ],
      "action": "values_changed",
      "value": 5.5273289680481,
      "old_value": 5.50963020324707
    },
    {
      "path": [
        "data",
        7,
        "q50"
      ],
      "action": "values_changed",
      "value": 6.60263252258301,
      "old_value": 6.59900665283203
    },
    {
      "path": [
        "data",
        7,
        "q75"
      ],
      "action": "values_changed",
      "value": 7.6974663734436,
      "old_value": 7.69609975814819
    },
    {
      "path": [
        "data",
        7,
        "q90"
      ],
      "action": "values_changed",
      "value": 8.60129642486572,
      "old_value": 8.60086822509766
    },
    {
      "path": [
        "data",
        10,
        "mean"
      ],
      "action": "values_changed",
      "value": 7.35574332826679,
      "old_value": 7.35087068517117
    },
    {
      "path": [
        "data",
        10,
        "sd"
      ],
      "action": "values_changed",
      "value": 1.71216451892432,
      "old_value": 1.67689060879454
    },
    {
      "path": [
        "data",
        10,
        "q10"
      ],
      "action": "values_changed",
      "value": 5.40433683395386,
      "old_value": 5.40426321029663
    },
    {
      "path": [
        "data",
        10,
        "q25"
      ],
      "action": "values_changed",
      "value": 6.10950791835785,
      "old_value": 6.10880136489868
    },
    {
      "path": [
        "data",
        10,
        "q50"
      ],
      "action": "values_changed",
      "value": 7.30049204826355,
      "old_value": 7.30099415779114
    },
    {
      "path": [
        "data",
        10,
        "q75"
      ],
      "action": "values_changed",
      "value": 8.38059687614441,
      "old_value": 8.36336994171143
    },
    {
      "path": [
        "data",
        10,
        "q90"
      ],
      "action": "values_changed",
      "value": 9.30300750732422,
      "old_value": 9.30295648574829
    },
    {
      "path": [
        "data",
        11,
        "mean"
      ],
      "action": "values_changed",
      "value": 6.7090566646155,
      "old_value": 6.69596017525819
    },
    {
      "path": [
        "data",
        11,
        "sd"
      ],
      "action": "values_changed",
      "value": 1.54502885256441,
      "old_value": 1.54523709364437
    },
    {
      "path": [
        "data",
        11,
        "q10"
      ],
      "action": "values_changed",
      "value": 4.90221786499023,
      "old_value": 4.90154647827148
    },
    {
      "path": [
        "data",
        11,
        "q25"
      ],
      "action": "values_changed",
      "value": 5.59401178359985,
      "old_value": 5.55362319946289
    },
    {
      "path": [
        "data",
        11,
        "q50"
      ],
      "action": "values_changed",
      "value": 6.60188436508179,
      "old_value": 6.6018590927124
    },
    {
      "path": [
        "data",
        11,
        "q75"
      ],
      "action": "values_changed",
      "value": 7.69661068916321,
      "old_value": 7.6969153881073
    },
    {
      "path": [
        "data",
        11,
        "q90"
      ],
      "action": "values_changed",
      "value": 8.60180854797363,
      "old_value": 8.59966659545898
    },
    {
      "path": [
        "data",
        12,
        "mean"
      ],
      "action": "values_changed",
      "value": 7.22307184094288,
      "old_value": 7.29109033991079
    },
    {
      "path": [
        "data",
        12,
        "sd"
      ],
      "action": "values_changed",
      "value": 1.53674621053424,
      "old_value": 1.76105970094447
    },
    {
      "path": [
        "data",
        12,
        "q10"
      ],
      "action": "values_changed",
      "value": 5.4517716884613,
      "old_value": 5.44032096862793
    },
    {
      "path": [
        "data",
        12,
        "q25"
      ],
      "action": "values_changed",
      "value": 6.30213415622711,
      "old_value": 6.20739471912384
    },
    {
      "path": [
        "data",
        12,
        "q75"
      ],
      "action": "values_changed",
      "value": 7.97591686248779,
      "old_value": 8.07732129096985
    },
    {
      "path": [
        "data",
        12,
        "q90"
      ],
      "action": "values_changed",
      "value": 8.89790983200073,
      "old_value": 9.38340854644775
    },
    {
      "path": [
        "data",
        13,
        "mean"
      ],
      "action": "values_changed",
      "value": 6.46406012393059,
      "old_value": 6.82226196248481
    },
    {
      "path": [
        "data",
        13,
        "sd"
      ],
      "action": "values_changed",
      "value": 1.28494765204334,
      "old_value": 1.42371680719093
    },
    {
      "path": [
        "data",
        13,
        "q10"
      ],
      "action": "values_changed",
      "value": 4.96234378814697,
      "old_value": 5.22056274414062
    },
    {
      "path": [
        "data",
        13,
        "q25"
      ],
      "action": "values_changed",
      "value": 5.55236148834229,
      "old_value": 5.60768151283264
    },
    {
      "path": [
        "data",
        13,
        "q50"
      ],
      "action": "values_changed",
      "value": 6.40463066101074,
      "old_value": 6.59630346298218
    },
    {
      "path": [
        "data",
        13,
        "q75"
      ],
      "action": "values_changed",
      "value": 7.30060982704163,
      "old_value": 7.5636773109436
    },
    {
      "path": [
        "data",
        13,
        "q90"
      ],
      "action": "values_changed",
      "value": 7.70998430252075,
      "old_value": 8.52315311431885
    },
    {
      "path": [
        "data",
        14,
        "mean"
      ],
      "action": "values_changed",
      "value": 7.32618507976059,
      "old_value": 7.34661309483373
    },
    {
      "path": [
        "data",
        14,
        "sd"
      ],
      "action": "values_changed",
      "value": 1.88885841650676,
      "old_value": 1.82276887840741
    },
    {
      "path": [
        "data",
        14,
        "q10"
      ],
      "action": "values_changed",
      "value": 5.40365123748779,
      "old_value": 5.40409736633301
    },
    {
      "path": [
        "data",
        14,
        "q25"
      ],
      "action": "values_changed",
      "value": 6.10524117946625,
      "old_value": 6.10840284824371
    },
    {
      "path": [
        "data",
        14,
        "q50"
      ],
      "action": "values_changed",
      "value": 7.20670104026794,
      "old_value": 7.28027653694153
    },
    {
      "path": [
        "data",
        14,
        "q75"
      ],
      "action": "values_changed",
      "value": 8.30674004554749,
      "old_value": 8.30998373031616
    },
    {
      "path": [
        "data",
        14,
        "q90"
      ],
      "action": "values_changed",
      "value": 9.23336992263794,
      "old_value": 9.3016713142395
    },
    {
      "path": [
        "data",
        15,
        "mean"
      ],
      "action": "values_changed",
      "value": 6.7221727856843,
      "old_value": 6.85304890038761
    },
    {
      "path": [
        "data",
        15,
        "sd"
      ],
      "action": "values_changed",
      "value": 1.56860022020892,
      "old_value": 26.4051800506905
    },
    {
      "path": [
        "data",
        15,
        "q10"
      ],
      "action": "values_changed",
      "value": 4.90269379615784,
      "old_value": 4.90307679176331
    },
    {
      "path": [
        "data",
        15,
        "q25"
      ],
      "action": "values_changed",
      "value": 5.56280553340912,
      "old_value": 5.59531152248383
    },
    {
      "path": [
        "data",
        15,
        "q50"
      ],
      "action": "values_changed",
      "value": 6.60773396492004,
      "old_value": 6.60694861412048
    },
    {
      "path": [
        "data",
        15,
        "q75"
      ],
      "action": "values_changed",
      "value": 7.70085895061493,
      "old_value": 7.69944798946381
    },
    {
      "path": [
        "data",
        15,
        "q90"
      ],
      "action": "values_changed",
      "value": 8.60142869949341,
      "old_value": 8.60176448822022
    },
    {
      "path": [
        "data",
        16,
        "mean"
      ],
      "action": "values_changed",
      "value": 7.35958413917477,
      "old_value": 7.33303878287307
    },
    {
      "path": [
        "data",
        16,
        "sd"
      ],
      "action": "values_changed",
      "value": 2.01419815849841,
      "old_value": 1.79155861542471
    },
    {
      "path": [
        "data",
        16,
        "q10"
      ],
      "action": "values_changed",
      "value": 5.38006925582886,
      "old_value": 5.48180017471313
    },
    {
      "path": [
        "data",
        16,
        "q25"
      ],
      "action": "values_changed",
      "value": 5.99953699111938,
      "old_value": 6.15198087692261
    },
    {
      "path": [
        "data",
        16,
        "q50"
      ],
      "action": "values_changed",
      "value": 6.90235567092896,
      "old_value": 7.20391321182251
    },
    {
      "path": [
        "data",
        16,
        "q75"
      ],
      "action": "values_changed",
      "value": 8.2398509979248,
      "old_value": 8.26866340637207
    },
    {
      "path": [
        "data",
        16,
        "q90"
      ],
      "action": "values_changed",
      "value": 9.5159574508667,
      "old_value": 9.30060367584228
    },
    {
      "path": [
        "data",
        17,
        "mean"
      ],
      "action": "values_changed",
      "value": 6.87390988667806,
      "old_value": 6.69668905470106
    },
    {
      "path": [
        "data",
        17,
        "sd"
      ],
      "action": "values_changed",
      "value": 1.63524277677174,
      "old_value": 1.45893175770873
    },
    {
      "path": [
        "data",
        17,
        "q10"
      ],
      "action": "values_changed",
      "value": 5.0123893737793,
      "old_value": 5.04125242233276
    },
    {
      "path": [
        "data",
        17,
        "q25"
      ],
      "action": "values_changed",
      "value": 5.70469617843628,
      "old_value": 5.73749494552612
    },
    {
      "path": [
        "data",
        17,
        "q50"
      ],
      "action": "values_changed",
      "value": 6.6040244102478,
      "old_value": 6.59817171096802
    },
    {
      "path": [
        "data",
        17,
        "q75"
      ],
      "action": "values_changed",
      "value": 7.95754909515381,
      "old_value": 7.50434732437134
    },
    {
      "path": [
        "data",
        17,
        "q90"
      ],
      "action": "values_changed",
      "value": 8.96557559967041,
      "old_value": 8.89723300933838
    },
    {
      "path": [
        "data",
        18,
        "mean"
      ],
      "action": "values_changed",
      "value": 7.33694207380566,
      "old_value": 7.32747633313244
    },
    {
      "path": [
        "data",
        18,
        "sd"
      ],
      "action": "values_changed",
      "value": 1.97839089925928,
      "old_value": 1.69114099942243
    },
    {
      "path": [
        "data",
        18,
        "q10"
      ],
      "action": "values_changed",
      "value": 5.40290307998657,
      "old_value": 5.40333676338196
    },
    {
      "path": [
        "data",
        18,
        "q25"
      ],
      "action": "values_changed",
      "value": 6.10187113285065,
      "old_value": 6.1023895740509
    },
    {
      "path": [
        "data",
        18,
        "q50"
      ],
      "action": "values_changed",
      "value": 7.23000478744507,
      "old_value": 7.20870161056519
    },
    {
      "path": [
        "data",
        18,
        "q75"
      ],
      "action": "values_changed",
      "value": 8.31800937652588,
      "old_value": 8.30875658988953
    },
    {
      "path": [
        "data",
        18,
        "q90"
      ],
      "action": "values_changed",
      "value": 9.30124807357788,
      "old_value": 9.30106735229492
    },
    {
      "path": [
        "data",
        19,
        "mean"
      ],
      "action": "values_changed",
      "value": 6.73139120681298,
      "old_value": 6.73881013747029
    },
    {
      "path": [
        "data",
        19,
        "sd"
      ],
      "action": "values_changed",
      "value": 1.55997183943799,
      "old_value": 1.57379274988589
    },
    {
      "path": [
        "data",
        19,
        "q10"
      ],
      "action": "values_changed",
      "value": 4.90379753112793,
      "old_value": 4.90385522842407
    },
    {
      "path": [
        "data",
        19,
        "q25"
      ],
      "action": "values_changed",
      "value": 5.59754753112793,
      "old_value": 5.60092067718506
    },
    {
      "path": [
        "data",
        19,
        "q50"
      ],
      "action": "values_changed",
      "value": 6.60972023010254,
      "old_value": 6.63388061523438
    },
    {
      "path": [
        "data",
        19,
        "q75"
      ],
      "action": "values_changed",
      "value": 7.70104551315308,
      "old_value": 7.70048189163208
    },
    {
      "path": [
        "data",
        19,
        "q90"
      ],
      "action": "values_changed",
      "value": 8.6022331237793,
      "old_value": 8.60200157165527
    },
    {
      "path": [
        "data",
        20,
        "mean"
      ],
      "action": "values_changed",
      "value": 7.28338139876723,
      "old_value": 7.36681575328112
    },
    {
      "path": [
        "data",
        20,
        "sd"
      ],
      "action": "values_changed",
      "value": 1.60635385210644,
      "old_value": 1.75582852554575
    },
    {
      "path": [
        "data",
        20,
        "q10"
      ],
      "action": "values_changed",
      "value": 5.56903915405273,
      "old_value": 5.30535950660706
    },
    {
      "path": [
        "data",
        20,
        "q25"
      ],
      "action": "values_changed",
      "value": 6.00377130508423,
      "old_value": 6.10181272029877
    },
    {
      "path": [
        "data",
        20,
        "q50"
      ],
      "action": "values_changed",
      "value": 7.20215058326721,
      "old_value": 7.23855805397034
    },
    {
      "path": [
        "data",
        20,
        "q75"
      ],
      "action": "values_changed",
      "value": 8.32679486274719,
      "old_value": 8.60107326507568
    },
    {
      "path": [
        "data",
        20,
        "q90"
      ],
      "action": "values_changed",
      "value": 8.89794330596924,
      "old_value": 9.28882751464844
    },
    {
      "path": [
        "data",
        21,
        "mean"
      ],
      "action": "values_changed",
      "value": 6.48775379330504,
      "old_value": 6.44846410377353
    },
    {
      "path": [
        "data",
        21,
        "sd"
      ],
      "action": "values_changed",
      "value": 1.23968562244738,
      "old_value": 1.43398863930506
    },
    {
      "path": [
        "data",
        21,
        "q10"
      ],
      "action": "values_changed",
      "value": 4.90294790267944,
      "old_value": 4.90197229385376
    },
    {
      "path": [
        "data",
        21,
        "q25"
      ],
      "action": "values_changed",
      "value": 5.50803709030151,
      "old_value": 5.50159215927124
    },
    {
      "path": [
        "data",
        21,
        "q50"
      ],
      "action": "values_changed",
      "value": 6.36476993560791,
      "old_value": 6.27277851104736
    },
    {
      "path": [
        "data",
        21,
        "q75"
      ],
      "action": "values_changed",
      "value": 7.21385526657104,
      "old_value": 7.30385851860046
    },
    {
      "path": [
        "data",
        22,
        "mean"
      ],
      "action": "values_changed",
      "value": 7.30007306993823,
      "old_value": 7.31860219124743
    },
    {
      "path": [
        "data",
        22,
        "sd"
      ],
      "action": "values_changed",
      "value": 1.7321513266244,
      "old_value": 1.78055457180978
    },
    {
      "path": [
        "data",
        22,
        "q10"
      ],
      "action": "values_changed",
      "value": 5.40205554962158,
      "old_value": 5.40349540710449
    },
    {
      "path": [
        "data",
        22,
        "q25"
      ],
      "action": "values_changed",
      "value": 6.0987811088562,
      "old_value": 6.10196900367737
    },
    {
      "path": [
        "data",
        22,
        "q50"
      ],
      "action": "values_changed",
      "value": 7.20757389068604,
      "old_value": 7.2072286605835
    },
    {
      "path": [
        "data",
        22,
        "q75"
      ],
      "action": "values_changed",
      "value": 8.30489349365234,
      "old_value": 8.30530881881714
    },
    {
      "path": [
        "data",
        22,
        "q90"
      ],
      "action": "values_changed",
      "value": 9.20275917053223,
      "old_value": 9.20419960021973
    },
    {
      "path": [
        "data",
        23,
        "mean"
      ],
      "action": "values_changed",
      "value": 6.72591297617812,
      "old_value": 6.72669019949457
    },
    {
      "path": [
        "data",
        23,
        "sd"
      ],
      "action": "values_changed",
      "value": 1.55263213931929,
      "old_value": 1.53836724307598
    },
    {
      "path": [
        "data",
        23,
        "q10"
      ],
      "action": "values_changed",
      "value": 4.90324392318726,
      "old_value": 4.90378847122192
    },
    {
      "path": [
        "data",
        23,
        "q25"
      ],
      "action": "values_changed",
      "value": 5.59553670883179,
      "old_value": 5.59678363800049
    },
    {
      "path": [
        "data",
        23,
        "q50"
      ],
      "action": "values_changed",
      "value": 6.60903263092041,
      "old_value": 6.61958885192871
    },
    {
      "path": [
        "data",
        23,
        "q75"
      ],
      "action": "values_changed",
      "value": 7.70023107528687,
      "old_value": 7.70062589645386
    },
    {
      "path": [
        "data",
        23,
        "q90"
      ],
      "action": "values_changed",
      "value": 8.60322742462158,
      "old_value": 8.60266647338867
    },
    {
      "path": [
        "data",
        24,
        "mean"
      ],
      "action": "values_changed",
      "value": 7.36157542687875,
      "old_value": 7.31599854010123
    },
    {
      "path": [
        "data",
        24,
        "sd"
      ],
      "action": "values_changed",
      "value": 1.82561916843142,
      "old_value": 1.61545788519378
    },
    {
      "path": [
        "data",
        24,
        "q10"
      ],
      "action": "values_changed",
      "value": 5.42134494781494,
      "old_value": 5.50224561691284
    },
    {
      "path": [
        "data",
        24,
        "q25"
      ],
      "action": "values_changed",
      "value": 6.04443883895874,
      "old_value": 6.14613509178162
    },
    {
      "path": [
        "data",
        24,
        "q50"
      ],
      "action": "values_changed",
      "value": 7.12892436981201,
      "old_value": 7.10038137435913
    },
    {
      "path": [
        "data",
        24,
        "q75"
      ],
      "action": "values_changed",
      "value": 8.44985103607178,
      "old_value": 8.40168714523315
    },
    {
      "path": [
        "data",
        24,
        "q90"
      ],
      "action": "values_changed",
      "value": 9.5587121963501,
      "old_value": 9.41949710845947
    },
    {
      "path": [
        "data",
        25,
        "mean"
      ],
      "action": "values_changed",
      "value": 6.36867500726993,
      "old_value": 6.84947123894325
    },
    {
      "path": [
        "data",
        25,
        "sd"
      ],
      "action": "values_changed",
      "value": 1.28276359921357,
      "old_value": 1.42871404045478
    },
    {
      "path": [
        "data",
        25,
        "q10"
      ],
      "action": "values_changed",
      "value": 4.71841144561768,
      "old_value": 5.09974040985107
    },
    {
      "path": [
        "data",
        25,
        "q25"
      ],
      "action": "values_changed",
      "value": 5.45400261878967,
      "old_value": 5.67279672622681
    },
    {
      "path": [
        "data",
        25,
        "q50"
      ],
      "action": "values_changed",
      "value": 6.19531321525574,
      "old_value": 6.80338168144226
    },
    {
      "path": [
        "data",
        25,
        "q75"
      ],
      "action": "values_changed",
      "value": 7.42482674121857,
      "old_value": 7.94192957878113
    },
    {
      "path": [
        "data",
        25,
        "q90"
      ],
      "action": "values_changed",
      "value": 8.09813995361328,
      "old_value": 8.76875791549683
    },
    {
      "path": [
        "data",
        26,
        "mean"
      ],
      "action": "values_changed",
      "value": 7.30528296398206,
      "old_value": 7.29522035068093
    },
    {
      "path": [
        "data",
        26,
        "sd"
      ],
      "action": "values_changed",
      "value": 1.69285834806189,
      "old_value": 1.73402048761892
    },
    {
      "path": [
        "data",
        26,
        "q10"
      ],
      "action": "values_changed",
      "value": 5.40308885574341,
      "old_value": 5.40243291854858
    },
    {
      "path": [
        "data",
        26,
        "q25"
      ],
      "action": "values_changed",
      "value": 6.10011672973633,
      "old_value": 6.09823989868164
    },
    {
      "path": [
        "data",
        26,
        "q50"
      ],
      "action": "values_changed",
      "value": 7.20215559005737,
      "old_value": 7.2020583152771
    },
    {
      "path": [
        "data",
        26,
        "q75"
      ],
      "action": "values_changed",
      "value": 8.30482578277588,
      "old_value": 8.30207061767578
    },
    {
      "path": [
        "data",
        26,
        "q90"
      ],
      "action": "values_changed",
      "value": 9.218186378479,
      "old_value": 9.20424842834473
    },
    {
      "path": [
        "data",
        27,
        "mean"
      ],
      "action": "values_changed",
      "value": 6.74891882870684,
      "old_value": 6.7486812078806
    },
    {
      "path": [
        "data",
        27,
        "sd"
      ],
      "action": "values_changed",
      "value": 1.56861311654518,
      "old_value": 1.59342186235651
    },
    {
      "path": [
        "data",
        27,
        "q10"
      ],
      "action": "values_changed",
      "value": 4.90445647239685,
      "old_value": 4.90373134613037
    },
    {
      "path": [
        "data",
        27,
        "q25"
      ],
      "action": "values_changed",
      "value": 5.60055983066559,
      "old_value": 5.59687447547913
    },
    {
      "path": [
        "data",
        27,
        "q50"
      ],
      "action": "values_changed",
      "value": 6.69697308540344,
      "old_value": 6.67655658721924
    },
    {
      "path": [
        "data",
        27,
        "q75"
      ],
      "action": "values_changed",
      "value": 7.70370948314667,
      "old_value": 7.70309555530548
    },
    {
      "path": [
        "data",
        27,
        "q90"
      ],
      "action": "values_changed",
      "value": 8.6029842376709,
      "old_value": 8.60368795394897
    },
    {
      "path": [
        "data",
        28,
        "mean"
      ],
      "action": "values_changed",
      "value": 7.1574854986042,
      "old_value": 7.34771168823783
    },
    {
      "path": [
        "data",
        28,
        "sd"
      ],
      "action": "values_changed",
      "value": 1.65908979962633,
      "old_value": 1.89751373056329
    },
    {
      "path": [
        "data",
        28,
        "q10"
      ],
      "action": "values_changed",
      "value": 5.30140018463135,
      "old_value": 5.30375003814697
    },
    {
      "path": [
        "data",
        28,
        "q25"
      ],
      "action": "values_changed",
      "value": 5.90000009536743,
      "old_value": 6.09855031967163
    },
    {
      "path": [
        "data",
        28,
        "q50"
      ],
      "action": "values_changed",
      "value": 7.09963512420654,
      "old_value": 7.20993947982788
    },
    {
      "path": [
        "data",
        28,
        "q75"
      ],
      "action": "values_changed",
      "value": 8.30304622650146,
      "old_value": 8.3028736114502
    },
    {
      "path": [
        "data",
        28,
        "q90"
      ],
      "action": "values_changed",
      "value": 9.19774150848389,
      "old_value": 9.07607173919678
    },
    {
      "path": [
        "data",
        29,
        "mean"
      ],
      "action": "values_changed",
      "value": 6.83042391777039,
      "old_value": 6.97683233261108
    },
    {
      "path": [
        "data",
        29,
        "sd"
      ],
      "action": "values_changed",
      "value": 1.69771976647397,
      "old_value": 1.55545770892284
    },
    {
      "path": [
        "data",
        29,
        "q10"
      ],
      "action": "values_changed",
      "value": 5.09905614852905,
      "old_value": 5.10498538017273
    },
    {
      "path": [
        "data",
        29,
        "q25"
      ],
      "action": "values_changed",
      "value": 5.622318983078,
      "old_value": 5.52806985378265
    },
    {
      "path": [
        "data",
        29,
        "q50"
      ],
      "action": "values_changed",
      "value": 6.61870956420898,
      "old_value": 6.90554189682007
    },
    {
      "path": [
        "data",
        29,
        "q75"
      ],
      "action": "values_changed",
      "value": 7.87578117847443,
      "old_value": 8.25659823417664
    },
    {
      "path": [
        "data",
        29,
        "q90"
      ],
      "action": "values_changed",
      "value": 8.80873041152954,
      "old_value": 8.86191234588623
    },
    {
      "path": [
        "data",
        30,
        "mean"
      ],
      "action": "values_changed",
      "value": 7.29246447305521,
      "old_value": 7.28088038580311
    },
    {
      "path": [
        "data",
        30,
        "sd"
      ],
      "action": "values_changed",
      "value": 1.78876354148901,
      "old_value": 1.65087882656039
    },
    {
      "path": [
        "data",
        30,
        "q10"
      ],
      "action": "values_changed",
      "value": 5.40040802955627,
      "old_value": 5.40160655975342
    },
    {
      "path": [
        "data",
        30,
        "q25"
      ],
      "action": "values_changed",
      "value": 6.09851896762848,
      "old_value": 6.09685719013214
    },
    {
      "path": [
        "data",
        30,
        "q50"
      ],
      "action": "values_changed",
      "value": 7.20545983314514,
      "old_value": 7.20073986053467
    },
    {
      "path": [
        "data",
        30,
        "q75"
      ],
      "action": "values_changed",
      "value": 8.30416083335876,
      "old_value": 8.30276823043823
    },
    {
      "path": [
        "data",
        30,
        "q90"
      ],
      "action": "values_changed",
      "value": 9.19913053512573,
      "old_value": 9.20175933837891
    },
    {
      "path": [
        "data",
        31,
        "mean"
      ],
      "action": "values_changed",
      "value": 6.76586619879847,
      "old_value": 6.77028651234161
    },
    {
      "path": [
        "data",
        31,
        "sd"
      ],
      "action": "values_changed",
      "value": 1.55196848657372,
      "old_value": 1.56110096612522
    },
    {
      "path": [
        "data",
        31,
        "q10"
      ],
      "action": "values_changed",
      "value": 4.9047287940979,
      "old_value": 4.90490350723267
    },
    {
      "path": [
        "data",
        31,
        "q25"
      ],
      "action": "values_changed",
      "value": 5.60304069519043,
      "old_value": 5.60428619384766
    },
    {
      "path": [
        "data",
        31,
        "q50"
      ],
      "action": "values_changed",
      "value": 6.69743680953979,
      "old_value": 6.69708728790283
    },
    {
      "path": [
        "data",
        31,
        "q75"
      ],
      "action": "values_changed",
      "value": 7.78166961669922,
      "old_value": 7.78207111358643
    },
    {
      "path": [
        "data",
        31,
        "q90"
      ],
      "action": "values_changed",
      "value": 8.67536296844482,
      "old_value": 8.655153465271
    }
  ]
}