{
  "data": {
    "type": "lab",
    "data": [
      {
        "track": "lab.101",
        "dtime": "[-5,-4)",
        "dt": -4.5,
        "group": "control",
        "age": "[60,70)",
        "sex": "male",
        "count": 12458,
        "mean": 7.3845353470432,
        "sd": 1.65848289919056,
        "q10": 5.4185492515564,
        "q25": 6.19537127017975,
        "q50": 7.30052590370178,
        "q75": 8.40175414085388,
        "q90": 9.39496622085571
      },
      {
        "track": "lab.101",
        "dtime": "[-5,-4)",
        "dt": -4.5,
        "group": "control",
        "age": "[60,70)",
        "sex": "female",
        "count": 13636,
        "mean": 6.65053372457077,
        "sd": 1.54794558986711,
        "q10": 4.85301542282104,
        "q25": 5.50307095050812,
        "q50": 6.50900340080261,
        "q75": 7.60920417308807,
        "q90": 8.57128047943115
      },
      {
        "track": "lab.101",
        "dtime": "[-4,-3)",
        "dt": -3.5,
        "group": "control",
        "age": "[60,70)",
        "sex": "male",
        "count": 21147,
        "mean": 7.38254284344664,
        "sd": 1.69725546309174,
        "q10": 5.4048173904419,
        "q25": 6.10885977745056,
        "q50": 7.30080842971802,
        "q75": 8.40132141113281,
        "q90": 9.39737968444824
      },
      {
        "track": "lab.101",
        "dtime": "[-4,-3)",
        "dt": -3.5,
        "group": "control",
        "age": "[60,70)",
        "sex": "female",
        "count": 22983,
        "mean": 6.66301103581836,
        "sd": 1.55532912498757,
        "q10": 4.9000862121582,
        "q25": 5.50633335113525,
        "q50": 6.54568099975586,
        "q75": 7.61490368843079,
        "q90": 8.50959014892578
      },
      {
        "track": "lab.101",
        "dtime": "[-3,-2)",
        "dt": -2.5,
        "group": "control",
        "age": "[60,70)",
        "sex": "male",
        "count": 31243,
        "mean": 7.36875387676256,
        "sd": 1.75171031197089,
        "q10": 5.4045069694519,
        "q25": 6.10972332954407,
        "q50": 7.30026197433472,
        "q75": 8.39779949188232,
        "q90": 9.39088706970215
      },
      {
        "track": "lab.101",
        "dtime": "[-3,-2)",
        "dt": -2.5,
        "group": "control",
        "age": "[60,70)",
        "sex": "female",
        "count": 33441,
        "mean": 6.65171509714155,
        "sd": 1.56446986123525,
        "q10": 4.81294012069702,
        "q25": 5.5043625831604,
        "q50": 6.51639080047607,
        "q75": 7.60749530792236,
        "q90": 8.50978660583496
      },
      {
        "track": "lab.101",
        "dtime": "[-2,-1)",
        "dt": -1.5,
        "group": "control",
        "age": "[60,70)",
        "sex": "male",
        "count": 34338,
        "mean": 7.35326122132239,
        "sd": 1.69580104249839,
        "q10": 5.42445077896118,
        "q25": 6.10890293121338,
        "q50": 7.30027222633362,
        "q75": 8.39146876335144,
        "q90": 9.303586769104
      },
      {
        "track": "lab.101",
        "dtime": "[-2,-1)",
        "dt": -1.5,
        "group": "control",
        "age": "[60,70)",
        "sex": "female",
        "count": 36821,
        "mean": 6.69306333352089,
        "sd": 1.53726188949984,
        "q10": 4.90173006057739,
        "q25": 5.50963020324707,
        "q50": 6.59900665283203,
        "q75": 7.69609975814819,
        "q90": 8.60086822509766
      },
      {
        "track": "lab.101",
        "dtime": "[-1,0)",
        "dt": -0.5,
        "group": "cohort",
        "age": "[60,70)",
        "sex": "male",
        "count": 65,
        "mean": 7.39432499592121,
        "sd": 1.82616336865563,
        "q10": 5.54432668685913,
        "q25": 6.30329751968384,
        "q50": 7.10024833679199,
        "q75": 8.00199413299561,
        "q90": 9.46165390014648
      },
      {
        "track": "lab.101",
        "dtime": "[-1,0)",
        "dt": -0.5,
        "group": "cohort",
        "age": "[60,70)",
        "sex": "female",
        "count": 24,
        "mean": 6.48053675889969,
        "sd": 1.30641878580511,
        "q10": 4.93196754455566,
        "q25": 5.50660288333893,
        "q50": 6.50497674942017,
        "q75": 7.22805964946747,
        "q90": 7.82473783493042
      },
      {
        "track": "lab.101",
        "dtime": "[-1,0)",
        "dt": -0.5,
        "group": "control",
        "age": "[60,70)",
        "sex": "male",
        "count": 34980,
        "mean": 7.35087068517117,
        "sd": 1.67689060879454,
        "q10": 5.40426321029663,
        "q25": 6.10880136489868,
        "q50": 7.30099415779114,
        "q75": 8.36336994171143,
        "q90": 9.30295648574829
      },
      {
        "track": "lab.101",
        "dtime": "[-1,0)",
        "dt": -0.5,
        "group": "control",
        "age": "[60,70)",
        "sex": "female",
        "count": 37591,
        "mean": 6.69596017525819,
        "sd": 1.54523709364437,
        "q10": 4.90154647827148,
        "q25": 5.55362319946289,
        "q50": 6.6018590927124,
        "q75": 7.6969153881073,
        "q90": 8.59966659545898
      },
      {
        "track": "lab.101",
        "dtime": "[0,1)",
        "dt": 0.5,
        "group": "cohort",
        "age": "[60,70)",
        "sex": "male",
        "count": 122,
        "mean": 7.29109033991079,
        "sd": 1.76105970094447,
        "q10": 5.44032096862793,
        "q25": 6.20739471912384,
        "q50": 7.06331276893616,
        "q75": 8.07732129096985,
        "q90": 9.38340854644775
      },
      {
        "track": "lab.101",
        "dtime": "[0,1)",
        "dt": 0.5,
        "group": "cohort",
        "age": "[60,70)",
        "sex": "female",
        "count": 47,
        "mean": 6.82226196248481,
        "sd": 1.42371680719093,
        "q10": 5.22056274414062,
        "q25": 5.60768151283264,
        "q50": 6.59630346298218,
        "q75": 7.5636773109436,
        "q90": 8.52315311431885
      },
      {
        "track": "lab.101",
        "dtime": "[0,1)",
        "dt": 0.5,
        "group": "control",
        "age": "[60,70)",
        "sex": "male",
        "count": 35250,
        "mean": 7.34661309483373,
        "sd": 1.82276887840741,
        "q10": 5.40409736633301,
        "q25": 6.10840284824371,
        "q50": 7.28027653694153,
        "q75": 8.30998373031616,
        "q90": 9.3016713142395
      },
      {
        "track": "lab.101",
        "dtime": "[0,1)",
        "dt": 0.5,
        "group": "control",
        "age": "[60,70)",
        "sex": "female",
        "count": 37770,
        "mean": 6.85304890038761,
        "sd": 26.4051800506905,
        "q10": 4.90307679176331,
        "q25": 5.59531152248383,
        "q50": 6.60694861412048,
        "q75": 7.69944798946381,
        "q90": 8.60176448822022
      },
      {
        "track": "lab.101",
        "dtime": "[1,2)",
        "dt": 1.5,
        "group": "cohort",
        "age": "[60,70)",
        "sex": "male",
        "count": 119,
        "mean": 7.33303878287307,
        "sd": 1.79155861542471,
        "q10": 5.48180017471313,
        "q25": 6.15198087692261,
        "q50": 7.20391321182251,
        "q75": 8.26866340637207,
        "q90": 9.30060367584228
      },
      {
        "track": "lab.101",
        "dtime": "[1,2)",
        "dt": 1.5,
        "group": "cohort",
        "age": "[60,70)",
        "sex": "female",
        "count": 45,
        "mean": 6.69668905470106,
        "sd": 1.45893175770873,
        "q10": 5.04125242233276,
        "q25": 5.73749494552612,
        "q50": 6.59817171096802,
        "q75": 7.50434732437134,
        "q90": 8.89723300933838
      },
      {
        "track": "lab.101",
        "dtime": "[1,2)",
        "dt": 1.5,
        "group": "control",
        "age": "[60,70)",
        "sex": "male",
        "count": 32556,
        "mean": 7.32747633313244,
        "sd": 1.69114099942243,
        "q10": 5.40333676338196,
        "q25": 6.1023895740509,
        "q50": 7.20870161056519,
        "q75": 8.30875658988953,
        "q90": 9.30106735229492
      },
      {
        "track": "lab.101",
        "dtime": "[1,2)",
        "dt": 1.5,
        "group": "control",
        "age": "[60,70)",
        "sex": "female",
        "count": 36205,
        "mean": 6.73881013747029,
        "sd": 1.57379274988589,
        "q10": 4.90385522842407,
        "q25": 5.60092067718506,
        "q50": 6.63388061523438,
        "q75": 7.70048189163208,
        "q90": 8.60200157165527
      },
      {
        "track": "lab.101",
        "dtime": "[2,3)",
        "dt": 2.5,
        "group": "cohort",
        "age": "[60,70)",
        "sex": "male",
        "count": 128,
        "mean": 7.36681575328112,
        "sd": 1.75582852554575,
        "q10": 5.30535950660706,
        "q25": 6.10181272029877,
        "q50": 7.23855805397034,
        "q75": 8.60107326507568,
        "q90": 9.28882751464844
      },
      {
        "track": "lab.101",
        "dtime": "[2,3)",
        "dt": 2.5,
        "group": "cohort",
        "age": "[60,70)",
        "sex": "female",
        "count": 51,
        "mean": 6.44846410377353,
        "sd": 1.43398863930506,
        "q10": 4.90197229385376,
        "q25": 5.50159215927124,
        "q50": 6.27277851104736,
        "q75": 7.30385851860046,
        "q90": 8.20991611480713
      },
      {
        "track": "lab.101",
        "dtime": "[2,3)",
        "dt": 2.5,
        "group": "control",
        "age": "[60,70)",
        "sex": "male",
        "count": 30059,
        "mean": 7.31860219124743,
        "sd": 1.78055457180978,
        "q10": 5.40349540710449,
        "q25": 6.10196900367737,
        "q50": 7.2072286605835,
        "q75": 8.30530881881714,
        "q90": 9.20419960021973
      },
      {
        "track": "lab.101",
        "dtime": "[2,3)",
        "dt": 2.5,
        "group": "control",
        "age": "[60,70)",
        "sex": "female",
        "count": 34459,
        "mean": 6.72669019949457,
        "sd": 1.53836724307598,
        "q10": 4.90378847122192,
        "q25": 5.59678363800049,
        "q50": 6.61958885192871,
        "q75": 7.70062589645386,
        "q90": 8.60266647338867
      },
      {
        "track": "lab.101",
        "dtime": "[3,4)",
        "dt": 3.5,
        "group": "cohort",
        "age": "[60,70)",
        "sex": "male",
        "count": 135,
        "mean": 7.31599854010123,
        "sd": 1.61545788519378,
        "q10": 5.50224561691284,
        "q25": 6.14613509178162,
        "q50": 7.10038137435913,
        "q75": 8.40168714523315,
        "q90": 9.41949710845947
      },
      {
        "track": "lab.101",
        "dtime": "[3,4)",
        "dt": 3.5,
        "group": "cohort",
        "age": "[60,70)",
        "sex": "female",
        "count": 52,
        "mean": 6.84947123894325,
        "sd": 1.42871404045478,
        "q10": 5.09974040985107,
        "q25": 5.67279672622681,
        "q50": 6.80338168144226,
        "q75": 7.94192957878113,
        "q90": 8.76875791549683
      },
      {
        "track": "lab.101",
        "dtime": "[3,4)",
        "dt": 3.5,
        "group": "control",
        "age": "[60,70)",
        "sex": "male",
        "count": 27773,
        "mean": 7.29522035068093,
        "sd": 1.73402048761892,
        "q10": 5.40243291854858,
        "q25": 6.09823989868164,
        "q50": 7.2020583152771,
        "q75": 8.30207061767578,
        "q90": 9.20424842834473
      },
      {
        "track": "lab.101",
        "dtime": "[3,4)",
        "dt": 3.5,
        "group": "control",
        "age": "[60,70)",
        "sex": "female",
        "count": 33124,
        "mean": 6.7486812078806,
        "sd": 1.59342186235651,
        "q10": 4.90373134613037,
        "q25": 5.59687447547913,
        "q50": 6.67655658721924,
        "q75": 7.70309555530548,
        "q90": 8.60368795394897
      },
      {
        "track": "lab.101",
        "dtime": "[4,5)",
        "dt": 4.5,
        "group": "cohort",
        "age": "[60,70)",
        "sex": "male",
        "count": 141,
        "mean": 7.34771168823783,
        "sd": 1.89751373056329,
        "q10": 5.30375003814697,
        "q25": 6.09855031967163,
        "q50": 7.20993947982788,
        "q75": 8.3028736114502,
        "q90": 9.07607173919678
      },
      {
        "track": "lab.101",
        "dtime": "[4,5)",
        "dt": 4.5,
        "group": "cohort",
        "age": "[60,70)",
        "sex": "female",
        "count": 50,
        "mean": 6.97683233261108,
        "sd": 1.55545770892284,
        "q10": 5.10498538017273,
        "q25": 5.52806985378265,
        "q50": 6.90554189682007,
        "q75": 8.25659823417664,
        "q90": 8.86191234588623
      },
      {
        "track": "lab.101",
        "dtime": "[4,5)",
        "dt": 4.5,
        "group": "control",
        "age": "[60,70)",
        "sex": "male",
        "count": 25736,
        "mean": 7.28088038580311,
        "sd": 1.65087882656039,
        "q10": 5.40160655975342,
        "q25": 6.09685719013214,
        "q50": 7.20073986053467,
        "q75": 8.30276823043823,
        "q90": 9.20175933837891
      },
      {
        "track": "lab.101",
        "dtime": "[4,5)",
        "dt": 4.5,
        "group": "control",
        "age": "[60,70)",
        "sex": "female",
        "count": 31533,
        "mean": 6.77028651234161,
        "sd": 1.56110096612522,
        "q10": 4.90490350723267,
        "q25": 5.60428619384766,
        "q50": 6.69708728790283,
        "q75": 7.78207111358643,
        "q90": 8.655153465271
      }
    ],
    "figures": null,
    "messageType": "chronicDiseaseCohorts.report",
    "requestId": "e0a7e875-506a-4e1b-8ad4-44ac48010fc9",
    "cohortId": "c_f74b9c92bc0517005234279f26646e4a"
  },
  "id": "e0a7e875-506a-4e1b-8ad4-44ac48010fc9"
}