{
  "data": {
    "type": "lab",
    "data": [
      {
        "track": "lab.101",
        "dtime": "[-5,-4)",
        "dt": -4.5,
        "group": "control",
        "age": "[60,70)",
        "sex": "male",
        "count": 12458,
        "mean": 7.38574126724026,
        "sd": 1.68209897271811,
        "q10": 5.44380116462708,
        "q25": 6.19584774971008,
        "q50": 7.300936460495,
        "q75": 8.39972281455994,
        "q90": 9.39286966323853
      },
      {
        "track": "lab.101",
        "dtime": "[-5,-4)",
        "dt": -4.5,
        "group": "control",
        "age": "[60,70)",
        "sex": "female",
        "count": 13636,
        "mean": 6.66855383205183,
        "sd": 1.5699064606158,
        "q10": 4.84702563285828,
        "q25": 5.50284457206726,
        "q50": 6.58017563819885,
        "q75": 7.68547189235687,
        "q90": 8.60048341751099
      },
      {
        "track": "lab.101",
        "dtime": "[-4,-3)",
        "dt": -3.5,
        "group": "control",
        "age": "[60,70)",
        "sex": "male",
        "count": 21147,
        "mean": 7.38051978307985,
        "sd": 1.78536614971429,
        "q10": 5.40489416122437,
        "q25": 6.1089141368866,
        "q50": 7.30042219161987,
        "q75": 8.40067005157471,
        "q90": 9.39735107421875
      },
      {
        "track": "lab.101",
        "dtime": "[-4,-3)",
        "dt": -3.5,
        "group": "control",
        "age": "[60,70)",
        "sex": "female",
        "count": 22983,
        "mean": 6.6684574500256,
        "sd": 1.58179583326296,
        "q10": 4.88491230010986,
        "q25": 5.50575160980225,
        "q50": 6.56336736679077,
        "q75": 7.65474081039429,
        "q90": 8.52000045776367
      },
      {
        "track": "lab.101",
        "dtime": "[-3,-2)",
        "dt": -2.5,
        "group": "control",
        "age": "[60,70)",
        "sex": "male",
        "count": 31243,
        "mean": 7.38727245565314,
        "sd": 1.75046386157947,
        "q10": 5.40485391616821,
        "q25": 6.17554521560669,
        "q50": 7.30119180679321,
        "q75": 8.40146160125732,
        "q90": 9.39458351135254
      },
      {
        "track": "lab.101",
        "dtime": "[-3,-2)",
        "dt": -2.5,
        "group": "control",
        "age": "[60,70)",
        "sex": "female",
        "count": 33441,
        "mean": 6.65812868918283,
        "sd": 1.55655289920914,
        "q10": 4.8434944152832,
        "q25": 5.50564861297607,
        "q50": 6.50929641723633,
        "q75": 7.60916137695312,
        "q90": 8.57076549530029
      },
      {
        "track": "lab.101",
        "dtime": "[-2,-1)",
        "dt": -1.5,
        "group": "control",
        "age": "[60,70)",
        "sex": "male",
        "count": 34338,
        "mean": 7.35812625221787,
        "sd": 1.71577642336263,
        "q10": 5.40457997322082,
        "q25": 6.10751032829285,
        "q50": 7.28486204147339,
        "q75": 8.39548873901367,
        "q90": 9.30327444076538
      },
      {
        "track": "lab.101",
        "dtime": "[-2,-1)",
        "dt": -1.5,
        "group": "control",
        "age": "[60,70)",
        "sex": "female",
        "count": 36821,
        "mean": 6.7070165694736,
        "sd": 1.55844274108082,
        "q10": 4.90283966064453,
        "q25": 5.5273289680481,
        "q50": 6.60263252258301,
        "q75": 7.6974663734436,
        "q90": 8.60129642486572
      },
      {
        "track": "lab.101",
        "dtime": "[-1,0)",
        "dt": -0.5,
        "group": "cohort",
        "age": "[60,70)",
        "sex": "male",
        "count": 65,
        "mean": 7.39432499592121,
        "sd": 1.82616336865563,
        "q10": 5.54432668685913,
        "q25": 6.30329751968384,
        "q50": 7.10024833679199,
        "q75": 8.00199413299561,
        "q90": 9.46165390014648
      },
      {
        "track": "lab.101",
        "dtime": "[-1,0)",
        "dt": -0.5,
        "group": "cohort",
        "age": "[60,70)",
        "sex": "female",
        "count": 24,
        "mean": 6.48053675889969,
        "sd": 1.30641878580511,
        "q10": 4.93196754455566,
        "q25": 5.50660288333893,
        "q50": 6.50497674942017,
        "q75": 7.22805964946747,
        "q90": 7.82473783493042
      },
      {
        "track": "lab.101",
        "dtime": "[-1,0)",
        "dt": -0.5,
        "group": "control",
        "age": "[60,70)",
        "sex": "male",
        "count": 34980,
        "mean": 7.35574332826679,
        "sd": 1.71216451892432,
        "q10": 5.40433683395386,
        "q25": 6.10950791835785,
        "q50": 7.30049204826355,
        "q75": 8.38059687614441,
        "q90": 9.30300750732422
      },
      {
        "track": "lab.101",
        "dtime": "[-1,0)",
        "dt": -0.5,
        "group": "control",
        "age": "[60,70)",
        "sex": "female",
        "count": 37591,
        "mean": 6.7090566646155,
        "sd": 1.54502885256441,
        "q10": 4.90221786499023,
        "q25": 5.59401178359985,
        "q50": 6.60188436508179,
        "q75": 7.69661068916321,
        "q90": 8.60180854797363
      },
      {
        "track": "lab.101",
        "dtime": "[0,1)",
        "dt": 0.5,
        "group": "cohort",
        "age": "[60,70)",
        "sex": "male",
        "count": 122,
        "mean": 7.22307184094288,
        "sd": 1.53674621053424,
        "q10": 5.4517716884613,
        "q25": 6.30213415622711,
        "q50": 7.06331276893616,
        "q75": 7.97591686248779,
        "q90": 8.89790983200073
      },
      {
        "track": "lab.101",
        "dtime": "[0,1)",
        "dt": 0.5,
        "group": "cohort",
        "age": "[60,70)",
        "sex": "female",
        "count": 47,
        "mean": 6.46406012393059,
        "sd": 1.28494765204334,
        "q10": 4.96234378814697,
        "q25": 5.55236148834229,
        "q50": 6.40463066101074,
        "q75": 7.30060982704163,
        "q90": 7.70998430252075
      },
      {
        "track": "lab.101",
        "dtime": "[0,1)",
        "dt": 0.5,
        "group": "control",
        "age": "[60,70)",
        "sex": "male",
        "count": 35250,
        "mean": 7.32618507976059,
        "sd": 1.88885841650676,
        "q10": 5.40365123748779,
        "q25": 6.10524117946625,
        "q50": 7.20670104026794,
        "q75": 8.30674004554749,
        "q90": 9.23336992263794
      },
      {
        "track": "lab.101",
        "dtime": "[0,1)",
        "dt": 0.5,
        "group": "control",
        "age": "[60,70)",
        "sex": "female",
        "count": 37770,
        "mean": 6.7221727856843,
        "sd": 1.56860022020892,
        "q10": 4.90269379615784,
        "q25": 5.56280553340912,
        "q50": 6.60773396492004,
        "q75": 7.70085895061493,
        "q90": 8.60142869949341
      },
      {
        "track": "lab.101",
        "dtime": "[1,2)",
        "dt": 1.5,
        "group": "cohort",
        "age": "[60,70)",
        "sex": "male",
        "count": 119,
        "mean": 7.35958413917477,
        "sd": 2.01419815849841,
        "q10": 5.38006925582886,
        "q25": 5.99953699111938,
        "q50": 6.90235567092896,
        "q75": 8.2398509979248,
        "q90": 9.5159574508667
      },
      {
        "track": "lab.101",
        "dtime": "[1,2)",
        "dt": 1.5,
        "group": "cohort",
        "age": "[60,70)",
        "sex": "female",
        "count": 45,
        "mean": 6.87390988667806,
        "sd": 1.63524277677174,
        "q10": 5.0123893737793,
        "q25": 5.70469617843628,
        "q50": 6.6040244102478,
        "q75": 7.95754909515381,
        "q90": 8.96557559967041
      },
      {
        "track": "lab.101",
        "dtime": "[1,2)",
        "dt": 1.5,
        "group": "control",
        "age": "[60,70)",
        "sex": "male",
        "count": 32556,
        "mean": 7.33694207380566,
        "sd": 1.97839089925928,
        "q10": 5.40290307998657,
        "q25": 6.10187113285065,
        "q50": 7.23000478744507,
        "q75": 8.31800937652588,
        "q90": 9.30124807357788
      },
      {
        "track": "lab.101",
        "dtime": "[1,2)",
        "dt": 1.5,
        "group": "control",
        "age": "[60,70)",
        "sex": "female",
        "count": 36205,
        "mean": 6.73139120681298,
        "sd": 1.55997183943799,
        "q10": 4.90379753112793,
        "q25": 5.59754753112793,
        "q50": 6.60972023010254,
        "q75": 7.70104551315308,
        "q90": 8.6022331237793
      },
      {
        "track": "lab.101",
        "dtime": "[2,3)",
        "dt": 2.5,
        "group": "cohort",
        "age": "[60,70)",
        "sex": "male",
        "count": 128,
        "mean": 7.28338139876723,
        "sd": 1.60635385210644,
        "q10": 5.56903915405273,
        "q25": 6.00377130508423,
        "q50": 7.20215058326721,
        "q75": 8.32679486274719,
        "q90": 8.89794330596924
      },
      {
        "track": "lab.101",
        "dtime": "[2,3)",
        "dt": 2.5,
        "group": "cohort",
        "age": "[60,70)",
        "sex": "female",
        "count": 51,
        "mean": 6.48775379330504,
        "sd": 1.23968562244738,
        "q10": 4.90294790267944,
        "q25": 5.50803709030151,
        "q50": 6.36476993560791,
        "q75": 7.21385526657104,
        "q90": 8.20991611480713
      },
      {
        "track": "lab.101",
        "dtime": "[2,3)",
        "dt": 2.5,
        "group": "control",
        "age": "[60,70)",
        "sex": "male",
        "count": 30059,
        "mean": 7.30007306993823,
        "sd": 1.7321513266244,
        "q10": 5.40205554962158,
        "q25": 6.0987811088562,
        "q50": 7.20757389068604,
        "q75": 8.30489349365234,
        "q90": 9.20275917053223
      },
      {
        "track": "lab.101",
        "dtime": "[2,3)",
        "dt": 2.5,
        "group": "control",
        "age": "[60,70)",
        "sex": "female",
        "count": 34459,
        "mean": 6.72591297617812,
        "sd": 1.55263213931929,
        "q10": 4.90324392318726,
        "q25": 5.59553670883179,
        "q50": 6.60903263092041,
        "q75": 7.70023107528687,
        "q90": 8.60322742462158
      },
      {
        "track": "lab.101",
        "dtime": "[3,4)",
        "dt": 3.5,
        "group": "cohort",
        "age": "[60,70)",
        "sex": "male",
        "count": 135,
        "mean": 7.36157542687875,
        "sd": 1.82561916843142,
        "q10": 5.42134494781494,
        "q25": 6.04443883895874,
        "q50": 7.12892436981201,
        "q75": 8.44985103607178,
        "q90": 9.5587121963501
      },
      {
        "track": "lab.101",
        "dtime": "[3,4)",
        "dt": 3.5,
        "group": "cohort",
        "age": "[60,70)",
        "sex": "female",
        "count": 52,
        "mean": 6.36867500726993,
        "sd": 1.28276359921357,
        "q10": 4.71841144561768,
        "q25": 5.45400261878967,
        "q50": 6.19531321525574,
        "q75": 7.42482674121857,
        "q90": 8.09813995361328
      },
      {
        "track": "lab.101",
        "dtime": "[3,4)",
        "dt": 3.5,
        "group": "control",
        "age": "[60,70)",
        "sex": "male",
        "count": 27773,
        "mean": 7.30528296398206,
        "sd": 1.69285834806189,
        "q10": 5.40308885574341,
        "q25": 6.10011672973633,
        "q50": 7.20215559005737,
        "q75": 8.30482578277588,
        "q90": 9.218186378479
      },
      {
        "track": "lab.101",
        "dtime": "[3,4)",
        "dt": 3.5,
        "group": "control",
        "age": "[60,70)",
        "sex": "female",
        "count": 33124,
        "mean": 6.74891882870684,
        "sd": 1.56861311654518,
        "q10": 4.90445647239685,
        "q25": 5.60055983066559,
        "q50": 6.69697308540344,
        "q75": 7.70370948314667,
        "q90": 8.6029842376709
      },
      {
        "track": "lab.101",
        "dtime": "[4,5)",
        "dt": 4.5,
        "group": "cohort",
        "age": "[60,70)",
        "sex": "male",
        "count": 141,
        "mean": 7.1574854986042,
        "sd": 1.65908979962633,
        "q10": 5.30140018463135,
        "q25": 5.90000009536743,
        "q50": 7.09963512420654,
        "q75": 8.30304622650146,
        "q90": 9.19774150848389
      },
      {
        "track": "lab.101",
        "dtime": "[4,5)",
        "dt": 4.5,
        "group": "cohort",
        "age": "[60,70)",
        "sex": "female",
        "count": 50,
        "mean": 6.83042391777039,
        "sd": 1.69771976647397,
        "q10": 5.09905614852905,
        "q25": 5.622318983078,
        "q50": 6.61870956420898,
        "q75": 7.87578117847443,
        "q90": 8.80873041152954
      },
      {
        "track": "lab.101",
        "dtime": "[4,5)",
        "dt": 4.5,
        "group": "control",
        "age": "[60,70)",
        "sex": "male",
        "count": 25736,
        "mean": 7.29246447305521,
        "sd": 1.78876354148901,
        "q10": 5.40040802955627,
        "q25": 6.09851896762848,
        "q50": 7.20545983314514,
        "q75": 8.30416083335876,
        "q90": 9.19913053512573
      },
      {
        "track": "lab.101",
        "dtime": "[4,5)",
        "dt": 4.5,
        "group": "control",
        "age": "[60,70)",
        "sex": "female",
        "count": 31533,
        "mean": 6.76586619879847,
        "sd": 1.55196848657372,
        "q10": 4.9047287940979,
        "q25": 5.60304069519043,
        "q50": 6.69743680953979,
        "q75": 7.78166961669922,
        "q90": 8.67536296844482
      }
    ],
    "figures": null,
    "messageType": "chronicDiseaseCohorts.report",
    "requestId": "551114e6-e7dd-442d-9721-7309ecea45c8",
    "cohortId": "c_f74b9c92bc0517005234279f26646e4a"
  },
  "id": "6ada21bc-1fdc-4b5d-8e8f-05d1ee8e4691"
}