{
  "data": {
    "type": "lab",
    "data": [
      {
        "track": "lab.101",
        "dtime": "[-5,-4)",
        "dt": -4.5,
        "group": "control",
        "age": "[60,70)",
        "sex": "male",
        "count": 12458,
        "mean": 7.39243566191853,
        "sd": 1.65392965881327,
        "q10": 5.50091185569763,
        "q25": 6.19673705101013,
        "q50": 7.30230259895325,
        "q75": 8.40235543251038,
        "q90": 9.39467010498047
      },
      {
        "track": "lab.101",
        "dtime": "[-5,-4)",
        "dt": -4.5,
        "group": "control",
        "age": "[60,70)",
        "sex": "female",
        "count": 13636,
        "mean": 6.65693762067057,
        "sd": 1.59666726111276,
        "q10": 4.82783484458923,
        "q25": 5.50152397155762,
        "q50": 6.50873327255249,
        "q75": 7.64311182498932,
        "q90": 8.60128116607666
      },
      {
        "track": "lab.101",
        "dtime": "[-4,-3)",
        "dt": -3.5,
        "group": "control",
        "age": "[60,70)",
        "sex": "male",
        "count": 21147,
        "mean": 7.38188227963638,
        "sd": 1.69770627634616,
        "q10": 5.40451059341431,
        "q25": 6.10743927955627,
        "q50": 7.3005313873291,
        "q75": 8.40164756774902,
        "q90": 9.39628810882568
      },
      {
        "track": "lab.101",
        "dtime": "[-4,-3)",
        "dt": -3.5,
        "group": "control",
        "age": "[60,70)",
        "sex": "female",
        "count": 22983,
        "mean": 6.66050187110776,
        "sd": 1.54943572307087,
        "q10": 4.90005073547363,
        "q25": 5.50586128234863,
        "q50": 6.55164051055908,
        "q75": 7.60946273803711,
        "q90": 8.50699234008789
      },
      {
        "track": "lab.101",
        "dtime": "[-3,-2)",
        "dt": -2.5,
        "group": "control",
        "age": "[60,70)",
        "sex": "male",
        "count": 31243,
        "mean": 7.3845310111901,
        "sd": 1.74345495528801,
        "q10": 5.43815212249756,
        "q25": 6.1435284614563,
        "q50": 7.30162382125854,
        "q75": 8.39927339553833,
        "q90": 9.3925817489624
      },
      {
        "track": "lab.101",
        "dtime": "[-3,-2)",
        "dt": -2.5,
        "group": "control",
        "age": "[60,70)",
        "sex": "female",
        "count": 33441,
        "mean": 6.66242550496568,
        "sd": 1.55347869749867,
        "q10": 4.83130311965942,
        "q25": 5.50591707229614,
        "q50": 6.54339122772217,
        "q75": 7.63399505615234,
        "q90": 8.5938549041748
      },
      {
        "track": "lab.101",
        "dtime": "[-2,-1)",
        "dt": -1.5,
        "group": "control",
        "age": "[60,70)",
        "sex": "male",
        "count": 34338,
        "mean": 7.35914470834705,
        "sd": 1.70562788305751,
        "q10": 5.40883984565735,
        "q25": 6.10983741283417,
        "q50": 7.29971146583557,
        "q75": 8.39520525932312,
        "q90": 9.30289258956909
      },
      {
        "track": "lab.101",
        "dtime": "[-2,-1)",
        "dt": -1.5,
        "group": "control",
        "age": "[60,70)",
        "sex": "female",
        "count": 36821,
        "mean": 6.6951105498638,
        "sd": 1.54136520270954,
        "q10": 4.90213775634766,
        "q25": 5.51216983795166,
        "q50": 6.60050964355469,
        "q75": 7.69545745849609,
        "q90": 8.54540538787842
      },
      {
        "track": "lab.101",
        "dtime": "[-1,0)",
        "dt": -0.5,
        "group": "cohort",
        "age": "[60,70)",
        "sex": "male",
        "count": 65,
        "mean": 7.39432499592121,
        "sd": 1.82616336865563,
        "q10": 5.54432668685913,
        "q25": 6.30329751968384,
        "q50": 7.10024833679199,
        "q75": 8.00199413299561,
        "q90": 9.46165390014648
      },
      {
        "track": "lab.101",
        "dtime": "[-1,0)",
        "dt": -0.5,
        "group": "cohort",
        "age": "[60,70)",
        "sex": "female",
        "count": 24,
        "mean": 6.48053675889969,
        "sd": 1.30641878580511,
        "q10": 4.93196754455566,
        "q25": 5.50660288333893,
        "q50": 6.50497674942017,
        "q75": 7.22805964946747,
        "q90": 7.82473783493042
      },
      {
        "track": "lab.101",
        "dtime": "[-1,0)",
        "dt": -0.5,
        "group": "control",
        "age": "[60,70)",
        "sex": "male",
        "count": 34980,
        "mean": 7.33576604070631,
        "sd": 1.66478641686495,
        "q10": 5.4034716129303,
        "q25": 6.10569870471954,
        "q50": 7.30030822753906,
        "q75": 8.35123229026794,
        "q90": 9.30078401565552
      },
      {
        "track": "lab.101",
        "dtime": "[-1,0)",
        "dt": -0.5,
        "group": "control",
        "age": "[60,70)",
        "sex": "female",
        "count": 37591,
        "mean": 6.6905956783919,
        "sd": 1.53646966926876,
        "q10": 4.90145540237427,
        "q25": 5.51235294342041,
        "q50": 6.59859848022461,
        "q75": 7.67677998542786,
        "q90": 8.60032081604004
      },
      {
        "track": "lab.101",
        "dtime": "[0,1)",
        "dt": 0.5,
        "group": "cohort",
        "age": "[60,70)",
        "sex": "male",
        "count": 122,
        "mean": 7.42285300669123,
        "sd": 1.64062445801185,
        "q10": 5.50504422187805,
        "q25": 6.3035477399826,
        "q50": 7.35207843780518,
        "q75": 8.40234708786011,
        "q90": 9.55443181991577
      },
      {
        "track": "lab.101",
        "dtime": "[0,1)",
        "dt": 0.5,
        "group": "cohort",
        "age": "[60,70)",
        "sex": "female",
        "count": 47,
        "mean": 6.35477298371335,
        "sd": 1.14548063501266,
        "q10": 4.96119318008423,
        "q25": 5.50753855705261,
        "q50": 6.40456581115723,
        "q75": 7.20418858528137,
        "q90": 7.41191329956055
      },
      {
        "track": "lab.101",
        "dtime": "[0,1)",
        "dt": 0.5,
        "group": "control",
        "age": "[60,70)",
        "sex": "male",
        "count": 35250,
        "mean": 7.34050505479177,
        "sd": 1.83292031334949,
        "q10": 5.40448055267334,
        "q25": 6.10646867752075,
        "q50": 7.24727702140808,
        "q75": 8.30945062637329,
        "q90": 9.30059318542481
      },
      {
        "track": "lab.101",
        "dtime": "[0,1)",
        "dt": 0.5,
        "group": "control",
        "age": "[60,70)",
        "sex": "female",
        "count": 37770,
        "mean": 6.71243063984984,
        "sd": 1.54204473201182,
        "q10": 4.90340447425842,
        "q25": 5.56924939155579,
        "q50": 6.60786938667297,
        "q75": 7.698366522789,
        "q90": 8.60052938461304
      },
      {
        "track": "lab.101",
        "dtime": "[1,2)",
        "dt": 1.5,
        "group": "cohort",
        "age": "[60,70)",
        "sex": "male",
        "count": 119,
        "mean": 7.31876415364883,
        "sd": 1.64038333023555,
        "q10": 5.50390014648437,
        "q25": 6.26158332824707,
        "q50": 6.90454053878784,
        "q75": 8.29026031494141,
        "q90": 9.34063453674317
      },
      {
        "track": "lab.101",
        "dtime": "[1,2)",
        "dt": 1.5,
        "group": "cohort",
        "age": "[60,70)",
        "sex": "female",
        "count": 45,
        "mean": 6.61984701156616,
        "sd": 1.47300283914612,
        "q10": 4.83445262908936,
        "q25": 5.76449966430664,
        "q50": 6.36215543746948,
        "q75": 7.40218067169189,
        "q90": 8.89723300933838
      },
      {
        "track": "lab.101",
        "dtime": "[1,2)",
        "dt": 1.5,
        "group": "control",
        "age": "[60,70)",
        "sex": "male",
        "count": 32556,
        "mean": 7.32521967475497,
        "sd": 1.64510760042391,
        "q10": 5.40333938598633,
        "q25": 6.10375022888184,
        "q50": 7.20719575881958,
        "q75": 8.30936121940613,
        "q90": 9.30044794082642
      },
      {
        "track": "lab.101",
        "dtime": "[1,2)",
        "dt": 1.5,
        "group": "control",
        "age": "[60,70)",
        "sex": "female",
        "count": 36205,
        "mean": 6.72163651020154,
        "sd": 1.5589559927126,
        "q10": 4.9026460647583,
        "q25": 5.59797048568726,
        "q50": 6.60690879821777,
        "q75": 7.69930696487427,
        "q90": 8.60124568939209
      },
      {
        "track": "lab.101",
        "dtime": "[2,3)",
        "dt": 2.5,
        "group": "cohort",
        "age": "[60,70)",
        "sex": "male",
        "count": 128,
        "mean": 7.39557677693665,
        "sd": 1.92867638157348,
        "q10": 5.37268085479736,
        "q25": 5.99617922306061,
        "q50": 7.18482708930969,
        "q75": 8.29767560958862,
        "q90": 9.36015291213989
      },
      {
        "track": "lab.101",
        "dtime": "[2,3)",
        "dt": 2.5,
        "group": "cohort",
        "age": "[60,70)",
        "sex": "female",
        "count": 51,
        "mean": 6.45419774335973,
        "sd": 1.22460853134542,
        "q10": 4.90199089050293,
        "q25": 5.50863361358643,
        "q50": 6.36476993560791,
        "q75": 7.30342864990234,
        "q90": 8.20408058166504
      },
      {
        "track": "lab.101",
        "dtime": "[2,3)",
        "dt": 2.5,
        "group": "control",
        "age": "[60,70)",
        "sex": "male",
        "count": 30059,
        "mean": 7.29824887704039,
        "sd": 1.78554108832995,
        "q10": 5.40187788009644,
        "q25": 6.09879779815674,
        "q50": 7.20384168624878,
        "q75": 8.3055944442749,
        "q90": 9.20275497436523
      },
      {
        "track": "lab.101",
        "dtime": "[2,3)",
        "dt": 2.5,
        "group": "control",
        "age": "[60,70)",
        "sex": "female",
        "count": 34459,
        "mean": 6.73896905956876,
        "sd": 1.5717264044449,
        "q10": 4.90423402786255,
        "q25": 5.59882497787476,
        "q50": 6.64537525177002,
        "q75": 7.70190000534058,
        "q90": 8.60280570983887
      },
      {
        "track": "lab.101",
        "dtime": "[3,4)",
        "dt": 3.5,
        "group": "cohort",
        "age": "[60,70)",
        "sex": "male",
        "count": 135,
        "mean": 7.33656312094794,
        "sd": 1.64382015643608,
        "q10": 5.44074192047119,
        "q25": 6.0031111240387,
        "q50": 7.30051136016846,
        "q75": 8.50589418411255,
        "q90": 9.30343761444092
      },
      {
        "track": "lab.101",
        "dtime": "[3,4)",
        "dt": 3.5,
        "group": "cohort",
        "age": "[60,70)",
        "sex": "female",
        "count": 52,
        "mean": 6.60227936047774,
        "sd": 1.46784706076962,
        "q10": 5.01056408882141,
        "q25": 5.34190452098846,
        "q50": 6.30550456047058,
        "q75": 7.67879545688629,
        "q90": 8.72580070495606
      },
      {
        "track": "lab.101",
        "dtime": "[3,4)",
        "dt": 3.5,
        "group": "control",
        "age": "[60,70)",
        "sex": "male",
        "count": 27773,
        "mean": 7.30600897494002,
        "sd": 1.68775564458526,
        "q10": 5.40334253311157,
        "q25": 6.10049057006836,
        "q50": 7.20500230789185,
        "q75": 8.30424118041992,
        "q90": 9.2041748046875
      },
      {
        "track": "lab.101",
        "dtime": "[3,4)",
        "dt": 3.5,
        "group": "control",
        "age": "[60,70)",
        "sex": "female",
        "count": 33124,
        "mean": 6.74658392977778,
        "sd": 1.55196980235144,
        "q10": 4.90345377922058,
        "q25": 5.599893450737,
        "q50": 6.69657826423645,
        "q75": 7.71371066570282,
        "q90": 8.60382289886475
      },
      {
        "track": "lab.101",
        "dtime": "[4,5)",
        "dt": 4.5,
        "group": "cohort",
        "age": "[60,70)",
        "sex": "male",
        "count": 141,
        "mean": 7.21226902549148,
        "sd": 1.75987697601814,
        "q10": 5.20722246170044,
        "q25": 5.90000009536743,
        "q50": 7.30033588409424,
        "q75": 8.30304622650146,
        "q90": 9.07607173919678
      },
      {
        "track": "lab.101",
        "dtime": "[4,5)",
        "dt": 4.5,
        "group": "cohort",
        "age": "[60,70)",
        "sex": "female",
        "count": 50,
        "mean": 7.05162621498108,
        "sd": 1.70129968151483,
        "q10": 4.90218181610107,
        "q25": 5.95138585567474,
        "q50": 7.05693173408508,
        "q75": 7.77522051334381,
        "q90": 8.93223638534546
      },
      {
        "track": "lab.101",
        "dtime": "[4,5)",
        "dt": 4.5,
        "group": "control",
        "age": "[60,70)",
        "sex": "male",
        "count": 25736,
        "mean": 7.279509040862,
        "sd": 1.67376200829757,
        "q10": 5.4009370803833,
        "q25": 6.09925043582916,
        "q50": 7.20142579078674,
        "q75": 8.30248355865479,
        "q90": 9.19907522201538
      },
      {
        "track": "lab.101",
        "dtime": "[4,5)",
        "dt": 4.5,
        "group": "control",
        "age": "[60,70)",
        "sex": "female",
        "count": 31533,
        "mean": 6.77019978345331,
        "sd": 1.57876294044902,
        "q10": 4.90540456771851,
        "q25": 5.60378408432007,
        "q50": 6.69616508483887,
        "q75": 7.76422786712646,
        "q90": 8.63632698059082
      }
    ],
    "figures": null,
    "messageType": "chronicDiseaseCohorts.report",
    "requestId": "de01c962-7396-46ec-8e05-de3ccf42e1cf",
    "cohortId": "c_f74b9c92bc0517005234279f26646e4a"
  },
  "id": "7bc97704-f7ac-4e74-a62c-f4c526a2f987"
}