{
  "timestamp": "20240404175720401747",
  "request_id": "3701fef4-75d9-49ae-8433-8842a0b99f9e",
  "output_file": "data/outputs\\full_cohort_builder_with_export_all_reports\\0311123746963_genReport_age_gender.json",
  "expected_output_file": "data/expectations\\full_cohort_builder_with_export_all_reports\\0311123746963_genReport_age_gender.json",
  "diff": [
    {
      "path": [
        "figures",
        "layout",
        "margin",
        "t"
      ],
      "action": "values_changed",
      "value": 40.8401826484018,
      "old_value": 43.2754946727549
    },
    {
      "path": [
        "figures",
        "layout",
        "margin",
        "b"
      ],
      "action": "values_changed",
      "value": 72.3287671232877,
      "old_value": 74.7640791476408
    }
  ]
}