{
  "messageType": "chronicDiseaseCohorts.buildCohort",
  "cohortId": "c_4e119a7b3d6488e8bfae3b8a184279f2",
  "cohort": {
    "name": "MULTIPLE_MYELOMA",
    "id": "c_4e119a7b3d6488e8bfae3b8a184279f2",
    "inclusionCriteria": [
      {
        "enabled": true,
        "type": "ICD9",
        "label": "203.0 __MYELOMA____1992 MULTIPLE",
        "track": "icd9_203.0_"
      },
      {
        "enabled": true,
        "type": "ICD9",
        "label": "203.00* MULTIPLE MYELOMA WITHOUT MENTION OF REMISSION 1992",
        "track": "icd9_203.00"
      },
      {
        "enabled": true,
        "type": "ICD9",
        "label": "203.01* MULTIPLE MYELOMA IN REMISSION 1992",
        "track": "icd9_203.01"
      },
      {
        "enabled": true,
        "type": "ICD9",
        "label": "203.02* MULTIPLE MYELOMA IN RELAPSE",
        "track": "icd9_203.02"
      }
    ],
    "requiredFilter": [
      [
        {
          "enabled": true,
          "type": "Med",
          "label": "BORTEZOMIB",
          "stime": -3650,
          "etime": 43800,
          "track": "WZMN.med.BORTEZOMIB"
        },
        {
          "enabled": true,
          "type": "Med",
          "label": "MELPHALAN",
          "stime": -3650,
          "etime": 43800,
          "track": "WZMN.med.MELPHALAN"
        },
        {
          "enabled": true,
          "type": "Med",
          "label": "THALIDOMIDE",
          "stime": -3650,
          "etime": 43800,
          "track": "WZMN.med.THALIDOMIDE"
        },
        {
          "enabled": true,
          "type": "Med",
          "label": "LENALIDOMIDE",
          "stime": -3650,
          "etime": 43800,
          "track": "WZMN.med.LENALIDOMIDE"
        },
        {
          "enabled": true,
          "type": "Med",
          "label": "CARFILZOMIB",
          "stime": -3650,
          "etime": 43800,
          "track": "WZMN.med.CARFILZOMIB"
        },
        {
          "enabled": true,
          "type": "Med",
          "label": "POMALIDOMIDE",
          "stime": -3650,
          "etime": 43800,
          "track": "WZMN.med.POMALIDOMIDE"
        },
        {
          "enabled": true,
          "type": "Med",
          "label": "CYCLOPHOSPHAMIDE",
          "stime": -3650,
          "etime": 43800,
          "track": "WZMN.med.CYCLOPHOSPHAMIDE"
        },
        {
          "enabled": true,
          "type": "Med",
          "label": "DARATUMUMAB",
          "stime": -3650,
          "etime": 43800,
          "track": "WZMN.med.DARATUMUMAB"
        }
      ]
    ],
    "excludeFilter": [
      {
        "enabled": true,
        "type": "clinic_dx",
        "label": "203 MULTIPLE MYELOMA AND IMMUNOPROLIFERATIVE NEOPLASMS",
        "stime": -43800,
        "etime": 43800,
        "track": "diag.clinic.203",
        "operator": "=",
        "value": 6682
      }
    ],
    "adjustOnsetTime": [],
    "isChronic": true
  }
}