{
  "data": {
    "type": "lab_clusters_boxplot",
    "data": null,
    "figures": {
      "data": [
        {
          "x": [
            5,
            5,
            5,
            5,
            5,
            5,
            5,
            5,
            5,
            5,
            5,
            5,
            5,
            5,
            5,
            5,
            5,
            5,
            5,
            5,
            5,
            4,
            4,
            4,
            4,
            4,
            4,
            4,
            4,
            4,
            4,
            3,
            3,
            3,
            3,
            3,
            3,
            3,
            3,
            2
          ],
          "y": [
            0.910848498344421,
            0.652226746082306,
            0.80565470457077,
            0.962819576263428,
            0.440988659858704,
            0.608389973640442,
            0.540663123130798,
            0.824490666389465,
            0.630893111228943,
            0.427646368741989,
            0.704287230968475,
            0.841745376586914,
            0.54660952091217,
            0.72571474313736,
            0.561815083026886,
            0.629575371742249,
            0.985634088516235,
            0.647241592407227,
            0.79370391368866,
            0.63424688577652,
            0.599085748195648,
            0.177755162119865,
            0.298444718122482,
            0.104570351541042,
            0.585147500038147,
            0.081032894551754,
            0.100361466407776,
            0.308316648006439,
            0.236935719847679,
            0.295385658740997,
            0.872211575508118,
            0.413982599973679,
            0.977738976478577,
            0.932932674884796,
            0.307787388563156,
            0.465818703174591,
            0.461573034524918,
            0.915201663970947,
            0.585264921188354,
            0.891220331192017
          ],
          "hoverinfo": "y",
          "type": "box",
          "fillcolor": "rgba(51,102,204,1)",
          "marker": {
            "opacity": 0,
            "outliercolor": "rgba(0,0,0,1)",
            "line": {
              "width": 1.88976377952756,
              "color": "rgba(0,0,0,1)"
            },
            "size": 5.66929133858268
          },
          "line": {
            "color": "rgba(51,51,51,1)",
            "width": 1.88976377952756
          },
          "name": "1",
          "legendgroup": "1",
          "showlegend": true,
          "xaxis": "x",
          "yaxis": "y",
          "frame": null
        },
        {
          "x": [
            5,
            5,
            5,
            5,
            5,
            5,
            5,
            5,
            5,
            5,
            5,
            5,
            5,
            5,
            5,
            5,
            5,
            5,
            5,
            5,
            5,
            4,
            4,
            4,
            4,
            4,
            4,
            4,
            4,
            4,
            4,
            3,
            3,
            3,
            3,
            3,
            3,
            3,
            3,
            2
          ],
          "y": [
            0.926126420497894,
            0.908220648765564,
            0.680503606796265,
            0.930909633636475,
            0.801317572593689,
            0.908284187316895,
            0.70212334394455,
            0.579014897346497,
            0.747199237346649,
            0.839867770671844,
            0.516808152198792,
            0.433728575706482,
            0.485850304365158,
            0.976673007011414,
            0.834712445735931,
            0.915044963359833,
            0.963657736778259,
            0.664681673049927,
            0.897789835929871,
            0.529050052165985,
            0.926679909229279,
            0.327752351760864,
            0.339179992675781,
            0.276428163051605,
            0.914497017860413,
            0.228484064340591,
            0.170664593577385,
            0.538173615932465,
            0.451259732246399,
            0.265675783157349,
            0.32480725646019,
            0.885590195655823,
            0.897987902164459,
            0.9818474650383,
            0.409197986125946,
            0.799518704414368,
            0.982893466949463,
            0.615876734256744,
            0.832789063453674,
            0.15592548251152
          ],
          "hoverinfo": "y",
          "type": "box",
          "fillcolor": "rgba(51,102,204,1)",
          "marker": {
            "opacity": 0,
            "outliercolor": "rgba(0,0,0,1)",
            "line": {
              "width": 1.88976377952756,
              "color": "rgba(0,0,0,1)"
            },
            "size": 5.66929133858268
          },
          "line": {
            "color": "rgba(51,51,51,1)",
            "width": 1.88976377952756
          },
          "name": "1",
          "legendgroup": "1",
          "showlegend": false,
          "xaxis": "x2",
          "yaxis": "y",
          "frame": null
        },
        {
          "x": [
            5,
            5,
            5,
            5,
            5,
            5,
            5,
            5,
            5,
            5,
            5,
            5,
            5,
            5,
            5,
            5,
            5,
            5,
            5,
            5,
            5,
            5,
            5,
            5,
            5,
            3,
            3,
            3,
            3,
            3,
            3,
            3,
            3,
            3,
            3,
            3,
            2,
            2,
            2,
            2,
            2,
            2,
            2,
            2,
            2,
            4,
            4,
            4,
            4,
            4,
            4,
            4,
            4,
            4,
            4,
            4,
            4,
            1,
            1
          ],
          "y": [
            0.0282654818147421,
            0.330551892518997,
            0.127210825681686,
            0.827763736248016,
            0.432913929224014,
            0.203974723815918,
            0.247990161180496,
            0.455810070037842,
            0.0772578045725822,
            0.133066102862358,
            0.255552589893341,
            0.357408493757248,
            0.396115899085999,
            0.536515176296234,
            0.240727186203003,
            0.271971970796585,
            0.389204412698746,
            0.123198606073856,
            0.955600202083588,
            0.743314683437347,
            0.658813774585724,
            0.577659010887146,
            0.178229451179504,
            0.462203502655029,
            0.403839617967606,
            0.377965927124023,
            0.990166425704956,
            0.439898550510406,
            0.174950450658798,
            0.0213565900921822,
            0.895783483982086,
            0.266213446855545,
            0.80318158864975,
            0.932594895362854,
            0.168647706508636,
            0.851877093315125,
            0.298982113599777,
            0.648357927799225,
            0.00188276171684265,
            0.0234184321016073,
            0.29181769490242,
            0.222753167152405,
            0.180934622883797,
            0.145816847681999,
            0.289955139160156,
            0.0652477070689201,
            0.797185003757477,
            0.392230093479156,
            0.358995616436005,
            0.235822677612305,
            0.651420891284943,
            0.603542983531952,
            0.581623375415802,
            0.524598360061646,
            0.475794047117233,
            0.553158819675446,
            0.689138174057007,
            0.450409144163132,
            0.193707525730133
          ],
          "hoverinfo": "y",
          "type": "box",
          "fillcolor": "rgba(220,57,18,1)",
          "marker": {
            "opacity": 0,
            "outliercolor": "rgba(0,0,0,1)",
            "line": {
              "width": 1.88976377952756,
              "color": "rgba(0,0,0,1)"
            },
            "size": 5.66929133858268
          },
          "line": {
            "color": "rgba(51,51,51,1)",
            "width": 1.88976377952756
          },
          "name": "2",
          "legendgroup": "2",
          "showlegend": true,
          "xaxis": "x",
          "yaxis": "y2",
          "frame": null
        },
        {
          "x": [
            5,
            5,
            5,
            5,
            5,
            5,
            5,
            5,
            5,
            5,
            5,
            5,
            5,
            5,
            5,
            5,
            5,
            5,
            5,
            5,
            5,
            5,
            5,
            5,
            5,
            3,
            3,
            3,
            3,
            3,
            3,
            3,
            3,
            3,
            3,
            3,
            2,
            2,
            2,
            2,
            2,
            2,
            2,
            2,
            2,
            4,
            4,
            4,
            4,
            4,
            4,
            4,
            4,
            4,
            4,
            4,
            4,
            1,
            1
          ],
          "y": [
            0.351305842399597,
            0.0622821301221848,
            0.494443297386169,
            0.258089870214462,
            0.299646466970444,
            0.383543312549591,
            0.426232993602753,
            0.434455215930939,
            0.281463027000427,
            0.172063007950783,
            0.208913072943687,
            0.58514404296875,
            0.205794632434845,
            0.12283831089735,
            0.220014438033104,
            0.0601221807301044,
            0.220176547765732,
            0.201063871383667,
            0.00491962162777781,
            0.130007907748222,
            0.342705875635147,
            0.42315798997879,
            0.679121077060699,
            0.470831573009491,
            0.457770496606827,
            0.231371104717255,
            0.232063919305801,
            0.509079277515411,
            0.159194484353065,
            0.305893301963806,
            0.156650900840759,
            0.362222522497177,
            0.183466494083405,
            0.102409861981869,
            0.468867838382721,
            0.190124660730362,
            0.724339365959167,
            0.777122616767883,
            0.666369199752808,
            0.745943367481232,
            0.801944971084595,
            0.82879114151001,
            0.657515525817871,
            0.884405553340912,
            0.796896815299988,
            0.313661813735962,
            0.544086813926697,
            0.48177894949913,
            0.361758351325989,
            0.272898197174072,
            0.307740837335587,
            0.0524206943809986,
            0.756078600883484,
            0.551264405250549,
            0.313828766345978,
            0.842108368873596,
            0.757608890533447,
            0.435918480157852,
            0.212750166654587
          ],
          "hoverinfo": "y",
          "type": "box",
          "fillcolor": "rgba(220,57,18,1)",
          "marker": {
            "opacity": 0,
            "outliercolor": "rgba(0,0,0,1)",
            "line": {
              "width": 1.88976377952756,
              "color": "rgba(0,0,0,1)"
            },
            "size": 5.66929133858268
          },
          "line": {
            "color": "rgba(51,51,51,1)",
            "width": 1.88976377952756
          },
          "name": "2",
          "legendgroup": "2",
          "showlegend": false,
          "xaxis": "x2",
          "yaxis": "y2",
          "frame": null
        },
        {
          "x": [
            2,
            2,
            2,
            2,
            2,
            2,
            4,
            4,
            4,
            4,
            4,
            4,
            4,
            4,
            4,
            4,
            4,
            4,
            3,
            3,
            3,
            3,
            3,
            3,
            3,
            5,
            5,
            5,
            5,
            5,
            5,
            5,
            5,
            5,
            5,
            5,
            5,
            5,
            5,
            5,
            5,
            5,
            5,
            5,
            5,
            5,
            5,
            5,
            5,
            5,
            5,
            1,
            1,
            1
          ],
          "y": [
            0.31428450345993,
            0.216924920678139,
            0.624613642692566,
            0.0797157138586044,
            0.441082775592804,
            0.313679337501526,
            0.745523869991302,
            0.954753696918488,
            0.717084169387817,
            0.918129682540894,
            0.827176153659821,
            0.946431040763855,
            0.849074125289917,
            0.532770335674286,
            0.644529521465302,
            0.942889988422394,
            0.991236805915833,
            0.845308840274811,
            0.0631933733820915,
            0.0229308623820543,
            0.121100418269634,
            0.0964163243770599,
            0.134032130241394,
            0.326037585735321,
            0.367683708667755,
            0.280199199914932,
            0.342564582824707,
            0.301604568958282,
            0.342269897460938,
            0.497977674007416,
            0.73162168264389,
            0.363337218761444,
            0.522893071174622,
            0.280139803886414,
            0.39724326133728,
            0.391746580600739,
            0.420876443386078,
            0.366714149713516,
            0.506898939609528,
            0.532871007919312,
            0.368987411260605,
            0.343324601650238,
            0.146124556660652,
            0.903742969036102,
            0.291103780269623,
            0.344293653964996,
            0.612135589122772,
            0.649882078170776,
            0.824005424976349,
            0.431911587715149,
            0.556596577167511,
            0.174941703677177,
            0.145553722977638,
            0.302338629961014
          ],
          "hoverinfo": "y",
          "type": "box",
          "fillcolor": "rgba(255,153,0,1)",
          "marker": {
            "opacity": 0,
            "outliercolor": "rgba(0,0,0,1)",
            "line": {
              "width": 1.88976377952756,
              "color": "rgba(0,0,0,1)"
            },
            "size": 5.66929133858268
          },
          "line": {
            "color": "rgba(51,51,51,1)",
            "width": 1.88976377952756
          },
          "name": "3",
          "legendgroup": "3",
          "showlegend": true,
          "xaxis": "x",
          "yaxis": "y3",
          "frame": null
        },
        {
          "x": [
            2,
            2,
            2,
            2,
            2,
            2,
            4,
            4,
            4,
            4,
            4,
            4,
            4,
            4,
            4,
            4,
            4,
            4,
            3,
            3,
            3,
            3,
            3,
            3,
            3,
            5,
            5,
            5,
            5,
            5,
            5,
            5,
            5,
            5,
            5,
            5,
            5,
            5,
            5,
            5,
            5,
            5,
            5,
            5,
            5,
            5,
            5,
            5,
            5,
            5,
            5,
            1,
            1,
            1
          ],
          "y": [
            0.141632288694382,
            0.290223360061646,
            0.142280966043472,
            0.275540590286255,
            0.523665368556976,
            0.330132722854614,
            0.838808298110962,
            0.485433518886566,
            0.876279294490814,
            0.833441913127899,
            0.68692809343338,
            0.795165956020355,
            0.871252417564392,
            0.2901531457901,
            0.990205228328705,
            0.856169521808624,
            0.583433985710144,
            0.567004859447479,
            0.555866062641144,
            0.935610115528107,
            0.883285880088806,
            0.415229290723801,
            0.511888980865479,
            0.357221662998199,
            0.519771635532379,
            0.930285155773163,
            0.984619557857513,
            0.887968957424164,
            0.172361761331558,
            0.846378564834595,
            0.86513340473175,
            0.583433985710144,
            0.954859912395477,
            0.445246815681458,
            0.831305265426636,
            0.847610473632812,
            0.833445250988007,
            0.778313159942627,
            0.662320792675018,
            0.742961168289185,
            0.847211182117462,
            0.721850872039795,
            0.633742451667786,
            0.934288382530212,
            0.783520936965942,
            0.878588438034058,
            0.908823490142822,
            0.796552002429962,
            0.770296335220337,
            0.970833659172058,
            0.882742643356323,
            0.269593834877014,
            0.483716607093811,
            0.518841028213501
          ],
          "hoverinfo": "y",
          "type": "box",
          "fillcolor": "rgba(255,153,0,1)",
          "marker": {
            "opacity": 0,
            "outliercolor": "rgba(0,0,0,1)",
            "line": {
              "width": 1.88976377952756,
              "color": "rgba(0,0,0,1)"
            },
            "size": 5.66929133858268
          },
          "line": {
            "color": "rgba(51,51,51,1)",
            "width": 1.88976377952756
          },
          "name": "3",
          "legendgroup": "3",
          "showlegend": false,
          "xaxis": "x2",
          "yaxis": "y3",
          "frame": null
        },
        {
          "x": [
            4,
            4,
            4,
            4,
            4,
            4,
            4,
            4,
            4,
            4,
            4,
            4,
            4,
            5,
            5,
            5,
            5,
            5,
            5,
            5,
            5,
            5,
            5,
            5,
            5,
            5,
            5,
            5,
            5,
            5,
            5,
            5,
            5,
            5,
            5,
            5,
            5,
            5,
            5,
            5,
            5,
            5,
            3,
            3,
            3,
            3,
            3,
            3,
            3,
            3,
            3,
            3,
            3,
            3,
            3,
            3,
            3,
            2,
            2,
            2,
            2,
            2,
            2,
            2,
            1
          ],
          "y": [
            0.199264794588089,
            0.341757446527481,
            0.614234089851379,
            0.455707401037216,
            0.433404982089996,
            0.681487739086151,
            0.483628630638123,
            0.291505753993988,
            0.451597660779953,
            0.0819332525134087,
            0.0975163727998734,
            0.153249680995941,
            0.339782416820526,
            0.0132467299699783,
            0.197257563471794,
            0.222705096006393,
            0.0592188835144043,
            0.367148786783218,
            0.191739395260811,
            0.126447543501854,
            0.21709381043911,
            0.168266385793686,
            0.205601647496223,
            0.0695076435804367,
            0.13098606467247,
            0.461024791002274,
            0.288985759019852,
            0.0803432390093803,
            0.175861448049545,
            0.0736310034990311,
            0.122241899371147,
            0.173966661095619,
            0.141687199473381,
            0.400157690048218,
            0.238694399595261,
            0.0135029861703515,
            0.343437343835831,
            0.195530891418457,
            0.0205819234251976,
            0.0245161112397909,
            0.119579918682575,
            0.0946087166666985,
            0.302318841218948,
            0.357227385044098,
            0.372865796089172,
            0.0854774117469788,
            0.105715371668339,
            0.0971571430563927,
            0.443329870700836,
            0.0758470669388771,
            0.0780350044369698,
            0.344642609357834,
            0.55627977848053,
            0.768348217010498,
            0.389711767435074,
            0.607243359088898,
            0.459317058324814,
            0.15277299284935,
            0.41897377371788,
            0.423528999090195,
            0.360161274671555,
            0.765395998954773,
            0.255948901176453,
            0.241766139864922,
            0.333423793315887
          ],
          "hoverinfo": "y",
          "type": "box",
          "fillcolor": "rgba(16,150,24,1)",
          "marker": {
            "opacity": 0,
            "outliercolor": "rgba(0,0,0,1)",
            "line": {
              "width": 1.88976377952756,
              "color": "rgba(0,0,0,1)"
            },
            "size": 5.66929133858268
          },
          "line": {
            "color": "rgba(51,51,51,1)",
            "width": 1.88976377952756
          },
          "name": "4",
          "legendgroup": "4",
          "showlegend": true,
          "xaxis": "x",
          "yaxis": "y4",
          "frame": null
        },
        {
          "x": [
            4,
            4,
            4,
            4,
            4,
            4,
            4,
            4,
            4,
            4,
            4,
            4,
            4,
            5,
            5,
            5,
            5,
            5,
            5,
            5,
            5,
            5,
            5,
            5,
            5,
            5,
            5,
            5,
            5,
            5,
            5,
            5,
            5,
            5,
            5,
            5,
            5,
            5,
            5,
            5,
            5,
            5,
            3,
            3,
            3,
            3,
            3,
            3,
            3,
            3,
            3,
            3,
            3,
            3,
            3,
            3,
            3,
            2,
            2,
            2,
            2,
            2,
            2,
            2,
            1
          ],
          "y": [
            0.911852121353149,
            0.803775310516357,
            0.418214380741119,
            0.966144561767578,
            0.78831958770752,
            0.443427920341492,
            0.962876975536346,
            0.600662410259247,
            0.135712653398514,
            0.588471829891205,
            0.964295089244843,
            0.678430199623108,
            0.712945520877838,
            0.786470234394073,
            0.570588111877441,
            0.97232723236084,
            0.911528944969177,
            0.722029447555542,
            0.834682106971741,
            0.193377152085304,
            0.963833689689636,
            0.570390999317169,
            0.548902571201324,
            0.444384455680847,
            0.798275232315063,
            0.256202667951584,
            0.560541152954102,
            0.469662725925446,
            0.728825807571411,
            0.942404806613922,
            0.345263242721558,
            0.767700612545013,
            0.489019632339478,
            0.449884682893753,
            0.908342778682709,
            0.561378538608551,
            0.528835952281952,
            0.668956220149994,
            0.54130083322525,
            0.80761045217514,
            0.422850906848907,
            0.589277625083923,
            0.991758108139038,
            0.791930198669434,
            0.933281004428864,
            0.875219583511353,
            0.960456311702728,
            0.770603001117706,
            0.961274385452271,
            0.831139504909515,
            0.956398725509644,
            0.793876349925995,
            0.851429879665375,
            0.84624856710434,
            0.881694972515106,
            0.847642481327057,
            0.990225970745087,
            0.960008800029755,
            0.931511640548706,
            0.969016849994659,
            0.852137804031372,
            0.771942615509033,
            0.979729831218719,
            0.803252398967743,
            0.967527449131012
          ],
          "hoverinfo": "y",
          "type": "box",
          "fillcolor": "rgba(16,150,24,1)",
          "marker": {
            "opacity": 0,
            "outliercolor": "rgba(0,0,0,1)",
            "line": {
              "width": 1.88976377952756,
              "color": "rgba(0,0,0,1)"
            },
            "size": 5.66929133858268
          },
          "line": {
            "color": "rgba(51,51,51,1)",
            "width": 1.88976377952756
          },
          "name": "4",
          "legendgroup": "4",
          "showlegend": false,
          "xaxis": "x2",
          "yaxis": "y4",
          "frame": null
        },
        {
          "x": [
            5,
            5,
            5,
            5,
            5,
            5,
            5,
            5,
            5,
            5,
            5,
            5,
            5,
            5,
            5,
            5,
            5,
            5,
            1,
            1,
            1,
            2,
            2,
            3,
            3,
            3,
            3,
            3,
            3,
            3,
            3,
            3,
            3,
            3,
            3,
            3,
            3,
            4,
            4,
            4,
            4,
            4,
            4,
            4,
            4,
            4,
            4
          ],
          "y": [
            0.751134395599365,
            0.911158502101898,
            0.920363426208496,
            0.984996795654297,
            0.73662656545639,
            0.719834685325623,
            0.927910029888153,
            0.66057151556015,
            0.798475027084351,
            0.505459427833557,
            0.613159418106079,
            0.969368040561676,
            0.673793435096741,
            0.885818779468536,
            0.851226627826691,
            0.746946394443512,
            0.560018658638,
            0.606785356998444,
            0.348963290452957,
            0.212597087025642,
            0.231842771172523,
            0.964105069637299,
            0.820387423038483,
            0.304930537939072,
            0.1710284948349,
            0.0897723361849785,
            0.171812698245049,
            0.533004403114319,
            0.208783194422722,
            0.200561121106148,
            0.448278248310089,
            0.201247796416283,
            0.214424058794975,
            0.125270590186119,
            0.264608174562454,
            0.0118185896426439,
            0.117512300610542,
            0.336528360843658,
            0.278600335121155,
            0.124247699975967,
            0.282046049833298,
            0.323575347661972,
            0.712189793586731,
            0.151002615690231,
            0.313713371753693,
            0.429269582033157,
            0.162347018718719
          ],
          "hoverinfo": "y",
          "type": "box",
          "fillcolor": "rgba(153,0,153,1)",
          "marker": {
            "opacity": 0,
            "outliercolor": "rgba(0,0,0,1)",
            "line": {
              "width": 1.88976377952756,
              "color": "rgba(0,0,0,1)"
            },
            "size": 5.66929133858268
          },
          "line": {
            "color": "rgba(51,51,51,1)",
            "width": 1.88976377952756
          },
          "name": "5",
          "legendgroup": "5",
          "showlegend": true,
          "xaxis": "x",
          "yaxis": "y5",
          "frame": null
        },
        {
          "x": [
            5,
            5,
            5,
            5,
            5,
            5,
            5,
            5,
            5,
            5,
            5,
            5,
            5,
            5,
            5,
            5,
            5,
            5,
            1,
            1,
            1,
            2,
            2,
            3,
            3,
            3,
            3,
            3,
            3,
            3,
            3,
            3,
            3,
            3,
            3,
            3,
            3,
            4,
            4,
            4,
            4,
            4,
            4,
            4,
            4,
            4,
            4
          ],
          "y": [
            0.0484580583870411,
            0.248279690742493,
            0.0428126156330109,
            0.120281755924225,
            0.321067154407501,
            0.0300219729542732,
            0.0248356740921736,
            0.146787375211716,
            0.343219995498657,
            0.242695346474648,
            0.242858991026878,
            0.164956271648407,
            0.213775366544724,
            0.182849913835526,
            0.119758568704128,
            0.084275983273983,
            0.427593588829041,
            0.0948259085416794,
            0.305635035037994,
            0.852410137653351,
            0.578988313674927,
            0.931892991065979,
            0.943816542625427,
            0.993012666702271,
            0.862090766429901,
            0.952452421188354,
            0.973785698413849,
            0.924757897853851,
            0.8969966173172,
            0.848609983921051,
            0.756585419178009,
            0.800307869911194,
            0.962515592575073,
            0.8782639503479,
            0.745280265808105,
            0.611097991466522,
            0.774474322795868,
            0.950610339641571,
            0.632829248905182,
            0.812866449356079,
            0.860200047492981,
            0.86956512928009,
            0.534825384616852,
            0.904780566692352,
            0.927392601966858,
            0.977370321750641,
            0.637898862361908
          ],
          "hoverinfo": "y",
          "type": "box",
          "fillcolor": "rgba(153,0,153,1)",
          "marker": {
            "opacity": 0,
            "outliercolor": "rgba(0,0,0,1)",
            "line": {
              "width": 1.88976377952756,
              "color": "rgba(0,0,0,1)"
            },
            "size": 5.66929133858268
          },
          "line": {
            "color": "rgba(51,51,51,1)",
            "width": 1.88976377952756
          },
          "name": "5",
          "legendgroup": "5",
          "showlegend": false,
          "xaxis": "x2",
          "yaxis": "y5",
          "frame": null
        }
      ],
      "layout": {
        "margin": {
          "t": 37.4307458143075,
          "r": 18.9954337899543,
          "b": 54.3074581430746,
          "l": 48.9497716894977
        },
        "plot_bgcolor": "rgba(255,255,255,1)",
        "paper_bgcolor": "rgba(255,255,255,1)",
        "font": {
          "color": "rgba(0,0,0,1)",
          "family": "",
          "size": 14.6118721461187
        },
        "xaxis": {
          "domain": [
            0,
            0.491438356164384
          ],
          "automargin": true,
          "type": "linear",
          "autorange": false,
          "range": [
            0.4,
            5.6
          ],
          "tickmode": "array",
          "ticktext": [
            "[-4,-3)",
            "[-3,-2)",
            "[-2,-1)",
            "[-1,0)",
            "[0,1)"
          ],
          "tickvals": [
            1,
            2,
            3,
            4,
            5
          ],
          "categoryorder": "array",
          "categoryarray": [
            "[-4,-3)",
            "[-3,-2)",
            "[-2,-1)",
            "[-1,0)",
            "[0,1)"
          ],
          "nticks": null,
          "ticks": "outside",
          "tickcolor": "rgba(51,51,51,1)",
          "ticklen": 3.65296803652968,
          "tickwidth": 0.66417600664176,
          "showticklabels": true,
          "tickfont": {
            "color": "rgba(77,77,77,1)",
            "family": "",
            "size": 11.689497716895
          },
          "tickangle": -90,
          "showline": false,
          "linecolor": null,
          "linewidth": 0,
          "showgrid": true,
          "gridcolor": "rgba(235,235,235,1)",
          "gridwidth": 0.66417600664176,
          "zeroline": false,
          "anchor": "y5",
          "title": "",
          "hoverformat": ".2f"
        },
        "yaxis": {
          "domain": [
            0.811415525114155,
            1
          ],
          "automargin": true,
          "type": "linear",
          "autorange": false,
          "range": [
            -0.0457912843301892,
            1.0409405085817
          ],
          "tickmode": "array",
          "ticktext": [
            "0.00",
            "0.25",
            "0.50",
            "0.75",
            "1.00"
          ],
          "tickvals": [
            0,
            0.25,
            0.5,
            0.75,
            1
          ],
          "categoryorder": "array",
          "categoryarray": [
            "0.00",
            "0.25",
            "0.50",
            "0.75",
            "1.00"
          ],
          "nticks": null,
          "ticks": "outside",
          "tickcolor": "rgba(51,51,51,1)",
          "ticklen": 3.65296803652968,
          "tickwidth": 0.66417600664176,
          "showticklabels": true,
          "tickfont": {
            "color": "rgba(77,77,77,1)",
            "family": "",
            "size": 11.689497716895
          },
          "tickangle": 0,
          "showline": false,
          "linecolor": null,
          "linewidth": 0,
          "showgrid": true,
          "gridcolor": "rgba(235,235,235,1)",
          "gridwidth": 0.66417600664176,
          "zeroline": false,
          "anchor": "x",
          "title": "",
          "hoverformat": ".2f"
        },
        "annotations": [
          {
            "text": "value",
            "x": 0,
            "y": 0.5,
            "showarrow": false,
            "ax": 0,
            "ay": 0,
            "font": {
              "color": "rgba(0,0,0,1)",
              "family": "",
              "size": 14.6118721461187
            },
            "xref": "paper",
            "yref": "paper",
            "textangle": -90,
            "xanchor": "right",
            "yanchor": "center",
            "annotationType": "axis",
            "xshift": -33.6073059360731
          },
          {
            "text": "20100 GLUCOSE- BLOOD normalized",
            "x": 0.245719178082192,
            "y": 1,
            "showarrow": false,
            "ax": 0,
            "ay": 0,
            "font": {
              "color": "rgba(26,26,26,1)",
              "family": "",
              "size": 11.689497716895
            },
            "xref": "paper",
            "yref": "paper",
            "textangle": 0,
            "xanchor": "center",
            "yanchor": "bottom"
          },
          {
            "text": "21200 CHOLESTEROL normalized",
            "x": 0.754280821917808,
            "y": 1,
            "showarrow": false,
            "ax": 0,
            "ay": 0,
            "font": {
              "color": "rgba(26,26,26,1)",
              "family": "",
              "size": 11.689497716895
            },
            "xref": "paper",
            "yref": "paper",
            "textangle": 0,
            "xanchor": "center",
            "yanchor": "bottom"
          },
          {
            "text": "1",
            "x": 1,
            "y": 0.905707762557078,
            "showarrow": false,
            "ax": 0,
            "ay": 0,
            "font": {
              "color": "rgba(26,26,26,1)",
              "family": "",
              "size": 11.689497716895
            },
            "xref": "paper",
            "yref": "paper",
            "textangle": 90,
            "xanchor": "left",
            "yanchor": "middle"
          },
          {
            "text": "2",
            "x": 1,
            "y": 0.7,
            "showarrow": false,
            "ax": 0,
            "ay": 0,
            "font": {
              "color": "rgba(26,26,26,1)",
              "family": "",
              "size": 11.689497716895
            },
            "xref": "paper",
            "yref": "paper",
            "textangle": 90,
            "xanchor": "left",
            "yanchor": "middle"
          },
          {
            "text": "3",
            "x": 1,
            "y": 0.5,
            "showarrow": false,
            "ax": 0,
            "ay": 0,
            "font": {
              "color": "rgba(26,26,26,1)",
              "family": "",
              "size": 11.689497716895
            },
            "xref": "paper",
            "yref": "paper",
            "textangle": 90,
            "xanchor": "left",
            "yanchor": "middle"
          },
          {
            "text": "4",
            "x": 1,
            "y": 0.3,
            "showarrow": false,
            "ax": 0,
            "ay": 0,
            "font": {
              "color": "rgba(26,26,26,1)",
              "family": "",
              "size": 11.689497716895
            },
            "xref": "paper",
            "yref": "paper",
            "textangle": 90,
            "xanchor": "left",
            "yanchor": "middle"
          },
          {
            "text": "5",
            "x": 1,
            "y": 0.0942922374429224,
            "showarrow": false,
            "ax": 0,
            "ay": 0,
            "font": {
              "color": "rgba(26,26,26,1)",
              "family": "",
              "size": 11.689497716895
            },
            "xref": "paper",
            "yref": "paper",
            "textangle": 90,
            "xanchor": "left",
            "yanchor": "middle"
          }
        ],
        "shapes": [
          {
            "type": "rect",
            "fillcolor": "transparent",
            "line": {
              "color": "rgba(51,51,51,1)",
              "width": 0.66417600664176,
              "linetype": "solid"
            },
            "yref": "paper",
            "xref": "paper",
            "x0": 0,
            "x1": 0.491438356164384,
            "y0": 0.811415525114155,
            "y1": 1
          },
          {
            "type": "rect",
            "fillcolor": null,
            "line": {
              "color": null,
              "width": 0,
              "linetype": []
            },
            "yref": "paper",
            "xref": "paper",
            "x0": 0,
            "x1": 0.491438356164384,
            "y0": 0,
            "y1": 23.37899543379,
            "yanchor": 1,
            "ysizemode": "pixel"
          },
          {
            "type": "rect",
            "fillcolor": "transparent",
            "line": {
              "color": "rgba(51,51,51,1)",
              "width": 0.66417600664176,
              "linetype": "solid"
            },
            "yref": "paper",
            "xref": "paper",
            "x0": 0.508561643835616,
            "x1": 1,
            "y0": 0.811415525114155,
            "y1": 1
          },
          {
            "type": "rect",
            "fillcolor": null,
            "line": {
              "color": null,
              "width": 0,
              "linetype": []
            },
            "yref": "paper",
            "xref": "paper",
            "x0": 0.508561643835616,
            "x1": 1,
            "y0": 0,
            "y1": 23.37899543379,
            "yanchor": 1,
            "ysizemode": "pixel"
          },
          {
            "type": "rect",
            "fillcolor": null,
            "line": {
              "color": null,
              "width": 0,
              "linetype": []
            },
            "yref": "paper",
            "xref": "paper",
            "y0": 0.811415525114155,
            "y1": 1,
            "x0": 0,
            "x1": 23.37899543379,
            "xanchor": 1,
            "xsizemode": "pixel"
          },
          {
            "type": "rect",
            "fillcolor": "transparent",
            "line": {
              "color": "rgba(51,51,51,1)",
              "width": 0.66417600664176,
              "linetype": "solid"
            },
            "yref": "paper",
            "xref": "paper",
            "x0": 0,
            "x1": 0.491438356164384,
            "y0": 0.611415525114155,
            "y1": 0.788584474885845
          },
          {
            "type": "rect",
            "fillcolor": "transparent",
            "line": {
              "color": "rgba(51,51,51,1)",
              "width": 0.66417600664176,
              "linetype": "solid"
            },
            "yref": "paper",
            "xref": "paper",
            "x0": 0.508561643835616,
            "x1": 1,
            "y0": 0.611415525114155,
            "y1": 0.788584474885845
          },
          {
            "type": "rect",
            "fillcolor": null,
            "line": {
              "color": null,
              "width": 0,
              "linetype": []
            },
            "yref": "paper",
            "xref": "paper",
            "y0": 0.611415525114155,
            "y1": 0.788584474885845,
            "x0": 0,
            "x1": 23.37899543379,
            "xanchor": 1,
            "xsizemode": "pixel"
          },
          {
            "type": "rect",
            "fillcolor": "transparent",
            "line": {
              "color": "rgba(51,51,51,1)",
              "width": 0.66417600664176,
              "linetype": "solid"
            },
            "yref": "paper",
            "xref": "paper",
            "x0": 0,
            "x1": 0.491438356164384,
            "y0": 0.411415525114155,
            "y1": 0.588584474885845
          },
          {
            "type": "rect",
            "fillcolor": "transparent",
            "line": {
              "color": "rgba(51,51,51,1)",
              "width": 0.66417600664176,
              "linetype": "solid"
            },
            "yref": "paper",
            "xref": "paper",
            "x0": 0.508561643835616,
            "x1": 1,
            "y0": 0.411415525114155,
            "y1": 0.588584474885845
          },
          {
            "type": "rect",
            "fillcolor": null,
            "line": {
              "color": null,
              "width": 0,
              "linetype": []
            },
            "yref": "paper",
            "xref": "paper",
            "y0": 0.411415525114155,
            "y1": 0.588584474885845,
            "x0": 0,
            "x1": 23.37899543379,
            "xanchor": 1,
            "xsizemode": "pixel"
          },
          {
            "type": "rect",
            "fillcolor": "transparent",
            "line": {
              "color": "rgba(51,51,51,1)",
              "width": 0.66417600664176,
              "linetype": "solid"
            },
            "yref": "paper",
            "xref": "paper",
            "x0": 0,
            "x1": 0.491438356164384,
            "y0": 0.211415525114155,
            "y1": 0.388584474885845
          },
          {
            "type": "rect",
            "fillcolor": "transparent",
            "line": {
              "color": "rgba(51,51,51,1)",
              "width": 0.66417600664176,
              "linetype": "solid"
            },
            "yref": "paper",
            "xref": "paper",
            "x0": 0.508561643835616,
            "x1": 1,
            "y0": 0.211415525114155,
            "y1": 0.388584474885845
          },
          {
            "type": "rect",
            "fillcolor": null,
            "line": {
              "color": null,
              "width": 0,
              "linetype": []
            },
            "yref": "paper",
            "xref": "paper",
            "y0": 0.211415525114155,
            "y1": 0.388584474885845,
            "x0": 0,
            "x1": 23.37899543379,
            "xanchor": 1,
            "xsizemode": "pixel"
          },
          {
            "type": "rect",
            "fillcolor": "transparent",
            "line": {
              "color": "rgba(51,51,51,1)",
              "width": 0.66417600664176,
              "linetype": "solid"
            },
            "yref": "paper",
            "xref": "paper",
            "x0": 0,
            "x1": 0.491438356164384,
            "y0": 0,
            "y1": 0.188584474885845
          },
          {
            "type": "rect",
            "fillcolor": "transparent",
            "line": {
              "color": "rgba(51,51,51,1)",
              "width": 0.66417600664176,
              "linetype": "solid"
            },
            "yref": "paper",
            "xref": "paper",
            "x0": 0.508561643835616,
            "x1": 1,
            "y0": 0,
            "y1": 0.188584474885845
          },
          {
            "type": "rect",
            "fillcolor": null,
            "line": {
              "color": null,
              "width": 0,
              "linetype": []
            },
            "yref": "paper",
            "xref": "paper",
            "y0": 0,
            "y1": 0.188584474885845,
            "x0": 0,
            "x1": 23.37899543379,
            "xanchor": 1,
            "xsizemode": "pixel"
          }
        ],
        "xaxis2": {
          "type": "linear",
          "autorange": false,
          "range": [
            0.4,
            5.6
          ],
          "tickmode": "array",
          "ticktext": [
            "[-4,-3)",
            "[-3,-2)",
            "[-2,-1)",
            "[-1,0)",
            "[0,1)"
          ],
          "tickvals": [
            1,
            2,
            3,
            4,
            5
          ],
          "categoryorder": "array",
          "categoryarray": [
            "[-4,-3)",
            "[-3,-2)",
            "[-2,-1)",
            "[-1,0)",
            "[0,1)"
          ],
          "nticks": null,
          "ticks": "outside",
          "tickcolor": "rgba(51,51,51,1)",
          "ticklen": 3.65296803652968,
          "tickwidth": 0.66417600664176,
          "showticklabels": true,
          "tickfont": {
            "color": "rgba(77,77,77,1)",
            "family": "",
            "size": 11.689497716895
          },
          "tickangle": -90,
          "showline": false,
          "linecolor": null,
          "linewidth": 0,
          "showgrid": true,
          "domain": [
            0.508561643835616,
            1
          ],
          "gridcolor": "rgba(235,235,235,1)",
          "gridwidth": 0.66417600664176,
          "zeroline": false,
          "anchor": "y5",
          "title": "",
          "hoverformat": ".2f"
        },
        "yaxis2": {
          "type": "linear",
          "autorange": false,
          "range": [
            -0.0457912843301892,
            1.0409405085817
          ],
          "tickmode": "array",
          "ticktext": [
            "0.00",
            "0.25",
            "0.50",
            "0.75",
            "1.00"
          ],
          "tickvals": [
            0,
            0.25,
            0.5,
            0.75,
            1
          ],
          "categoryorder": "array",
          "categoryarray": [
            "0.00",
            "0.25",
            "0.50",
            "0.75",
            "1.00"
          ],
          "nticks": null,
          "ticks": "outside",
          "tickcolor": "rgba(51,51,51,1)",
          "ticklen": 3.65296803652968,
          "tickwidth": 0.66417600664176,
          "showticklabels": true,
          "tickfont": {
            "color": "rgba(77,77,77,1)",
            "family": "",
            "size": 11.689497716895
          },
          "tickangle": 0,
          "showline": false,
          "linecolor": null,
          "linewidth": 0,
          "showgrid": true,
          "domain": [
            0.611415525114155,
            0.788584474885845
          ],
          "gridcolor": "rgba(235,235,235,1)",
          "gridwidth": 0.66417600664176,
          "zeroline": false,
          "anchor": "x",
          "title": "",
          "hoverformat": ".2f"
        },
        "yaxis3": {
          "type": "linear",
          "autorange": false,
          "range": [
            -0.0457912843301892,
            1.0409405085817
          ],
          "tickmode": "array",
          "ticktext": [
            "0.00",
            "0.25",
            "0.50",
            "0.75",
            "1.00"
          ],
          "tickvals": [
            0,
            0.25,
            0.5,
            0.75,
            1
          ],
          "categoryorder": "array",
          "categoryarray": [
            "0.00",
            "0.25",
            "0.50",
            "0.75",
            "1.00"
          ],
          "nticks": null,
          "ticks": "outside",
          "tickcolor": "rgba(51,51,51,1)",
          "ticklen": 3.65296803652968,
          "tickwidth": 0.66417600664176,
          "showticklabels": true,
          "tickfont": {
            "color": "rgba(77,77,77,1)",
            "family": "",
            "size": 11.689497716895
          },
          "tickangle": 0,
          "showline": false,
          "linecolor": null,
          "linewidth": 0,
          "showgrid": true,
          "domain": [
            0.411415525114155,
            0.588584474885845
          ],
          "gridcolor": "rgba(235,235,235,1)",
          "gridwidth": 0.66417600664176,
          "zeroline": false,
          "anchor": "x",
          "title": "",
          "hoverformat": ".2f"
        },
        "yaxis4": {
          "type": "linear",
          "autorange": false,
          "range": [
            -0.0457912843301892,
            1.0409405085817
          ],
          "tickmode": "array",
          "ticktext": [
            "0.00",
            "0.25",
            "0.50",
            "0.75",
            "1.00"
          ],
          "tickvals": [
            0,
            0.25,
            0.5,
            0.75,
            1
          ],
          "categoryorder": "array",
          "categoryarray": [
            "0.00",
            "0.25",
            "0.50",
            "0.75",
            "1.00"
          ],
          "nticks": null,
          "ticks": "outside",
          "tickcolor": "rgba(51,51,51,1)",
          "ticklen": 3.65296803652968,
          "tickwidth": 0.66417600664176,
          "showticklabels": true,
          "tickfont": {
            "color": "rgba(77,77,77,1)",
            "family": "",
            "size": 11.689497716895
          },
          "tickangle": 0,
          "showline": false,
          "linecolor": null,
          "linewidth": 0,
          "showgrid": true,
          "domain": [
            0.211415525114155,
            0.388584474885845
          ],
          "gridcolor": "rgba(235,235,235,1)",
          "gridwidth": 0.66417600664176,
          "zeroline": false,
          "anchor": "x",
          "title": "",
          "hoverformat": ".2f"
        },
        "yaxis5": {
          "type": "linear",
          "autorange": false,
          "range": [
            -0.0457912843301892,
            1.0409405085817
          ],
          "tickmode": "array",
          "ticktext": [
            "0.00",
            "0.25",
            "0.50",
            "0.75",
            "1.00"
          ],
          "tickvals": [
            0,
            0.25,
            0.5,
            0.75,
            1
          ],
          "categoryorder": "array",
          "categoryarray": [
            "0.00",
            "0.25",
            "0.50",
            "0.75",
            "1.00"
          ],
          "nticks": null,
          "ticks": "outside",
          "tickcolor": "rgba(51,51,51,1)",
          "ticklen": 3.65296803652968,
          "tickwidth": 0.66417600664176,
          "showticklabels": true,
          "tickfont": {
            "color": "rgba(77,77,77,1)",
            "family": "",
            "size": 11.689497716895
          },
          "tickangle": 0,
          "showline": false,
          "linecolor": null,
          "linewidth": 0,
          "showgrid": true,
          "domain": [
            0,
            0.188584474885845
          ],
          "gridcolor": "rgba(235,235,235,1)",
          "gridwidth": 0.66417600664176,
          "zeroline": false,
          "anchor": "x",
          "title": "",
          "hoverformat": ".2f"
        },
        "showlegend": false,
        "legend": {
          "bgcolor": "rgba(255,255,255,1)",
          "bordercolor": "transparent",
          "borderwidth": 1.88976377952756,
          "font": {
            "color": "rgba(0,0,0,1)",
            "family": "",
            "size": 11.689497716895
          }
        },
        "hovermode": "closest",
        "barmode": "relative"
      }
    },
    "messageType": "chronicDiseaseCohorts.report",
    "requestId": "272cf9d9-179e-4aaa-b665-4eb1700e5196",
    "cohortId": "c_f74b9c92bc0517005234279f26646e4a"
  },
  "id": "272cf9d9-179e-4aaa-b665-4eb1700e5196"
}