age_group,gender,track,predisposition,risk,rr,risk_count,predisposition_and_risk,risk_duration,predisposition_and_risk_duration,type
"[60,70)",female,WZMN.med.TRISEQUENS_CD,cohort.5Fc.5Ff74b9c92bc0517005234279f26646e4a,WZMN.med.TRISEQUENS_CD,1.66,9361,11,27017595,19136,NA
"[60,70)",female,WZMN.med.MEBENDAZOLE,cohort.5Fc.5Ff74b9c92bc0517005234279f26646e4a,MEBENDAZOLE,1.62,19035,22,26904286,19136,Med
"[60,70)",female,WZMN.med.KLIOGEST_CD,cohort.5Fc.5Ff74b9c92bc0517005234279f26646e4a,KLIOGEST CD,1.42,19475,20,26454537,19136,Med
"[60,70)",male,WZMN.med.GOSERELIN,cohort.5Fc.5Ff74b9c92bc0517005234279f26646e4a,GOSERELIN,1.33,12122,20,22918906,28474,Med
"[60,70)",female,WZMN.med.CIMETIDINE,cohort.5Fc.5Ff74b9c92bc0517005234279f26646e4a,CIMETIDINE,1.32,12233,11,28117856,19136,Med
"[60,70)",male,WZMN.med.EUCALYPTUS_OIL,cohort.5Fc.5Ff74b9c92bc0517005234279f26646e4a,EUCALYPTUS OIL,1.3,9240,15,22780385,28474,Med
"[60,70)",female,WZMN.med.POVIDONE,cohort.5Fc.5Ff74b9c92bc0517005234279f26646e4a,POVIDONE,1.29,17795,16,27477417,19136,Med
"[60,70)",female,WZMN.med.IMIPRAMINE,cohort.5Fc.5Ff74b9c92bc0517005234279f26646e4a,IMIPRAMINE,1.29,24039,22,26976757,19136,Med
"[60,70)",female,WZMN.med.BLEPHAMIDE_CD,cohort.5Fc.5Ff74b9c92bc0517005234279f26646e4a,BLEPHAMIDE CD,1.27,12705,11,28015822,19136,Med
"[60,70)",male,WZMN.med.DOXYLAMINE,cohort.5Fc.5Ff74b9c92bc0517005234279f26646e4a,DOXYLAMINE,1.27,8224,13,22847493,28474,Med
"[60,70)",female,WZMN.med.BRONCHOLATE_NEW_FORMULA_CD,cohort.5Fc.5Ff74b9c92bc0517005234279f26646e4a,BRONCHOLATE NEW FORMULA CD,1.25,36605,35,25055425,19136,Med
"[60,70)",male,WZMN.med.DURATEARS_CD,cohort.5Fc.5Ff74b9c92bc0517005234279f26646e4a,DURATEARS CD,1.24,12222,19,22671179,28474,Med
"[60,70)",female,WZMN.med.ALPHOSYL_.22.222_IN_1.22.22_CD,cohort.5Fc.5Ff74b9c92bc0517005234279f26646e4a,"ALPHOSYL """"2 IN 1"""" CD",1.22,19735,17,27191923,19136,Med
"[60,70)",female,WZMN.med.DIMENHYDRINATE,cohort.5Fc.5Ff74b9c92bc0517005234279f26646e4a,DIMENHYDRINATE,1.19,40666,37,24960261,19136,Med
"[60,70)",female,WZMN.med.DURATEARS_CD,cohort.5Fc.5Ff74b9c92bc0517005234279f26646e4a,DURATEARS CD,1.18,33101,28,26681786,19136,Med
"[60,70)",female,WZMN.med.MINOXIDIL,cohort.5Fc.5Ff74b9c92bc0517005234279f26646e4a,MINOXIDIL,1.18,14751,12,27723053,19136,Med
"[60,70)",male,WZMN.med.CHLORPROMAZINE,cohort.5Fc.5Ff74b9c92bc0517005234279f26646e4a,CHLORPROMAZINE,1.17,13150,20,21895285,28474,Med
"[60,70)",female,WZMN.med.HYDROXYCARBAMIDE,cohort.5Fc.5Ff74b9c92bc0517005234279f26646e4a,HYDROXYCARBAMIDE,1.17,22141,18,27509805,19136,Med
"[60,70)",male,WZMN.med.ASCORBIC_ACID.2DPROPOLIS_CD,cohort.5Fc.5Ff74b9c92bc0517005234279f26646e4a,ASCORBIC ACID-PROPOLIS CD,1.15,8345,12,22845141,28474,Med
"[60,70)",female,WZMN.med.MIGRALEVE_CD,cohort.5Fc.5Ff74b9c92bc0517005234279f26646e4a,MIGRALEVE CD,1.15,13610,11,27293291,19136,Med
"[60,70)",female,WZMN.med.GLYCERIN.2DSORBITOL_CD,cohort.5Fc.5Ff74b9c92bc0517005234279f26646e4a,GLYCERIN-SORBITOL CD,1.14,21451,17,27410375,19136,Med
"[60,70)",female,WZMN.med.METFORMIN_AND_LINAGLIPTIN_CD,cohort.5Fc.5Ff74b9c92bc0517005234279f26646e4a,METFORMIN AND LINAGLIPTIN CD,1.14,22795,18,27546196,19136,Med
"[60,70)",male,WZMN.med.RADIAN_B_CD,cohort.5Fc.5Ff74b9c92bc0517005234279f26646e4a,RADIAN B CD,1.12,14607,21,22252966,28474,Med
"[60,70)",male,WZMN.med.TIMOLOL.2D_BRINZOLAMIDE,cohort.5Fc.5Ff74b9c92bc0517005234279f26646e4a,WZMN.med.TIMOLOL.2D_BRINZOLAMIDE,1.12,13542,19,22704104,28474,NA
"[60,70)",male,WZMN.med.BORIC_ACID,cohort.5Fc.5Ff74b9c92bc0517005234279f26646e4a,BORIC ACID,1.12,8579,12,22776001,28474,Med
"[60,70)",female,WZMN.med.FLUOCINOLONE,cohort.5Fc.5Ff74b9c92bc0517005234279f26646e4a,FLUOCINOLONE,1.12,16766,13,27730513,19136,Med
"[60,70)",female,WZMN.med.AMOROLFINE,cohort.5Fc.5Ff74b9c92bc0517005234279f26646e4a,AMOROLFINE,1.11,29723,24,26372971,19136,Med
"[60,70)",female,WZMN.med.EYE_CARE_WIPES,cohort.5Fc.5Ff74b9c92bc0517005234279f26646e4a,EYE CARE WIPES,1.11,29247,23,26913256,19136,Med
"[60,70)",male,WZMN.med.PROCTOZORIN_.2D_N_CD,cohort.5Fc.5Ff74b9c92bc0517005234279f26646e4a,PROCTOZORIN - N CD,1.1,10745,15,22472214,28474,Med
"[60,70)",male,WZMN.med.ANKLE_BRACE,cohort.5Fc.5Ff74b9c92bc0517005234279f26646e4a,ANKLE BRACE,1.09,19573,28,21667459,28474,Med
"[60,70)",male,WZMN.med.ISOCONAZOLE,cohort.5Fc.5Ff74b9c92bc0517005234279f26646e4a,ISOCONAZOLE,1.09,8817,12,22767921,28474,Med
"[60,70)",female,WZMN.med.SOY_ISOFLAVONES,cohort.5Fc.5Ff74b9c92bc0517005234279f26646e4a,WZMN.med.SOY_ISOFLAVONES,1.08,15351,12,26320416,19136,NA
"[60,70)",female,WZMN.med.TICAGRELOR,cohort.5Fc.5Ff74b9c92bc0517005234279f26646e4a,WZMN.med.TICAGRELOR,1.08,14824,11,27971378,19136,NA
"[60,70)",female,WZMN.med.DEXPANTHENOL.2DSODIUM_HYALURONATE_CD,cohort.5Fc.5Ff74b9c92bc0517005234279f26646e4a,DEXPANTHENOL-SODIUM HYALURONATE CD,1.08,21360,16,27531156,19136,Med
"[60,70)",female,WZMN.med.INSULIN_ASPART,cohort.5Fc.5Ff74b9c92bc0517005234279f26646e4a,INSULIN ASPART,1.08,108469,149,14998217,19136,Med
"[60,70)",female,WZMN.med.PENCICLOVIR,cohort.5Fc.5Ff74b9c92bc0517005234279f26646e4a,PENCICLOVIR,1.07,18649,14,27157107,19136,Med
"[60,70)",female,WZMN.med.TIMOLOL.2DTRAVOPROST_CD,cohort.5Fc.5Ff74b9c92bc0517005234279f26646e4a,WZMN.med.TIMOLOL.2DTRAVOPROST_CD,1.07,16493,12,28222262,19136,NA
"[60,70)",male,WZMN.med.ZINCOD_CD,cohort.5Fc.5Ff74b9c92bc0517005234279f26646e4a,WZMN.med.ZINCOD_CD,1.07,11130,15,22669033,28474,NA
"[60,70)",female,WZMN.med.RAFATHRICIN_WITH_BENZOCAINE_CD,cohort.5Fc.5Ff74b9c92bc0517005234279f26646e4a,RAFATHRICIN WITH BENZOCAINE CD,1.06,42735,36,24052249,19136,Med
"[60,70)",male,WZMN.med.SELEGILINE,cohort.5Fc.5Ff74b9c92bc0517005234279f26646e4a,WZMN.med.SELEGILINE,1.06,19262,26,22378671,28474,NA
"[60,70)",male,WZMN.med.T2D.INSULIN,cohort.5Fc.5Ff74b9c92bc0517005234279f26646e4a,WZMN.med.T2D.INSULIN,1.06,69978,444,4734812,28474,NA
"[60,70)",female,WZMN.med.THERMOMETER,cohort.5Fc.5Ff74b9c92bc0517005234279f26646e4a,WZMN.med.THERMOMETER,1.06,53349,47,23016809,19136,NA
"[60,70)",female,WZMN.med.LANTHANUM_CARBONATE,cohort.5Fc.5Ff74b9c92bc0517005234279f26646e4a,LANTHANUM CARBONATE,1.06,25784,19,27409174,19136,Med
"[60,70)",male,WZMN.med.LYTEERS.2FV.2DTEARS,cohort.5Fc.5Ff74b9c92bc0517005234279f26646e4a,LYTEERS/V-TEARS,1.06,64668,107,18235762,28474,Med
"[60,70)",male,WZMN.med.ANESTHETIC.2FOTIDIN_CD,cohort.5Fc.5Ff74b9c92bc0517005234279f26646e4a,ANESTHETIC/OTIDIN CD,1.04,39328,60,19444301,28474,Med
"[60,70)",male,WZMN.med.FUROSEMIDE,cohort.5Fc.5Ff74b9c92bc0517005234279f26646e4a,FUROSEMIDE,1.04,83668,435,5709114,28474,Med
"[60,70)",female,WZMN.med.IMMUNOGLOBULINS_IV_HUMAN,cohort.5Fc.5Ff74b9c92bc0517005234279f26646e4a,IMMUNOGLOBULINS IV HUMAN,1.04,20656,15,27387969,19136,Med
"[60,70)",male,WZMN.med.KALGARON_CD,cohort.5Fc.5Ff74b9c92bc0517005234279f26646e4a,KALGARON CD,1.04,30165,44,20330186,28474,Med
"[60,70)",male,WZMN.med.WATER_FOR_INJECTION,cohort.5Fc.5Ff74b9c92bc0517005234279f26646e4a,WZMN.med.WATER_FOR_INJECTION,1.03,12459,16,22750587,28474,NA
"[60,70)",female,WZMN.med.DARBEPOETIN_ALFA,cohort.5Fc.5Ff74b9c92bc0517005234279f26646e4a,DARBEPOETIN ALFA,1.03,91615,83,21844976,19136,Med
"[60,70)",female,WZMN.med.PHENOBARBITAL,cohort.5Fc.5Ff74b9c92bc0517005234279f26646e4a,PHENOBARBITAL,1.02,33952,26,25598857,19136,Med
"[60,70)",male,WZMN.med.SALICYLIC_ACID,cohort.5Fc.5Ff74b9c92bc0517005234279f26646e4a,WZMN.med.SALICYLIC_ACID,1.02,26863,37,21070585,28474,NA
"[60,70)",female,WZMN.med.HYDROGEN_PEROXIDE,cohort.5Fc.5Ff74b9c92bc0517005234279f26646e4a,HYDROGEN PEROXIDE,1.02,41179,32,25067767,19136,Med
"[60,70)",female,WZMN.med.ASCORBIC_ACID.2DROSE_HIPS_CD,cohort.5Fc.5Ff74b9c92bc0517005234279f26646e4a,ASCORBIC ACID-ROSE HIPS CD,1.01,51051,41,24063422,19136,Med
"[60,70)",male,WZMN.med.BACK_BRACE,cohort.5Fc.5Ff74b9c92bc0517005234279f26646e4a,BACK BRACE,1.01,32553,46,20331004,28474,Med
"[60,70)",male,WZMN.med.BALNEUM_CD,cohort.5Fc.5Ff74b9c92bc0517005234279f26646e4a,BALNEUM CD,1.01,11771,15,22638842,28474,Med
"[60,70)",male,WZMN.med.CERUMOL_CD,cohort.5Fc.5Ff74b9c92bc0517005234279f26646e4a,CERUMOL CD,1.01,12480,16,22366089,28474,Med
"[60,70)",female,WZMN.med.INSULIN_DEGLUDEC,cohort.5Fc.5Ff74b9c92bc0517005234279f26646e4a,INSULIN DEGLUDEC,1.01,28032,20,27022640,19136,Med
"[60,70)",female,WZMN.med.MYCOPHENOLIC_ACID,cohort.5Fc.5Ff74b9c92bc0517005234279f26646e4a,MYCOPHENOLIC ACID,1.01,46532,37,24207027,19136,Med
"[60,70)",male,WZMN.med.ROPINIROLE,cohort.5Fc.5Ff74b9c92bc0517005234279f26646e4a,ROPINIROLE,1,27470,36,21738687,28474,Med
"[60,70)",female,WZMN.med.BACLOFEN,cohort.5Fc.5Ff74b9c92bc0517005234279f26646e4a,BACLOFEN,1,40566,31,25049096,19136,Med
"[60,70)",male,WZMN.med.CROMOGLICIC_ACID,cohort.5Fc.5Ff74b9c92bc0517005234279f26646e4a,CROMOGLICIC ACID,1,11059,14,22545595,28474,Med
"[60,70)",female,WZMN.med.ELASTIC_BANDAGE,cohort.5Fc.5Ff74b9c92bc0517005234279f26646e4a,ELASTIC BANDAGE,1,48898,38,24723959,19136,Med
