{
  "messageType": "chronicDiseaseCohorts.genReport",
  "cohortId": "c_852224647576d5dc7caf30a2f44deb20",
  "report": {
    "type": "survival",
    "timeRange": [
      0,
      5
    ],
    "timeScope": [
      {
        "day": 1,
        "month": 1,
        "year": 2004
      },
      {
        "day": 1,
        "month": 1,
        "year": 2018
      }
    ],
    "ageBreaks": [
      50,
      60
    ],
    "bgN": 10000,
    "colors": {
      "case.male": "#3366cc",
      "case.female": "#dc3912",
      "control.male": "#6c7381",
      "control.female": "#595656"
    },
    "background": {
      "requiredFilter": [],
      "excludeFilter": [],
      "matching": [],
      "id": "c_7d76ae34df881364c7fd689b00949958",
      "status": "built"
    }
  }
}