{
  "timestamp": "20240404175821975829",
  "request_id": "13557c7a-e72b-4a27-a96f-98e0936762e2",
  "output_file": "data/outputs\\full_comparison_with_export_all_reports\\0311124831435_analysisDocument.genReport_tracks.json",
  "expected_output_file": "data/expectations\\full_comparison_with_export_all_reports\\0311124831435_analysisDocument.genReport_tracks.json",
  "diff": [
    {
      "path": [
        "data",
        4,
        "q75"
      ],
      "action": "type_changes",
      "value": 15.0303952693939,
      "old_value": 15,
      "type": "<class 'float'>",
      "old_type": "<class 'int'>"
    },
    {
      "path": [
        "data",
        20,
        "q75"
      ],
      "action": "type_changes",
      "value": 15,
      "old_value": 14.8997294902802,
      "type": "<class 'int'>",
      "old_type": "<class 'float'>"
    },
    {
      "path": [
        "data",
        0,
        "mean"
      ],
      "action": "values_changed",
      "value": 14.4161897156955,
      "old_value": 14.5222267770963
    },
    {
      "path": [
        "data",
        0,
        "sd"
      ],
      "action": "values_changed",
      "value": 1.12588651737997,
      "old_value": 1.06009806240824
    },
    {
      "path": [
        "data",
        0,
        "q10"
      ],
      "action": "values_changed",
      "value": 13.1049373626709,
      "old_value": 13.1959413528442
    },
    {
      "path": [
        "data",
        0,
        "q25"
      ],
      "action": "values_changed",
      "value": 13.7018532752991,
      "old_value": 13.8000001907349
    },
    {
      "path": [
        "data",
        0,
        "q50"
      ],
      "action": "values_changed",
      "value": 14.3982362747192,
      "old_value": 14.5060710906982
    },
    {
      "path": [
        "data",
        0,
        "q75"
      ],
      "action": "values_changed",
      "value": 15.1980094909668,
      "old_value": 15.3503260612488
    },
    {
      "path": [
        "data",
        0,
        "q90"
      ],
      "action": "values_changed",
      "value": 15.6937957763672,
      "old_value": 15.8000001907349
    },
    {
      "path": [
        "data",
        1,
        "mean"
      ],
      "action": "values_changed",
      "value": 12.9855048431093,
      "old_value": 12.9932857105388
    },
    {
      "path": [
        "data",
        1,
        "sd"
      ],
      "action": "values_changed",
      "value": 0.889427744960598,
      "old_value": 0.895678706410739
    },
    {
      "path": [
        "data",
        1,
        "q10"
      ],
      "action": "values_changed",
      "value": 11.8986839294434,
      "old_value": 11.8979195594788
    },
    {
      "path": [
        "data",
        1,
        "q25"
      ],
      "action": "values_changed",
      "value": 12.3916947841644,
      "old_value": 12.396317243576
    },
    {
      "path": [
        "data",
        1,
        "q50"
      ],
      "action": "values_changed",
      "value": 12.944456577301,
      "old_value": 12.9928059577942
    },
    {
      "path": [
        "data",
        1,
        "q75"
      ],
      "action": "values_changed",
      "value": 13.6046922206879,
      "old_value": 13.6967129707336
    },
    {
      "path": [
        "data",
        1,
        "q90"
      ],
      "action": "values_changed",
      "value": 14.1186835289001,
      "old_value": 14.0909904479981
    },
    {
      "path": [
        "data",
        2,
        "mean"
      ],
      "action": "values_changed",
      "value": 14.2582375231407,
      "old_value": 14.1915894823966
    },
    {
      "path": [
        "data",
        2,
        "sd"
      ],
      "action": "values_changed",
      "value": 1.11739801828409,
      "old_value": 1.10502305696497
    },
    {
      "path": [
        "data",
        2,
        "q10"
      ],
      "action": "values_changed",
      "value": 12.9919081687927,
      "old_value": 12.9912439346313
    },
    {
      "path": [
        "data",
        2,
        "q25"
      ],
      "action": "values_changed",
      "value": 13.4259209632874,
      "old_value": 13.3954138755798
    },
    {
      "path": [
        "data",
        2,
        "q50"
      ],
      "action": "values_changed",
      "value": 14.199511051178,
      "old_value": 14.1022715568542
    },
    {
      "path": [
        "data",
        2,
        "q90"
      ],
      "action": "values_changed",
      "value": 15.6918917655945,
      "old_value": 15.6000003814697
    },
    {
      "path": [
        "data",
        3,
        "mean"
      ],
      "action": "values_changed",
      "value": 12.8784043168921,
      "old_value": 12.896146729935
    },
    {
      "path": [
        "data",
        3,
        "sd"
      ],
      "action": "values_changed",
      "value": 0.878469566198213,
      "old_value": 0.866888948425113
    },
    {
      "path": [
        "data",
        3,
        "q10"
      ],
      "action": "values_changed",
      "value": 11.9219203948975,
      "old_value": 11.9909172058105
    },
    {
      "path": [
        "data",
        3,
        "q50"
      ],
      "action": "values_changed",
      "value": 12.8004016876221,
      "old_value": 12.802809715271
    },
    {
      "path": [
        "data",
        3,
        "q75"
      ],
      "action": "values_changed",
      "value": 13.6000204086304,
      "old_value": 13.6002788543701
    },
    {
      "path": [
        "data",
        3,
        "q90"
      ],
      "action": "values_changed",
      "value": 14.0408395767212,
      "old_value": 13.9987863540649
    },
    {
      "path": [
        "data",
        4,
        "mean"
      ],
      "action": "values_changed",
      "value": 14.199635092331,
      "old_value": 14.1404215058555
    },
    {
      "path": [
        "data",
        4,
        "sd"
      ],
      "action": "values_changed",
      "value": 1.2040694185677,
      "old_value": 1.22504692486227
    },
    {
      "path": [
        "data",
        4,
        "q10"
      ],
      "action": "values_changed",
      "value": 12.8045903205872,
      "old_value": 12.8017889976501
    },
    {
      "path": [
        "data",
        4,
        "q25"
      ],
      "action": "values_changed",
      "value": 13.6005229949951,
      "old_value": 13.6005423069
    },
    {
      "path": [
        "data",
        4,
        "q50"
      ],
      "action": "values_changed",
      "value": 14.3013572692871,
      "old_value": 14.171422958374
    },
    {
      "path": [
        "data",
        4,
        "q90"
      ],
      "action": "values_changed",
      "value": 15.6000003814697,
      "old_value": 15.5
    },
    {
      "path": [
        "data",
        5,
        "mean"
      ],
      "action": "values_changed",
      "value": 12.8168620998467,
      "old_value": 12.8076956494757
    },
    {
      "path": [
        "data",
        5,
        "sd"
      ],
      "action": "values_changed",
      "value": 0.842806774337394,
      "old_value": 0.879997763487077
    },
    {
      "path": [
        "data",
        5,
        "q10"
      ],
      "action": "values_changed",
      "value": 11.8748571395874,
      "old_value": 11.8098583221436
    },
    {
      "path": [
        "data",
        5,
        "q25"
      ],
      "action": "values_changed",
      "value": 12.1999082565308,
      "old_value": 12.1977653503418
    },
    {
      "path": [
        "data",
        5,
        "q50"
      ],
      "action": "values_changed",
      "value": 12.6969871520996,
      "old_value": 12.6982622146606
    },
    {
      "path": [
        "data",
        5,
        "q75"
      ],
      "action": "values_changed",
      "value": 13.4980087280273,
      "old_value": 13.4983043670654
    },
    {
      "path": [
        "data",
        5,
        "q90"
      ],
      "action": "values_changed",
      "value": 13.9930278778076,
      "old_value": 13.917716217041
    },
    {
      "path": [
        "data",
        6,
        "mean"
      ],
      "action": "values_changed",
      "value": 14.0451919307896,
      "old_value": 14.0620451277378
    },
    {
      "path": [
        "data",
        6,
        "sd"
      ],
      "action": "values_changed",
      "value": 1.08841381530392,
      "old_value": 1.05978109434719
    },
    {
      "path": [
        "data",
        6,
        "q10"
      ],
      "action": "values_changed",
      "value": 12.8933320999146,
      "old_value": 12.8991411209106
    },
    {
      "path": [
        "data",
        6,
        "q25"
      ],
      "action": "values_changed",
      "value": 13.3975174427032,
      "old_value": 13.4035449028015
    },
    {
      "path": [
        "data",
        6,
        "q50"
      ],
      "action": "values_changed",
      "value": 13.904821395874,
      "old_value": 13.9919581413269
    },
    {
      "path": [
        "data",
        6,
        "q75"
      ],
      "action": "values_changed",
      "value": 14.8950114250183,
      "old_value": 14.8900973796844
    },
    {
      "path": [
        "data",
        6,
        "q90"
      ],
      "action": "values_changed",
      "value": 15.3965055465698,
      "old_value": 15.304065990448
    },
    {
      "path": [
        "data",
        7,
        "mean"
      ],
      "action": "values_changed",
      "value": 12.725279757851,
      "old_value": 12.7550847862527
    },
    {
      "path": [
        "data",
        7,
        "sd"
      ],
      "action": "values_changed",
      "value": 0.833351746468587,
      "old_value": 0.844027859587411
    },
    {
      "path": [
        "data",
        7,
        "q10"
      ],
      "action": "values_changed",
      "value": 11.8000817298889,
      "old_value": 11.7046146392822
    },
    {
      "path": [
        "data",
        7,
        "q25"
      ],
      "action": "values_changed",
      "value": 12.1902587413788,
      "old_value": 12.1918079853058
    },
    {
      "path": [
        "data",
        7,
        "q50"
      ],
      "action": "values_changed",
      "value": 12.600971698761,
      "old_value": 12.6097207069397
    },
    {
      "path": [
        "data",
        7,
        "q75"
      ],
      "action": "values_changed",
      "value": 13.3000001907349,
      "old_value": 13.3077480792999
    },
    {
      "path": [
        "data",
        7,
        "q90"
      ],
      "action": "values_changed",
      "value": 13.8000001907349,
      "old_value": 13.8966093063354
    },
    {
      "path": [
        "data",
        8,
        "mean"
      ],
      "action": "values_changed",
      "value": 13.9437365626034,
      "old_value": 13.9234092706128
    },
    {
      "path": [
        "data",
        8,
        "sd"
      ],
      "action": "values_changed",
      "value": 1.13812294277365,
      "old_value": 1.06960893879049
    },
    {
      "path": [
        "data",
        8,
        "q10"
      ],
      "action": "values_changed",
      "value": 12.8014750480652,
      "old_value": 12.8011255264282
    },
    {
      "path": [
        "data",
        8,
        "q50"
      ],
      "action": "values_changed",
      "value": 13.8950200080872,
      "old_value": 13.8110814094543
    },
    {
      "path": [
        "data",
        8,
        "q75"
      ],
      "action": "values_changed",
      "value": 14.7027103900909,
      "old_value": 14.6972169876099
    },
    {
      "path": [
        "data",
        8,
        "q90"
      ],
      "action": "values_changed",
      "value": 15.3975882530212,
      "old_value": 15.3506274223328
    },
    {
      "path": [
        "data",
        9,
        "mean"
      ],
      "action": "values_changed",
      "value": 12.6652073211556,
      "old_value": 12.7187873002125
    },
    {
      "path": [
        "data",
        9,
        "sd"
      ],
      "action": "values_changed",
      "value": 0.900286033236686,
      "old_value": 0.850288316701452
    },
    {
      "path": [
        "data",
        9,
        "q10"
      ],
      "action": "values_changed",
      "value": 11.6909362792969,
      "old_value": 11.713907623291
    },
    {
      "path": [
        "data",
        9,
        "q25"
      ],
      "action": "values_changed",
      "value": 12.1047677993774,
      "old_value": 12.1906900405884
    },
    {
      "path": [
        "data",
        9,
        "q75"
      ],
      "action": "values_changed",
      "value": 13.3000001907349,
      "old_value": 13.3934116363525
    },
    {
      "path": [
        "data",
        9,
        "q90"
      ],
      "action": "values_changed",
      "value": 13.8181663513184,
      "old_value": 13.8952926635742
    },
    {
      "path": [
        "data",
        10,
        "mean"
      ],
      "action": "values_changed",
      "value": 13.8357461913157,
      "old_value": 13.8884202908661
    },
    {
      "path": [
        "data",
        10,
        "sd"
      ],
      "action": "values_changed",
      "value": 1.19197125225078,
      "old_value": 1.05891044644808
    },
    {
      "path": [
        "data",
        10,
        "q10"
      ],
      "action": "values_changed",
      "value": 12.6001436233521,
      "old_value": 12.6980316162109
    },
    {
      "path": [
        "data",
        10,
        "q25"
      ],
      "action": "values_changed",
      "value": 13.2020871639252,
      "old_value": 13.3000001907349
    },
    {
      "path": [
        "data",
        10,
        "q50"
      ],
      "action": "values_changed",
      "value": 13.8000001907349,
      "old_value": 13.814088344574
    },
    {
      "path": [
        "data",
        10,
        "q75"
      ],
      "action": "values_changed",
      "value": 14.6128787994385,
      "old_value": 14.6000003814697
    },
    {
      "path": [
        "data",
        10,
        "q90"
      ],
      "action": "values_changed",
      "value": 15.3029138565063,
      "old_value": 15.1959999084473
    },
    {
      "path": [
        "data",
        11,
        "mean"
      ],
      "action": "values_changed",
      "value": 12.6987006786453,
      "old_value": 12.7151763365873
    },
    {
      "path": [
        "data",
        11,
        "sd"
      ],
      "action": "values_changed",
      "value": 0.896676920369894,
      "old_value": 0.925531453840623
    },
    {
      "path": [
        "data",
        11,
        "q10"
      ],
      "action": "values_changed",
      "value": 11.7027629852295,
      "old_value": 11.7016881942749
    },
    {
      "path": [
        "data",
        11,
        "q25"
      ],
      "action": "values_changed",
      "value": 12.1005425453186,
      "old_value": 12.1000003814697
    },
    {
      "path": [
        "data",
        11,
        "q75"
      ],
      "action": "values_changed",
      "value": 13.3000001907349,
      "old_value": 13.3934464454651
    },
    {
      "path": [
        "data",
        11,
        "q90"
      ],
      "action": "values_changed",
      "value": 13.8937570571899,
      "old_value": 13.9921266555786
    },
    {
      "path": [
        "data",
        12,
        "mean"
      ],
      "action": "values_changed",
      "value": 13.8632128338481,
      "old_value": 13.8653279060541
    },
    {
      "path": [
        "data",
        12,
        "sd"
      ],
      "action": "values_changed",
      "value": 1.08770853880633,
      "old_value": 1.08550148462176
    },
    {
      "path": [
        "data",
        12,
        "q10"
      ],
      "action": "values_changed",
      "value": 12.800538444519,
      "old_value": 12.649489402771
    },
    {
      "path": [
        "data",
        12,
        "q25"
      ],
      "action": "values_changed",
      "value": 13.2027013301849,
      "old_value": 13.1144206523895
    },
    {
      "path": [
        "data",
        12,
        "q50"
      ],
      "action": "values_changed",
      "value": 13.8049216270447,
      "old_value": 13.8000001907349
    },
    {
      "path": [
        "data",
        12,
        "q75"
      ],
      "action": "values_changed",
      "value": 14.6000003814697,
      "old_value": 14.6131210327148
    },
    {
      "path": [
        "data",
        12,
        "q90"
      ],
      "action": "values_changed",
      "value": 15.2050681114197,
      "old_value": 15.3037351608276
    },
    {
      "path": [
        "data",
        13,
        "mean"
      ],
      "action": "values_changed",
      "value": 12.697720371947,
      "old_value": 12.6861260442569
    },
    {
      "path": [
        "data",
        13,
        "sd"
      ],
      "action": "values_changed",
      "value": 0.907683458588066,
      "old_value": 0.92699542140501
    },
    {
      "path": [
        "data",
        13,
        "q10"
      ],
      "action": "values_changed",
      "value": 11.6962335586548,
      "old_value": 11.6905221939087
    },
    {
      "path": [
        "data",
        13,
        "q25"
      ],
      "action": "values_changed",
      "value": 12.1014747619629,
      "old_value": 12.1072406768799
    },
    {
      "path": [
        "data",
        13,
        "q50"
      ],
      "action": "values_changed",
      "value": 12.5075941085815,
      "old_value": 12.6000003814697
    },
    {
      "path": [
        "data",
        13,
        "q75"
      ],
      "action": "values_changed",
      "value": 13.3000001907349,
      "old_value": 13.3936195373535
    },
    {
      "path": [
        "data",
        13,
        "q90"
      ],
      "action": "values_changed",
      "value": 13.8907890319824,
      "old_value": 13.8916446685791
    },
    {
      "path": [
        "data",
        14,
        "mean"
      ],
      "action": "values_changed",
      "value": 13.7541811658879,
      "old_value": 13.8143607305758
    },
    {
      "path": [
        "data",
        14,
        "sd"
      ],
      "action": "values_changed",
      "value": 1.18322398359149,
      "old_value": 1.28252290968325
    },
    {
      "path": [
        "data",
        14,
        "q10"
      ],
      "action": "values_changed",
      "value": 12.5368614196777,
      "old_value": 12.5576066970825
    },
    {
      "path": [
        "data",
        14,
        "q25"
      ],
      "action": "values_changed",
      "value": 13.1122617721558,
      "old_value": 13.200187921524
    },
    {
      "path": [
        "data",
        14,
        "q50"
      ],
      "action": "values_changed",
      "value": 13.697124004364,
      "old_value": 13.8000001907349
    },
    {
      "path": [
        "data",
        14,
        "q75"
      ],
      "action": "values_changed",
      "value": 14.5106534957886,
      "old_value": 14.6936054229736
    },
    {
      "path": [
        "data",
        14,
        "q90"
      ],
      "action": "values_changed",
      "value": 15.1980090141296,
      "old_value": 15.3034052848816
    },
    {
      "path": [
        "data",
        15,
        "mean"
      ],
      "action": "values_changed",
      "value": 12.6140080727253,
      "old_value": 12.5475478794976
    },
    {
      "path": [
        "data",
        15,
        "sd"
      ],
      "action": "values_changed",
      "value": 0.971166229324048,
      "old_value": 0.951973054287353
    },
    {
      "path": [
        "data",
        15,
        "q25"
      ],
      "action": "values_changed",
      "value": 12.1000003814697,
      "old_value": 11.9965920448303
    },
    {
      "path": [
        "data",
        15,
        "q50"
      ],
      "action": "values_changed",
      "value": 12.4974637031555,
      "old_value": 12.4952635765076
    },
    {
      "path": [
        "data",
        15,
        "q75"
      ],
      "action": "values_changed",
      "value": 13.3000001907349,
      "old_value": 13.2015900611877
    },
    {
      "path": [
        "data",
        15,
        "q90"
      ],
      "action": "values_changed",
      "value": 13.8974385261536,
      "old_value": 13.8000001907349
    },
    {
      "path": [
        "data",
        16,
        "mean"
      ],
      "action": "values_changed",
      "value": 13.8068257132492,
      "old_value": 13.7577277725026
    },
    {
      "path": [
        "data",
        16,
        "sd"
      ],
      "action": "values_changed",
      "value": 1.09491223131437,
      "old_value": 1.16657696192008
    },
    {
      "path": [
        "data",
        16,
        "q10"
      ],
      "action": "values_changed",
      "value": 12.6016735076904,
      "old_value": 12.6034452438355
    },
    {
      "path": [
        "data",
        16,
        "q25"
      ],
      "action": "values_changed",
      "value": 13.1093170642853,
      "old_value": 13.1057159900665
    },
    {
      "path": [
        "data",
        16,
        "q50"
      ],
      "action": "values_changed",
      "value": 13.7022085189819,
      "old_value": 13.6997394561768
    },
    {
      "path": [
        "data",
        16,
        "q75"
      ],
      "action": "values_changed",
      "value": 14.6000003814697,
      "old_value": 14.5028057098389
    },
    {
      "path": [
        "data",
        16,
        "q90"
      ],
      "action": "values_changed",
      "value": 15.3007660865784,
      "old_value": 15.3012678146362
    },
    {
      "path": [
        "data",
        57,
        "cohort"
      ],
      "action": "values_changed",
      "value": "c_56bef3eb6a1907d71a3fee360940931b",
      "old_value": "c_b0475e53c4b385489d065b1eba846603"
    },
    {
      "path": [
        "data",
        57,
        "count"
      ],
      "action": "values_changed",
      "value": 513,
      "old_value": 860
    },
    {
      "path": [
        "data",
        57,
        "mean"
      ],
      "action": "values_changed",
      "value": 12.6709728296737,
      "old_value": 12.5981059545694
    },
    {
      "path": [
        "data",
        57,
        "sd"
      ],
      "action": "values_changed",
      "value": 0.876083762004701,
      "old_value": 0.957653122881616
    },
    {
      "path": [
        "data",
        57,
        "q25"
      ],
      "action": "values_changed",
      "value": 12.1000003814697,
      "old_value": 11.9943211078644
    },
    {
      "path": [
        "data",
        57,
        "q50"
      ],
      "action": "values_changed",
      "value": 12.6000003814697,
      "old_value": 12.4984683990479
    },
    {
      "path": [
        "data",
        57,
        "q90"
      ],
      "action": "values_changed",
      "value": 13.8920986175537,
      "old_value": 13.8000001907349
    },
    {
      "path": [
        "data",
        18,
        "mean"
      ],
      "action": "values_changed",
      "value": 13.7430519250254,
      "old_value": 13.7688983515048
    },
    {
      "path": [
        "data",
        18,
        "sd"
      ],
      "action": "values_changed",
      "value": 1.1873365686565,
      "old_value": 1.08690194349411
    },
    {
      "path": [
        "data",
        18,
        "q10"
      ],
      "action": "values_changed",
      "value": 12.497444152832,
      "old_value": 12.6000003814697
    },
    {
      "path": [
        "data",
        18,
        "q25"
      ],
      "action": "values_changed",
      "value": 13.1985807418823,
      "old_value": 13.1135396957397
    },
    {
      "path": [
        "data",
        18,
        "q50"
      ],
      "action": "values_changed",
      "value": 13.6977872848511,
      "old_value": 13.6040487289429
    },
    {
      "path": [
        "data",
        18,
        "q75"
      ],
      "action": "values_changed",
      "value": 14.5026206970215,
      "old_value": 14.4029865264893
    },
    {
      "path": [
        "data",
        18,
        "q90"
      ],
      "action": "values_changed",
      "value": 15.2086111068726,
      "old_value": 15.2837181091309
    },
    {
      "path": [
        "data",
        19,
        "mean"
      ],
      "action": "values_changed",
      "value": 12.571920882331,
      "old_value": 12.6449862056308
    },
    {
      "path": [
        "data",
        19,
        "sd"
      ],
      "action": "values_changed",
      "value": 0.940993309577923,
      "old_value": 1.02748419003644
    },
    {
      "path": [
        "data",
        19,
        "q10"
      ],
      "action": "values_changed",
      "value": 11.5011478424072,
      "old_value": 11.4934737205505
    },
    {
      "path": [
        "data",
        19,
        "q25"
      ],
      "action": "values_changed",
      "value": 11.994077205658,
      "old_value": 11.9959037303925
    },
    {
      "path": [
        "data",
        19,
        "q50"
      ],
      "action": "values_changed",
      "value": 12.4952607154846,
      "old_value": 12.6000003814697
    },
    {
      "path": [
        "data",
        19,
        "q75"
      ],
      "action": "values_changed",
      "value": 13.2017662525177,
      "old_value": 13.3975377082825
    },
    {
      "path": [
        "data",
        19,
        "q90"
      ],
      "action": "values_changed",
      "value": 13.8000001907349,
      "old_value": 13.990625667572
    },
    {
      "path": [
        "data",
        20,
        "mean"
      ],
      "action": "values_changed",
      "value": 14.1764770952442,
      "old_value": 14.1790235926331
    },
    {
      "path": [
        "data",
        20,
        "sd"
      ],
      "action": "values_changed",
      "value": 1.09178279983696,
      "old_value": 1.0314991395263
    },
    {
      "path": [
        "data",
        20,
        "q10"
      ],
      "action": "values_changed",
      "value": 12.9947583198547,
      "old_value": 13.0028635025024
    },
    {
      "path": [
        "data",
        20,
        "q25"
      ],
      "action": "values_changed",
      "value": 13.4997692108154,
      "old_value": 13.5022468566895
    },
    {
      "path": [
        "data",
        20,
        "q50"
      ],
      "action": "values_changed",
      "value": 14.1025638580322,
      "old_value": 14.1021394729614
    },
    {
      "path": [
        "data",
        21,
        "mean"
      ],
      "action": "values_changed",
      "value": 12.8180901228257,
      "old_value": 12.8447389325256
    },
    {
      "path": [
        "data",
        21,
        "sd"
      ],
      "action": "values_changed",
      "value": 0.89941758826819,
      "old_value": 0.900520684089717
    },
    {
      "path": [
        "data",
        21,
        "q10"
      ],
      "action": "values_changed",
      "value": 11.8044076919556,
      "old_value": 11.8055671691895
    },
    {
      "path": [
        "data",
        21,
        "q25"
      ],
      "action": "values_changed",
      "value": 12.197466135025,
      "old_value": 12.1976215839386
    },
    {
      "path": [
        "data",
        21,
        "q50"
      ],
      "action": "values_changed",
      "value": 12.703489780426,
      "old_value": 12.8007254600525
    },
    {
      "path": [
        "data",
        21,
        "q75"
      ],
      "action": "values_changed",
      "value": 13.502406835556,
      "old_value": 13.5011661052704
    },
    {
      "path": [
        "data",
        21,
        "q90"
      ],
      "action": "values_changed",
      "value": 13.9960670471191,
      "old_value": 13.9977753639221
    },
    {
      "path": [
        "data",
        22,
        "mean"
      ],
      "action": "values_changed",
      "value": 14.1305505152565,
      "old_value": 14.0824678016631
    },
    {
      "path": [
        "data",
        22,
        "sd"
      ],
      "action": "values_changed",
      "value": 1.10334987331983,
      "old_value": 1.078760511647
    },
    {
      "path": [
        "data",
        22,
        "q10"
      ],
      "action": "values_changed",
      "value": 12.8999394416809,
      "old_value": 12.9140810012817
    },
    {
      "path": [
        "data",
        22,
        "q25"
      ],
      "action": "values_changed",
      "value": 13.4079706668854,
      "old_value": 13.3987455368042
    },
    {
      "path": [
        "data",
        22,
        "q50"
      ],
      "action": "values_changed",
      "value": 14.0029125213623,
      "old_value": 13.9953603744507
    },
    {
      "path": [
        "data",
        22,
        "q75"
      ],
      "action": "values_changed",
      "value": 14.8939251899719,
      "old_value": 14.8000001907349
    },
    {
      "path": [
        "data",
        22,
        "q90"
      ],
      "action": "values_changed",
      "value": 15.6000003814697,
      "old_value": 15.4004925727844
    },
    {
      "path": [
        "data",
        23,
        "mean"
      ],
      "action": "values_changed",
      "value": 12.7966115973946,
      "old_value": 12.8172478876859
    },
    {
      "path": [
        "data",
        23,
        "sd"
      ],
      "action": "values_changed",
      "value": 0.884107894484327,
      "old_value": 0.886855652721451
    },
    {
      "path": [
        "data",
        23,
        "q10"
      ],
      "action": "values_changed",
      "value": 11.8019689559937,
      "old_value": 11.8087038040161
    },
    {
      "path": [
        "data",
        23,
        "q25"
      ],
      "action": "values_changed",
      "value": 12.1968517303467,
      "old_value": 12.1992492675781
    },
    {
      "path": [
        "data",
        23,
        "q50"
      ],
      "action": "values_changed",
      "value": 12.6980438232422,
      "old_value": 12.6990833282471
    },
    {
      "path": [
        "data",
        23,
        "q75"
      ],
      "action": "values_changed",
      "value": 13.3979558944702,
      "old_value": 13.4999222755432
    },
    {
      "path": [
        "data",
        23,
        "q90"
      ],
      "action": "values_changed",
      "value": 13.9909456253052,
      "old_value": 13.9948740005493
    },
    {
      "path": [
        "data",
        24,
        "mean"
      ],
      "action": "values_changed",
      "value": 14.0857014743012,
      "old_value": 14.0648952060276
    },
    {
      "path": [
        "data",
        24,
        "sd"
      ],
      "action": "values_changed",
      "value": 1.09447066523347,
      "old_value": 1.10679081670951
    },
    {
      "path": [
        "data",
        24,
        "q10"
      ],
      "action": "values_changed",
      "value": 12.804280090332,
      "old_value": 12.8027051925659
    },
    {
      "path": [
        "data",
        24,
        "q25"
      ],
      "action": "values_changed",
      "value": 13.4078488349915,
      "old_value": 13.3953247070312
    },
    {
      "path": [
        "data",
        24,
        "q50"
      ],
      "action": "values_changed",
      "value": 13.9980754852295,
      "old_value": 13.9937057495117
    },
    {
      "path": [
        "data",
        24,
        "q75"
      ],
      "action": "values_changed",
      "value": 14.8000001907349,
      "old_value": 14.8912773132324
    },
    {
      "path": [
        "data",
        25,
        "mean"
      ],
      "action": "values_changed",
      "value": 12.8330428398636,
      "old_value": 12.7729745673691
    },
    {
      "path": [
        "data",
        25,
        "sd"
      ],
      "action": "values_changed",
      "value": 0.895924983524134,
      "old_value": 0.878992739175882
    },
    {
      "path": [
        "data",
        25,
        "q10"
      ],
      "action": "values_changed",
      "value": 11.8155579566956,
      "old_value": 11.8045735359192
    },
    {
      "path": [
        "data",
        25,
        "q25"
      ],
      "action": "values_changed",
      "value": 12.1987986564636,
      "old_value": 12.1950056552887
    },
    {
      "path": [
        "data",
        25,
        "q50"
      ],
      "action": "values_changed",
      "value": 12.7004914283752,
      "old_value": 12.6926350593567
    },
    {
      "path": [
        "data",
        25,
        "q75"
      ],
      "action": "values_changed",
      "value": 13.4991788864136,
      "old_value": 13.3942627906799
    },
    {
      "path": [
        "data",
        25,
        "q90"
      ],
      "action": "values_changed",
      "value": 13.9951887130737,
      "old_value": 13.8979344367981
    },
    {
      "path": [
        "data",
        26,
        "mean"
      ],
      "action": "values_changed",
      "value": 14.0140750466947,
      "old_value": 13.9798560070966
    },
    {
      "path": [
        "data",
        26,
        "sd"
      ],
      "action": "values_changed",
      "value": 1.07770542455207,
      "old_value": 1.08849744718995
    },
    {
      "path": [
        "data",
        26,
        "q10"
      ],
      "action": "values_changed",
      "value": 12.8009877204895,
      "old_value": 12.8028998374939
    },
    {
      "path": [
        "data",
        26,
        "q25"
      ],
      "action": "values_changed",
      "value": 13.3911716938019,
      "old_value": 13.302971124649
    },
    {
      "path": [
        "data",
        26,
        "q50"
      ],
      "action": "values_changed",
      "value": 13.8995699882507,
      "old_value": 13.8986225128174
    },
    {
      "path": [
        "data",
        26,
        "q75"
      ],
      "action": "values_changed",
      "value": 14.8000001907349,
      "old_value": 14.700421333313
    },
    {
      "path": [
        "data",
        26,
        "q90"
      ],
      "action": "values_changed",
      "value": 15.3978824615479,
      "old_value": 15.3959822654724
    },
    {
      "path": [
        "data",
        27,
        "mean"
      ],
      "action": "values_changed",
      "value": 12.7113021916968,
      "old_value": 12.7143508847131
    },
    {
      "path": [
        "data",
        27,
        "sd"
      ],
      "action": "values_changed",
      "value": 0.910236186787622,
      "old_value": 0.877074602513604
    },
    {
      "path": [
        "data",
        27,
        "q10"
      ],
      "action": "values_changed",
      "value": 11.701815032959,
      "old_value": 11.7022928237915
    },
    {
      "path": [
        "data",
        27,
        "q25"
      ],
      "action": "values_changed",
      "value": 12.191339969635,
      "old_value": 12.1918449401855
    },
    {
      "path": [
        "data",
        27,
        "q75"
      ],
      "action": "values_changed",
      "value": 13.3927307128906,
      "old_value": 13.3007879257202
    },
    {
      "path": [
        "data",
        27,
        "q90"
      ],
      "action": "values_changed",
      "value": 13.8908048629761,
      "old_value": 13.8942304611206
    },
    {
      "path": [
        "data",
        28,
        "mean"
      ],
      "action": "values_changed",
      "value": 13.9205905725446,
      "old_value": 13.9283478518923
    },
    {
      "path": [
        "data",
        28,
        "sd"
      ],
      "action": "values_changed",
      "value": 1.06042885063854,
      "old_value": 1.10641701155824
    },
    {
      "path": [
        "data",
        28,
        "q10"
      ],
      "action": "values_changed",
      "value": 12.80120677948,
      "old_value": 12.8018358230591
    },
    {
      "path": [
        "data",
        28,
        "q50"
      ],
      "action": "values_changed",
      "value": 13.8127751350403,
      "old_value": 13.8916640281677
    },
    {
      "path": [
        "data",
        28,
        "q75"
      ],
      "action": "values_changed",
      "value": 14.6907470226288,
      "old_value": 14.6923394203186
    },
    {
      "path": [
        "data",
        28,
        "q90"
      ],
      "action": "values_changed",
      "value": 15.3043533325195,
      "old_value": 15.3044134140015
    },
    {
      "path": [
        "data",
        29,
        "mean"
      ],
      "action": "values_changed",
      "value": 12.672087609926,
      "old_value": 12.6375770920468
    },
    {
      "path": [
        "data",
        29,
        "sd"
      ],
      "action": "values_changed",
      "value": 0.905446530925728,
      "old_value": 0.906172482022671
    },
    {
      "path": [
        "data",
        29,
        "q10"
      ],
      "action": "values_changed",
      "value": 11.6954235076904,
      "old_value": 11.6199131011963
    },
    {
      "path": [
        "data",
        29,
        "q50"
      ],
      "action": "values_changed",
      "value": 12.6000003814697,
      "old_value": 12.4994487762451
    },
    {
      "path": [
        "data",
        29,
        "q75"
      ],
      "action": "values_changed",
      "value": 13.3000001907349,
      "old_value": 13.2034778594971
    },
    {
      "path": [
        "data",
        29,
        "q90"
      ],
      "action": "values_changed",
      "value": 13.8915714263916,
      "old_value": 13.8924043655396
    },
    {
      "path": [
        "data",
        30,
        "mean"
      ],
      "action": "values_changed",
      "value": 13.9269173137851,
      "old_value": 13.8890687935558
    },
    {
      "path": [
        "data",
        30,
        "sd"
      ],
      "action": "values_changed",
      "value": 1.13190854967268,
      "old_value": 1.16164971662214
    },
    {
      "path": [
        "data",
        30,
        "q10"
      ],
      "action": "values_changed",
      "value": 12.8000148773193,
      "old_value": 12.6977644920349
    },
    {
      "path": [
        "data",
        30,
        "q50"
      ],
      "action": "values_changed",
      "value": 13.8920907974243,
      "old_value": 13.8127746582031
    },
    {
      "path": [
        "data",
        30,
        "q75"
      ],
      "action": "values_changed",
      "value": 14.6155385971069,
      "old_value": 14.6151309013367
    },
    {
      "path": [
        "data",
        30,
        "q90"
      ],
      "action": "values_changed",
      "value": 15.395183467865,
      "old_value": 15.303466796875
    },
    {
      "path": [
        "data",
        31,
        "mean"
      ],
      "action": "values_changed",
      "value": 12.6545252277567,
      "old_value": 12.6498173527764
    },
    {
      "path": [
        "data",
        31,
        "sd"
      ],
      "action": "values_changed",
      "value": 0.874725415937135,
      "old_value": 0.902098328521475
    },
    {
      "path": [
        "data",
        31,
        "q10"
      ],
      "action": "values_changed",
      "value": 11.6915958404541,
      "old_value": 11.6917984008789
    },
    {
      "path": [
        "data",
        31,
        "q75"
      ],
      "action": "values_changed",
      "value": 13.3000001907349,
      "old_value": 13.2047531604767
    },
    {
      "path": [
        "data",
        31,
        "q90"
      ],
      "action": "values_changed",
      "value": 13.8911078453064,
      "old_value": 13.8955842018127
    },
    {
      "path": [
        "data",
        32,
        "mean"
      ],
      "action": "values_changed",
      "value": 13.8801304493662,
      "old_value": 13.8381144194436
    },
    {
      "path": [
        "data",
        32,
        "sd"
      ],
      "action": "values_changed",
      "value": 1.17160000623191,
      "old_value": 1.09267613582451
    },
    {
      "path": [
        "data",
        32,
        "q10"
      ],
      "action": "values_changed",
      "value": 12.6941305160522,
      "old_value": 12.6902149200439
    },
    {
      "path": [
        "data",
        32,
        "q25"
      ],
      "action": "values_changed",
      "value": 13.2025079727173,
      "old_value": 13.1953716278076
    },
    {
      "path": [
        "data",
        32,
        "q50"
      ],
      "action": "values_changed",
      "value": 13.8082714080811,
      "old_value": 13.8000001907349
    },
    {
      "path": [
        "data",
        32,
        "q75"
      ],
      "action": "values_changed",
      "value": 14.695291519165,
      "old_value": 14.5096855163574
    },
    {
      "path": [
        "data",
        32,
        "q90"
      ],
      "action": "values_changed",
      "value": 15.3027137756348,
      "old_value": 15.3020427703857
    },
    {
      "path": [
        "data",
        33,
        "mean"
      ],
      "action": "values_changed",
      "value": 12.6365329459947,
      "old_value": 12.6917076323278
    },
    {
      "path": [
        "data",
        33,
        "sd"
      ],
      "action": "values_changed",
      "value": 0.903297729473163,
      "old_value": 0.90480169354582
    },
    {
      "path": [
        "data",
        33,
        "q10"
      ],
      "action": "values_changed",
      "value": 11.608980178833,
      "old_value": 11.6985883712769
    },
    {
      "path": [
        "data",
        33,
        "q25"
      ],
      "action": "values_changed",
      "value": 11.9994621276855,
      "old_value": 12.1000003814697
    },
    {
      "path": [
        "data",
        33,
        "q50"
      ],
      "action": "values_changed",
      "value": 12.4988565444946,
      "old_value": 12.6000003814697
    },
    {
      "path": [
        "data",
        33,
        "q75"
      ],
      "action": "values_changed",
      "value": 13.3000001907349,
      "old_value": 13.3037157058716
    },
    {
      "path": [
        "data",
        33,
        "q90"
      ],
      "action": "values_changed",
      "value": 13.89098072052,
      "old_value": 13.8976945877075
    },
    {
      "path": [
        "data",
        34,
        "mean"
      ],
      "action": "values_changed",
      "value": 13.8676118863808,
      "old_value": 13.8553707822339
    },
    {
      "path": [
        "data",
        34,
        "sd"
      ],
      "action": "values_changed",
      "value": 1.11874736093526,
      "old_value": 1.12170270874551
    },
    {
      "path": [
        "data",
        34,
        "q10"
      ],
      "action": "values_changed",
      "value": 12.6058931350708,
      "old_value": 12.6000003814697
    },
    {
      "path": [
        "data",
        34,
        "q25"
      ],
      "action": "values_changed",
      "value": 13.2005286216736,
      "old_value": 13.1992950439453
    },
    {
      "path": [
        "data",
        34,
        "q75"
      ],
      "action": "values_changed",
      "value": 14.6062207221985,
      "old_value": 14.6080987453461
    },
    {
      "path": [
        "data",
        34,
        "q90"
      ],
      "action": "values_changed",
      "value": 15.3046002388,
      "old_value": 15.3018145561218
    },
    {
      "path": [
        "data",
        35,
        "mean"
      ],
      "action": "values_changed",
      "value": 12.6364334040787,
      "old_value": 12.5938914834681
    },
    {
      "path": [
        "data",
        35,
        "sd"
      ],
      "action": "values_changed",
      "value": 0.942419775382378,
      "old_value": 0.951811448663817
    },
    {
      "path": [
        "data",
        35,
        "q10"
      ],
      "action": "values_changed",
      "value": 11.6083065032959,
      "old_value": 11.6000003814697
    },
    {
      "path": [
        "data",
        35,
        "q25"
      ],
      "action": "values_changed",
      "value": 12.1000003814697,
      "old_value": 11.9963445663452
    },
    {
      "path": [
        "data",
        35,
        "q50"
      ],
      "action": "values_changed",
      "value": 12.5558652877808,
      "old_value": 12.4977655410767
    },
    {
      "path": [
        "data",
        35,
        "q90"
      ],
      "action": "values_changed",
      "value": 13.8924625396729,
      "old_value": 13.8904764175415
    },
    {
      "path": [
        "data",
        36,
        "mean"
      ],
      "action": "values_changed",
      "value": 13.8552688430558,
      "old_value": 13.8258572187506
    },
    {
      "path": [
        "data",
        36,
        "sd"
      ],
      "action": "values_changed",
      "value": 1.10595297671022,
      "old_value": 1.12939837317173
    },
    {
      "path": [
        "data",
        36,
        "q10"
      ],
      "action": "values_changed",
      "value": 12.6976976394653,
      "old_value": 12.6047773361206
    },
    {
      "path": [
        "data",
        36,
        "q25"
      ],
      "action": "values_changed",
      "value": 13.1996903419495,
      "old_value": 13.1979441642761
    },
    {
      "path": [
        "data",
        36,
        "q50"
      ],
      "action": "values_changed",
      "value": 13.8000001907349,
      "old_value": 13.7047719955444
    },
    {
      "path": [
        "data",
        36,
        "q75"
      ],
      "action": "values_changed",
      "value": 14.6025395393372,
      "old_value": 14.6000003814697
    },
    {
      "path": [
        "data",
        36,
        "q90"
      ],
      "action": "values_changed",
      "value": 15.3035545349121,
      "old_value": 15.3010158538818
    },
    {
      "path": [
        "data",
        37,
        "mean"
      ],
      "action": "values_changed",
      "value": 12.5890977328516,
      "old_value": 12.5762765883653
    },
    {
      "path": [
        "data",
        37,
        "sd"
      ],
      "action": "values_changed",
      "value": 0.945998611819905,
      "old_value": 0.939458237386572
    },
    {
      "path": [
        "data",
        37,
        "q25"
      ],
      "action": "values_changed",
      "value": 11.9983749389648,
      "old_value": 11.9965019226074
    },
    {
      "path": [
        "data",
        37,
        "q50"
      ],
      "action": "values_changed",
      "value": 12.4989204406738,
      "old_value": 12.4958715438843
    },
    {
      "path": [
        "data",
        37,
        "q75"
      ],
      "action": "values_changed",
      "value": 13.2035121917725,
      "old_value": 13.1973505020142
    },
    {
      "path": [
        "data",
        37,
        "q90"
      ],
      "action": "values_changed",
      "value": 13.8000001907349,
      "old_value": 13.8958347320557
    },
    {
      "path": [
        "data",
        38,
        "mean"
      ],
      "action": "values_changed",
      "value": 13.7582092431743,
      "old_value": 13.7757255733552
    },
    {
      "path": [
        "data",
        38,
        "sd"
      ],
      "action": "values_changed",
      "value": 1.18726578111239,
      "old_value": 1.20944239110375
    },
    {
      "path": [
        "data",
        38,
        "q10"
      ],
      "action": "values_changed",
      "value": 12.4963974952698,
      "old_value": 12.4986386299133
    },
    {
      "path": [
        "data",
        38,
        "q25"
      ],
      "action": "values_changed",
      "value": 13.1026332378387,
      "old_value": 13.108339548111
    },
    {
      "path": [
        "data",
        38,
        "q50"
      ],
      "action": "values_changed",
      "value": 13.7042565345764,
      "old_value": 13.7035975456238
    },
    {
      "path": [
        "data",
        38,
        "q90"
      ],
      "action": "values_changed",
      "value": 15.2080159187317,
      "old_value": 15.3127665519714
    },
    {
      "path": [
        "data",
        39,
        "mean"
      ],
      "action": "values_changed",
      "value": 12.5958925188664,
      "old_value": 12.6116531493431
    },
    {
      "path": [
        "data",
        39,
        "sd"
      ],
      "action": "values_changed",
      "value": 0.998467346111761,
      "old_value": 0.961922722673319
    },
    {
      "path": [
        "data",
        39,
        "q10"
      ],
      "action": "values_changed",
      "value": 11.4977758407593,
      "old_value": 11.6000003814697
    },
    {
      "path": [
        "data",
        39,
        "q25"
      ],
      "action": "values_changed",
      "value": 11.9945368766785,
      "old_value": 11.9939334392548
    },
    {
      "path": [
        "data",
        39,
        "q50"
      ],
      "action": "values_changed",
      "value": 12.4963111877441,
      "old_value": 12.4967741966248
    },
    {
      "path": [
        "data",
        39,
        "q90"
      ],
      "action": "values_changed",
      "value": 13.8991836547852,
      "old_value": 13.8960456848145
    },
    {
      "path": [
        "data",
        40,
        "mean"
      ],
      "action": "values_changed",
      "value": 14.1644335528863,
      "old_value": 14.1805982957608
    },
    {
      "path": [
        "data",
        40,
        "sd"
      ],
      "action": "values_changed",
      "value": 1.03985639621697,
      "old_value": 1.07909748089851
    },
    {
      "path": [
        "data",
        40,
        "q10"
      ],
      "action": "values_changed",
      "value": 13.1007802963257,
      "old_value": 13.0685276985168
    },
    {
      "path": [
        "data",
        40,
        "q25"
      ],
      "action": "values_changed",
      "value": 13.5024836063385,
      "old_value": 13.502610206604
    },
    {
      "path": [
        "data",
        40,
        "q50"
      ],
      "action": "values_changed",
      "value": 14.1015295982361,
      "old_value": 14.1019310951233
    },
    {
      "path": [
        "data",
        40,
        "q75"
      ],
      "action": "values_changed",
      "value": 14.8956382274628,
      "old_value": 14.8998920917511
    },
    {
      "path": [
        "data",
        40,
        "q90"
      ],
      "action": "values_changed",
      "value": 15.4000622749329,
      "old_value": 15.5
    },
    {
      "path": [
        "data",
        41,
        "mean"
      ],
      "action": "values_changed",
      "value": 12.8240671193779,
      "old_value": 12.814526811317
    },
    {
      "path": [
        "data",
        41,
        "sd"
      ],
      "action": "values_changed",
      "value": 0.87371420558887,
      "old_value": 0.910839364292961
    },
    {
      "path": [
        "data",
        41,
        "q10"
      ],
      "action": "values_changed",
      "value": 11.8019213676453,
      "old_value": 11.8005089759827
    },
    {
      "path": [
        "data",
        41,
        "q25"
      ],
      "action": "values_changed",
      "value": 12.2749860286713,
      "old_value": 12.1968212127686
    },
    {
      "path": [
        "data",
        41,
        "q50"
      ],
      "action": "values_changed",
      "value": 12.703369140625,
      "old_value": 12.7536854743958
    },
    {
      "path": [
        "data",
        41,
        "q75"
      ],
      "action": "values_changed",
      "value": 13.4966855049133,
      "old_value": 13.4956576824188
    },
    {
      "path": [
        "data",
        41,
        "q90"
      ],
      "action": "values_changed",
      "value": 13.9949469566345,
      "old_value": 13.9905405044556
    },
    {
      "path": [
        "data",
        42,
        "mean"
      ],
      "action": "values_changed",
      "value": 14.1409309933797,
      "old_value": 14.127249080786
    },
    {
      "path": [
        "data",
        42,
        "sd"
      ],
      "action": "values_changed",
      "value": 1.11330856658751,
      "old_value": 1.11794943382608
    },
    {
      "path": [
        "data",
        42,
        "q10"
      ],
      "action": "values_changed",
      "value": 12.8927609443665,
      "old_value": 12.8921140670776
    },
    {
      "path": [
        "data",
        42,
        "q25"
      ],
      "action": "values_changed",
      "value": 13.4951922893524,
      "old_value": 13.3994834423065
    },
    {
      "path": [
        "data",
        42,
        "q50"
      ],
      "action": "values_changed",
      "value": 14.1013288497925,
      "old_value": 14.1007270812988
    },
    {
      "path": [
        "data",
        43,
        "mean"
      ],
      "action": "values_changed",
      "value": 12.7757612903698,
      "old_value": 12.7354437379579
    },
    {
      "path": [
        "data",
        43,
        "sd"
      ],
      "action": "values_changed",
      "value": 0.900395531969679,
      "old_value": 0.917802410246593
    },
    {
      "path": [
        "data",
        43,
        "q10"
      ],
      "action": "values_changed",
      "value": 11.802557182312,
      "old_value": 11.7150568008423
    },
    {
      "path": [
        "data",
        43,
        "q25"
      ],
      "action": "values_changed",
      "value": 12.1962108612061,
      "old_value": 12.1000003814697
    },
    {
      "path": [
        "data",
        43,
        "q50"
      ],
      "action": "values_changed",
      "value": 12.6978597640991,
      "old_value": 12.6000003814697
    },
    {
      "path": [
        "data",
        43,
        "q75"
      ],
      "action": "values_changed",
      "value": 13.3989734649658,
      "old_value": 13.3972930908203
    },
    {
      "path": [
        "data",
        43,
        "q90"
      ],
      "action": "values_changed",
      "value": 13.9926992416382,
      "old_value": 13.8990182876587
    },
    {
      "path": [
        "data",
        44,
        "mean"
      ],
      "action": "values_changed",
      "value": 13.9896762203425,
      "old_value": 14.0178749281913
    },
    {
      "path": [
        "data",
        44,
        "sd"
      ],
      "action": "values_changed",
      "value": 1.13900066985713,
      "old_value": 1.09760313650245
    },
    {
      "path": [
        "data",
        44,
        "q10"
      ],
      "action": "values_changed",
      "value": 12.8003742218018,
      "old_value": 12.804932975769
    },
    {
      "path": [
        "data",
        44,
        "q25"
      ],
      "action": "values_changed",
      "value": 13.3749084472656,
      "old_value": 13.39115858078
    },
    {
      "path": [
        "data",
        44,
        "q50"
      ],
      "action": "values_changed",
      "value": 13.8992700576782,
      "old_value": 13.9915900230408
    },
    {
      "path": [
        "data",
        44,
        "q75"
      ],
      "action": "values_changed",
      "value": 14.6971075534821,
      "old_value": 14.8000001907349
    },
    {
      "path": [
        "data",
        44,
        "q90"
      ],
      "action": "values_changed",
      "value": 15.398183631897,
      "old_value": 15.397119140625
    },
    {
      "path": [
        "data",
        45,
        "mean"
      ],
      "action": "values_changed",
      "value": 12.7329812354048,
      "old_value": 12.7771875611962
    },
    {
      "path": [
        "data",
        45,
        "sd"
      ],
      "action": "values_changed",
      "value": 0.861879977556272,
      "old_value": 0.894593507824346
    },
    {
      "path": [
        "data",
        45,
        "q10"
      ],
      "action": "values_changed",
      "value": 11.8009059906006,
      "old_value": 11.8000938415527
    },
    {
      "path": [
        "data",
        45,
        "q25"
      ],
      "action": "values_changed",
      "value": 12.1915521621704,
      "old_value": 12.1956214904785
    },
    {
      "path": [
        "data",
        45,
        "q50"
      ],
      "action": "values_changed",
      "value": 12.6005887985229,
      "old_value": 12.6949090957642
    },
    {
      "path": [
        "data",
        45,
        "q75"
      ],
      "action": "values_changed",
      "value": 13.3935508728027,
      "old_value": 13.3956928253174
    },
    {
      "path": [
        "data",
        45,
        "q90"
      ],
      "action": "values_changed",
      "value": 13.8933980941772,
      "old_value": 13.9918949127197
    },
    {
      "path": [
        "data",
        46,
        "mean"
      ],
      "action": "values_changed",
      "value": 13.9936585430725,
      "old_value": 13.971744806316
    },
    {
      "path": [
        "data",
        46,
        "sd"
      ],
      "action": "values_changed",
      "value": 1.08645848470789,
      "old_value": 1.1340847016507
    },
    {
      "path": [
        "data",
        46,
        "q10"
      ],
      "action": "values_changed",
      "value": 12.8009288787842,
      "old_value": 12.8020557403564
    },
    {
      "path": [
        "data",
        46,
        "q25"
      ],
      "action": "values_changed",
      "value": 13.3930368423462,
      "old_value": 13.3043050765991
    },
    {
      "path": [
        "data",
        46,
        "q50"
      ],
      "action": "values_changed",
      "value": 13.8989973068237,
      "old_value": 13.896577835083
    },
    {
      "path": [
        "data",
        46,
        "q90"
      ],
      "action": "values_changed",
      "value": 15.3979904174805,
      "old_value": 15.3627185821533
    },
    {
      "path": [
        "data",
        47,
        "mean"
      ],
      "action": "values_changed",
      "value": 12.7309366671625,
      "old_value": 12.7668474905505
    },
    {
      "path": [
        "data",
        47,
        "sd"
      ],
      "action": "values_changed",
      "value": 0.932306116899093,
      "old_value": 0.92824571852192
    },
    {
      "path": [
        "data",
        47,
        "q10"
      ],
      "action": "values_changed",
      "value": 11.6984479904175,
      "old_value": 11.7040706634521
    },
    {
      "path": [
        "data",
        47,
        "q25"
      ],
      "action": "values_changed",
      "value": 12.1000003814697,
      "old_value": 12.1032400131226
    },
    {
      "path": [
        "data",
        47,
        "q50"
      ],
      "action": "values_changed",
      "value": 12.6000003814697,
      "old_value": 12.6086130142212
    },
    {
      "path": [
        "data",
        47,
        "q75"
      ],
      "action": "values_changed",
      "value": 13.393816947937,
      "old_value": 13.3956708908081
    },
    {
      "path": [
        "data",
        47,
        "q90"
      ],
      "action": "values_changed",
      "value": 13.9914850234985,
      "old_value": 13.99261302948
    },
    {
      "path": [
        "data",
        48,
        "mean"
      ],
      "action": "values_changed",
      "value": 13.9474199314387,
      "old_value": 13.9005313348518
    },
    {
      "path": [
        "data",
        48,
        "sd"
      ],
      "action": "values_changed",
      "value": 1.10559066663421,
      "old_value": 1.08179743350639
    },
    {
      "path": [
        "data",
        48,
        "q10"
      ],
      "action": "values_changed",
      "value": 12.7300217628479,
      "old_value": 12.7037956237793
    },
    {
      "path": [
        "data",
        48,
        "q50"
      ],
      "action": "values_changed",
      "value": 13.8168931007385,
      "old_value": 13.8044052124023
    },
    {
      "path": [
        "data",
        48,
        "q75"
      ],
      "action": "values_changed",
      "value": 14.7057921886444,
      "old_value": 14.6000003814697
    },
    {
      "path": [
        "data",
        48,
        "q90"
      ],
      "action": "values_changed",
      "value": 15.3984487533569,
      "old_value": 15.3032894134521
    },
    {
      "path": [
        "data",
        49,
        "mean"
      ],
      "action": "values_changed",
      "value": 12.6828022269852,
      "old_value": 12.6963337227976
    },
    {
      "path": [
        "data",
        49,
        "sd"
      ],
      "action": "values_changed",
      "value": 0.920021061178263,
      "old_value": 0.887335142931266
    },
    {
      "path": [
        "data",
        49,
        "q10"
      ],
      "action": "values_changed",
      "value": 11.6976605415344,
      "old_value": 11.6932258605957
    },
    {
      "path": [
        "data",
        49,
        "q50"
      ],
      "action": "values_changed",
      "value": 12.6000003814697,
      "old_value": 12.5082354545593
    },
    {
      "path": [
        "data",
        49,
        "q75"
      ],
      "action": "values_changed",
      "value": 13.3000001907349,
      "old_value": 13.392697095871
    },
    {
      "path": [
        "data",
        49,
        "q90"
      ],
      "action": "values_changed",
      "value": 13.8963404655457,
      "old_value": 13.8939401626587
    },
    {
      "path": [
        "data",
        50,
        "mean"
      ],
      "action": "values_changed",
      "value": 13.8976445091717,
      "old_value": 13.879325893072
    },
    {
      "path": [
        "data",
        50,
        "sd"
      ],
      "action": "values_changed",
      "value": 1.10827241814765,
      "old_value": 1.15161181162297
    },
    {
      "path": [
        "data",
        50,
        "q10"
      ],
      "action": "values_changed",
      "value": 12.6941986083984,
      "old_value": 12.6011762619019
    },
    {
      "path": [
        "data",
        50,
        "q25"
      ],
      "action": "values_changed",
      "value": 13.2116851806641,
      "old_value": 13.3000001907349
    },
    {
      "path": [
        "data",
        50,
        "q50"
      ],
      "action": "values_changed",
      "value": 13.8008031845093,
      "old_value": 13.8135633468628
    },
    {
      "path": [
        "data",
        50,
        "q75"
      ],
      "action": "values_changed",
      "value": 14.6960144042969,
      "old_value": 14.6000003814697
    },
    {
      "path": [
        "data",
        50,
        "q90"
      ],
      "action": "values_changed",
      "value": 15.3049201965332,
      "old_value": 15.304835319519
    },
    {
      "path": [
        "data",
        51,
        "mean"
      ],
      "action": "values_changed",
      "value": 12.6581309990541,
      "old_value": 12.6149749747811
    },
    {
      "path": [
        "data",
        51,
        "sd"
      ],
      "action": "values_changed",
      "value": 0.884400839412584,
      "old_value": 0.909499491295
    },
    {
      "path": [
        "data",
        51,
        "q10"
      ],
      "action": "values_changed",
      "value": 11.6950107574463,
      "old_value": 11.6026510238647
    },
    {
      "path": [
        "data",
        51,
        "q50"
      ],
      "action": "values_changed",
      "value": 12.5063819885254,
      "old_value": 12.4993696212769
    },
    {
      "path": [
        "data",
        51,
        "q75"
      ],
      "action": "values_changed",
      "value": 13.3000001907349,
      "old_value": 13.2026796340942
    },
    {
      "path": [
        "data",
        51,
        "q90"
      ],
      "action": "values_changed",
      "value": 13.8936679840088,
      "old_value": 13.8000001907349
    },
    {
      "path": [
        "data",
        52,
        "mean"
      ],
      "action": "values_changed",
      "value": 13.8567124306568,
      "old_value": 13.8628513601405
    },
    {
      "path": [
        "data",
        52,
        "sd"
      ],
      "action": "values_changed",
      "value": 1.12797200180515,
      "old_value": 1.09682358757411
    },
    {
      "path": [
        "data",
        52,
        "q10"
      ],
      "action": "values_changed",
      "value": 12.6012022972107,
      "old_value": 12.6000003814697
    },
    {
      "path": [
        "data",
        52,
        "q25"
      ],
      "action": "values_changed",
      "value": 13.1970443725586,
      "old_value": 13.2017602920532
    },
    {
      "path": [
        "data",
        52,
        "q90"
      ],
      "action": "values_changed",
      "value": 15.3044060707092,
      "old_value": 15.3027985572815
    },
    {
      "path": [
        "data",
        53,
        "mean"
      ],
      "action": "values_changed",
      "value": 12.7118430084603,
      "old_value": 12.6805752063924
    },
    {
      "path": [
        "data",
        53,
        "sd"
      ],
      "action": "values_changed",
      "value": 0.918571854261574,
      "old_value": 0.911474891166687
    },
    {
      "path": [
        "data",
        53,
        "q10"
      ],
      "action": "values_changed",
      "value": 11.6978628158569,
      "old_value": 11.6082763671875
    },
    {
      "path": [
        "data",
        53,
        "q25"
      ],
      "action": "values_changed",
      "value": 12.1052665710449,
      "old_value": 12.1000003814697
    },
    {
      "path": [
        "data",
        53,
        "q75"
      ],
      "action": "values_changed",
      "value": 13.3933053016663,
      "old_value": 13.352569103241
    },
    {
      "path": [
        "data",
        53,
        "q90"
      ],
      "action": "values_changed",
      "value": 13.8975114822388,
      "old_value": 13.8994564056396
    },
    {
      "path": [
        "data",
        54,
        "mean"
      ],
      "action": "values_changed",
      "value": 13.8594980515374,
      "old_value": 13.8658109315236
    },
    {
      "path": [
        "data",
        54,
        "sd"
      ],
      "action": "values_changed",
      "value": 1.16075703421354,
      "old_value": 1.18772601906973
    },
    {
      "path": [
        "data",
        54,
        "q10"
      ],
      "action": "values_changed",
      "value": 12.6218942642212,
      "old_value": 12.6000003814697
    },
    {
      "path": [
        "data",
        54,
        "q25"
      ],
      "action": "values_changed",
      "value": 13.1386315822601,
      "old_value": 13.1965444087982
    },
    {
      "path": [
        "data",
        54,
        "q50"
      ],
      "action": "values_changed",
      "value": 13.7013440132141,
      "old_value": 13.8000001907349
    },
    {
      "path": [
        "data",
        54,
        "q75"
      ],
      "action": "values_changed",
      "value": 14.6944160461426,
      "old_value": 14.6949570178986
    },
    {
      "path": [
        "data",
        54,
        "q90"
      ],
      "action": "values_changed",
      "value": 15.30404920578,
      "old_value": 15.3989700317383
    },
    {
      "path": [
        "data",
        55,
        "mean"
      ],
      "action": "values_changed",
      "value": 12.6323811684248,
      "old_value": 12.6434432212553
    },
    {
      "path": [
        "data",
        55,
        "sd"
      ],
      "action": "values_changed",
      "value": 0.937972556789871,
      "old_value": 0.968343855147007
    },
    {
      "path": [
        "data",
        55,
        "q10"
      ],
      "action": "values_changed",
      "value": 11.6506128311157,
      "old_value": 11.6011848449707
    },
    {
      "path": [
        "data",
        55,
        "q50"
      ],
      "action": "values_changed",
      "value": 12.4985084533691,
      "old_value": 12.4984884262085
    },
    {
      "path": [
        "data",
        55,
        "q90"
      ],
      "action": "values_changed",
      "value": 13.8960088729858,
      "old_value": 13.9915273666382
    },
    {
      "path": [
        "data",
        56,
        "mean"
      ],
      "action": "values_changed",
      "value": 13.8622868331996,
      "old_value": 13.8080770277014
    },
    {
      "path": [
        "data",
        56,
        "sd"
      ],
      "action": "values_changed",
      "value": 1.14633271255919,
      "old_value": 1.12297232331717
    },
    {
      "path": [
        "data",
        56,
        "q10"
      ],
      "action": "values_changed",
      "value": 12.6200148582459,
      "old_value": 12.6309587478638
    },
    {
      "path": [
        "data",
        56,
        "q25"
      ],
      "action": "values_changed",
      "value": 13.1974675655365,
      "old_value": 13.1187107563019
    },
    {
      "path": [
        "data",
        56,
        "q50"
      ],
      "action": "values_changed",
      "value": 13.8039946556091,
      "old_value": 13.8000001907349
    },
    {
      "path": [
        "data",
        56,
        "q75"
      ],
      "action": "values_changed",
      "value": 14.6930298805237,
      "old_value": 14.6000003814697
    },
    {
      "path": [
        "data",
        56,
        "q90"
      ],
      "action": "values_changed",
      "value": 15.3009523391724,
      "old_value": 15.2019457817078
    },
    {
      "path": [
        "data",
        58,
        "mean"
      ],
      "action": "values_changed",
      "value": 13.7845265668656,
      "old_value": 13.7250195708875
    },
    {
      "path": [
        "data",
        58,
        "sd"
      ],
      "action": "values_changed",
      "value": 1.16471533199627,
      "old_value": 1.18239942880557
    },
    {
      "path": [
        "data",
        58,
        "q10"
      ],
      "action": "values_changed",
      "value": 12.3962678909302,
      "old_value": 12.4964056015015
    },
    {
      "path": [
        "data",
        58,
        "q25"
      ],
      "action": "values_changed",
      "value": 13.1008272171021,
      "old_value": 13.020697593689
    },
    {
      "path": [
        "data",
        58,
        "q50"
      ],
      "action": "values_changed",
      "value": 13.7008876800537,
      "old_value": 13.6986684799194
    },
    {
      "path": [
        "data",
        58,
        "q75"
      ],
      "action": "values_changed",
      "value": 14.6000003814697,
      "old_value": 14.5069665908813
    },
    {
      "path": [
        "data",
        58,
        "q90"
      ],
      "action": "values_changed",
      "value": 15.302544593811,
      "old_value": 15.2076349258423
    },
    {
      "path": [
        "data",
        59,
        "mean"
      ],
      "action": "values_changed",
      "value": 12.5567090963062,
      "old_value": 12.5717510675129
    },
    {
      "path": [
        "data",
        59,
        "sd"
      ],
      "action": "values_changed",
      "value": 0.946382521989219,
      "old_value": 0.957017869528381
    },
    {
      "path": [
        "data",
        59,
        "q10"
      ],
      "action": "values_changed",
      "value": 11.4960176467896,
      "old_value": 11.6000003814697
    },
    {
      "path": [
        "data",
        59,
        "q25"
      ],
      "action": "values_changed",
      "value": 11.993791103363,
      "old_value": 11.9962780475616
    },
    {
      "path": [
        "data",
        59,
        "q50"
      ],
      "action": "values_changed",
      "value": 12.4960322380066,
      "old_value": 12.4950914382935
    },
    {
      "path": [
        "data",
        59,
        "q75"
      ],
      "action": "values_changed",
      "value": 13.1986620426178,
      "old_value": 13.1979558467865
    },
    {
      "path": [
        "data",
        59,
        "q90"
      ],
      "action": "values_changed",
      "value": 13.8905528068542,
      "old_value": 13.8976568222046
    },
    {
      "path": [
        "data",
        57
      ],
      "value": {
        "cohort": "c_b0475e53c4b385489d065b1eba846603",
        "track": "marker.bp.high",
        "dtime": "[3,4)",
        "dt": 3.5,
        "age": "[60,70)",
        "sex": "female",
        "count": 860,
        "mean": 12.6907693574595,
        "sd": 0.981669568667159,
        "q10": 11.692998790741,
        "q25": 12.1000003814697,
        "q50": 12.6000003814697,
        "q75": 13.3976390361786,
        "q90": 13.9904224395752,
        "label": "bp.high"
      },
      "action": "unordered_iterable_item_added"
    },
    {
      "path": [
        "data",
        17
      ],
      "value": {
        "cohort": "c_56bef3eb6a1907d71a3fee360940931b",
        "track": "marker.bp.high",
        "dtime": "[3,4)",
        "dt": 3.5,
        "age": "[60,70)",
        "sex": "female",
        "count": 513,
        "mean": 12.5847084666321,
        "sd": 0.894165445563055,
        "q10": 11.4936948776245,
        "q25": 11.9911794662476,
        "q50": 12.4990549087524,
        "q75": 13.2037591934204,
        "q90": 13.8000001907349,
        "label": "bp.high"
      },
      "action": "unordered_iterable_item_removed"
    }
  ]
}