{
  "data": {
    "messageType": "analysisDocument.report",
    "requestId": "8a37c7a4-621c-4d57-8bfd-84aa951e5085",
    "cohortIds": [
      "c_b0475e53c4b385489d065b1eba846603",
      "c_99e70e1c5f1b94ad5527b29e70d7125f",
      "c_56bef3eb6a1907d71a3fee360940931b"
    ],
    "type": "lab",
    "data": [
      {
        "cohort": "c_56bef3eb6a1907d71a3fee360940931b",
        "track": "marker.bp.high",
        "dtime": "[-5,-4)",
        "dt": -4.5,
        "age": "[60,70)",
        "sex": "male",
        "count": 243,
        "mean": 14.5222267770963,
        "sd": 1.06009806240824,
        "q10": 13.1959413528442,
        "q25": 13.8000001907349,
        "q50": 14.5060710906982,
        "q75": 15.3503260612488,
        "q90": 15.8000001907349,
        "label": "bp.high"
      },
      {
        "cohort": "c_56bef3eb6a1907d71a3fee360940931b",
        "track": "marker.bp.high",
        "dtime": "[-5,-4)",
        "dt": -4.5,
        "age": "[60,70)",
        "sex": "female",
        "count": 402,
        "mean": 12.9932857105388,
        "sd": 0.895678706410739,
        "q10": 11.8979195594788,
        "q25": 12.396317243576,
        "q50": 12.9928059577942,
        "q75": 13.6967129707336,
        "q90": 14.0909904479981,
        "label": "bp.high"
      },
      {
        "cohort": "c_56bef3eb6a1907d71a3fee360940931b",
        "track": "marker.bp.high",
        "dtime": "[-4,-3)",
        "dt": -3.5,
        "age": "[60,70)",
        "sex": "male",
        "count": 278,
        "mean": 14.1915894823966,
        "sd": 1.10502305696497,
        "q10": 12.9912439346313,
        "q25": 13.3954138755798,
        "q50": 14.1022715568542,
        "q75": 15.1000003814697,
        "q90": 15.6000003814697,
        "label": "bp.high"
      },
      {
        "cohort": "c_56bef3eb6a1907d71a3fee360940931b",
        "track": "marker.bp.high",
        "dtime": "[-4,-3)",
        "dt": -3.5,
        "age": "[60,70)",
        "sex": "female",
        "count": 473,
        "mean": 12.896146729935,
        "sd": 0.866888948425113,
        "q10": 11.9909172058105,
        "q25": 12.3000001907349,
        "q50": 12.802809715271,
        "q75": 13.6002788543701,
        "q90": 13.9987863540649,
        "label": "bp.high"
      },
      {
        "cohort": "c_56bef3eb6a1907d71a3fee360940931b",
        "track": "marker.bp.high",
        "dtime": "[-3,-2)",
        "dt": -2.5,
        "age": "[60,70)",
        "sex": "male",
        "count": 368,
        "mean": 14.1404215058555,
        "sd": 1.22504692486227,
        "q10": 12.8017889976501,
        "q25": 13.6005423069,
        "q50": 14.171422958374,
        "q75": 15,
        "q90": 15.5,
        "label": "bp.high"
      },
      {
        "cohort": "c_56bef3eb6a1907d71a3fee360940931b",
        "track": "marker.bp.high",
        "dtime": "[-3,-2)",
        "dt": -2.5,
        "age": "[60,70)",
        "sex": "female",
        "count": 589,
        "mean": 12.8076956494757,
        "sd": 0.879997763487077,
        "q10": 11.8098583221436,
        "q25": 12.1977653503418,
        "q50": 12.6982622146606,
        "q75": 13.4983043670654,
        "q90": 13.917716217041,
        "label": "bp.high"
      },
      {
        "cohort": "c_56bef3eb6a1907d71a3fee360940931b",
        "track": "marker.bp.high",
        "dtime": "[-2,-1)",
        "dt": -1.5,
        "age": "[60,70)",
        "sex": "male",
        "count": 408,
        "mean": 14.0620451277378,
        "sd": 1.05978109434719,
        "q10": 12.8991411209106,
        "q25": 13.4035449028015,
        "q50": 13.9919581413269,
        "q75": 14.8900973796844,
        "q90": 15.304065990448,
        "label": "bp.high"
      },
      {
        "cohort": "c_56bef3eb6a1907d71a3fee360940931b",
        "track": "marker.bp.high",
        "dtime": "[-2,-1)",
        "dt": -1.5,
        "age": "[60,70)",
        "sex": "female",
        "count": 646,
        "mean": 12.7550847862527,
        "sd": 0.844027859587411,
        "q10": 11.7046146392822,
        "q25": 12.1918079853058,
        "q50": 12.6097207069397,
        "q75": 13.3077480792999,
        "q90": 13.8966093063354,
        "label": "bp.high"
      },
      {
        "cohort": "c_56bef3eb6a1907d71a3fee360940931b",
        "track": "marker.bp.high",
        "dtime": "[-1,0)",
        "dt": -0.5,
        "age": "[60,70)",
        "sex": "male",
        "count": 456,
        "mean": 13.9234092706128,
        "sd": 1.06960893879049,
        "q10": 12.8011255264282,
        "q25": 13.3000001907349,
        "q50": 13.8110814094543,
        "q75": 14.6972169876099,
        "q90": 15.3506274223328,
        "label": "bp.high"
      },
      {
        "cohort": "c_56bef3eb6a1907d71a3fee360940931b",
        "track": "marker.bp.high",
        "dtime": "[-1,0)",
        "dt": -0.5,
        "age": "[60,70)",
        "sex": "female",
        "count": 669,
        "mean": 12.7187873002125,
        "sd": 0.850288316701452,
        "q10": 11.713907623291,
        "q25": 12.1906900405884,
        "q50": 12.6000003814697,
        "q75": 13.3934116363525,
        "q90": 13.8952926635742,
        "label": "bp.high"
      },
      {
        "cohort": "c_56bef3eb6a1907d71a3fee360940931b",
        "track": "marker.bp.high",
        "dtime": "[0,1)",
        "dt": 0.5,
        "age": "[60,70)",
        "sex": "male",
        "count": 472,
        "mean": 13.8884202908661,
        "sd": 1.05891044644808,
        "q10": 12.6980316162109,
        "q25": 13.3000001907349,
        "q50": 13.814088344574,
        "q75": 14.6000003814697,
        "q90": 15.1959999084473,
        "label": "bp.high"
      },
      {
        "cohort": "c_56bef3eb6a1907d71a3fee360940931b",
        "track": "marker.bp.high",
        "dtime": "[0,1)",
        "dt": 0.5,
        "age": "[60,70)",
        "sex": "female",
        "count": 683,
        "mean": 12.7151763365873,
        "sd": 0.925531453840623,
        "q10": 11.7016881942749,
        "q25": 12.1000003814697,
        "q50": 12.6000003814697,
        "q75": 13.3934464454651,
        "q90": 13.9921266555786,
        "label": "bp.high"
      },
      {
        "cohort": "c_56bef3eb6a1907d71a3fee360940931b",
        "track": "marker.bp.high",
        "dtime": "[1,2)",
        "dt": 1.5,
        "age": "[60,70)",
        "sex": "male",
        "count": 430,
        "mean": 13.8653279060541,
        "sd": 1.08550148462176,
        "q10": 12.649489402771,
        "q25": 13.1144206523895,
        "q50": 13.8000001907349,
        "q75": 14.6131210327148,
        "q90": 15.3037351608276,
        "label": "bp.high"
      },
      {
        "cohort": "c_56bef3eb6a1907d71a3fee360940931b",
        "track": "marker.bp.high",
        "dtime": "[1,2)",
        "dt": 1.5,
        "age": "[60,70)",
        "sex": "female",
        "count": 637,
        "mean": 12.6861260442569,
        "sd": 0.92699542140501,
        "q10": 11.6905221939087,
        "q25": 12.1072406768799,
        "q50": 12.6000003814697,
        "q75": 13.3936195373535,
        "q90": 13.8916446685791,
        "label": "bp.high"
      },
      {
        "cohort": "c_56bef3eb6a1907d71a3fee360940931b",
        "track": "marker.bp.high",
        "dtime": "[2,3)",
        "dt": 2.5,
        "age": "[60,70)",
        "sex": "male",
        "count": 396,
        "mean": 13.8143607305758,
        "sd": 1.28252290968325,
        "q10": 12.5576066970825,
        "q25": 13.200187921524,
        "q50": 13.8000001907349,
        "q75": 14.6936054229736,
        "q90": 15.3034052848816,
        "label": "bp.high"
      },
      {
        "cohort": "c_56bef3eb6a1907d71a3fee360940931b",
        "track": "marker.bp.high",
        "dtime": "[2,3)",
        "dt": 2.5,
        "age": "[60,70)",
        "sex": "female",
        "count": 582,
        "mean": 12.5475478794976,
        "sd": 0.951973054287353,
        "q10": 11.6000003814697,
        "q25": 11.9965920448303,
        "q50": 12.4952635765076,
        "q75": 13.2015900611877,
        "q90": 13.8000001907349,
        "label": "bp.high"
      },
      {
        "cohort": "c_56bef3eb6a1907d71a3fee360940931b",
        "track": "marker.bp.high",
        "dtime": "[3,4)",
        "dt": 3.5,
        "age": "[60,70)",
        "sex": "male",
        "count": 354,
        "mean": 13.7577277725026,
        "sd": 1.16657696192008,
        "q10": 12.6034452438355,
        "q25": 13.1057159900665,
        "q50": 13.6997394561768,
        "q75": 14.5028057098389,
        "q90": 15.3012678146362,
        "label": "bp.high"
      },
      {
        "cohort": "c_56bef3eb6a1907d71a3fee360940931b",
        "track": "marker.bp.high",
        "dtime": "[3,4)",
        "dt": 3.5,
        "age": "[60,70)",
        "sex": "female",
        "count": 513,
        "mean": 12.5847084666321,
        "sd": 0.894165445563055,
        "q10": 11.4936948776245,
        "q25": 11.9911794662476,
        "q50": 12.4990549087524,
        "q75": 13.2037591934204,
        "q90": 13.8000001907349,
        "label": "bp.high"
      },
      {
        "cohort": "c_56bef3eb6a1907d71a3fee360940931b",
        "track": "marker.bp.high",
        "dtime": "[4,5)",
        "dt": 4.5,
        "age": "[60,70)",
        "sex": "male",
        "count": 313,
        "mean": 13.7688983515048,
        "sd": 1.08690194349411,
        "q10": 12.6000003814697,
        "q25": 13.1135396957397,
        "q50": 13.6040487289429,
        "q75": 14.4029865264893,
        "q90": 15.2837181091309,
        "label": "bp.high"
      },
      {
        "cohort": "c_56bef3eb6a1907d71a3fee360940931b",
        "track": "marker.bp.high",
        "dtime": "[4,5)",
        "dt": 4.5,
        "age": "[60,70)",
        "sex": "female",
        "count": 450,
        "mean": 12.6449862056308,
        "sd": 1.02748419003644,
        "q10": 11.4934737205505,
        "q25": 11.9959037303925,
        "q50": 12.6000003814697,
        "q75": 13.3975377082825,
        "q90": 13.990625667572,
        "label": "bp.high"
      },
      {
        "cohort": "c_99e70e1c5f1b94ad5527b29e70d7125f",
        "track": "marker.bp.high",
        "dtime": "[-5,-4)",
        "dt": -4.5,
        "age": "[60,70)",
        "sex": "male",
        "count": 1214,
        "mean": 14.1790235926331,
        "sd": 1.0314991395263,
        "q10": 13.0028635025024,
        "q25": 13.5022468566895,
        "q50": 14.1021394729614,
        "q75": 14.8997294902802,
        "q90": 15.5,
        "label": "bp.high"
      },
      {
        "cohort": "c_99e70e1c5f1b94ad5527b29e70d7125f",
        "track": "marker.bp.high",
        "dtime": "[-5,-4)",
        "dt": -4.5,
        "age": "[60,70)",
        "sex": "female",
        "count": 1272,
        "mean": 12.8447389325256,
        "sd": 0.900520684089717,
        "q10": 11.8055671691895,
        "q25": 12.1976215839386,
        "q50": 12.8007254600525,
        "q75": 13.5011661052704,
        "q90": 13.9977753639221,
        "label": "bp.high"
      },
      {
        "cohort": "c_99e70e1c5f1b94ad5527b29e70d7125f",
        "track": "marker.bp.high",
        "dtime": "[-4,-3)",
        "dt": -3.5,
        "age": "[60,70)",
        "sex": "male",
        "count": 1448,
        "mean": 14.0824678016631,
        "sd": 1.078760511647,
        "q10": 12.9140810012817,
        "q25": 13.3987455368042,
        "q50": 13.9953603744507,
        "q75": 14.8000001907349,
        "q90": 15.4004925727844,
        "label": "bp.high"
      },
      {
        "cohort": "c_99e70e1c5f1b94ad5527b29e70d7125f",
        "track": "marker.bp.high",
        "dtime": "[-4,-3)",
        "dt": -3.5,
        "age": "[60,70)",
        "sex": "female",
        "count": 1447,
        "mean": 12.8172478876859,
        "sd": 0.886855652721451,
        "q10": 11.8087038040161,
        "q25": 12.1992492675781,
        "q50": 12.6990833282471,
        "q75": 13.4999222755432,
        "q90": 13.9948740005493,
        "label": "bp.high"
      },
      {
        "cohort": "c_99e70e1c5f1b94ad5527b29e70d7125f",
        "track": "marker.bp.high",
        "dtime": "[-3,-2)",
        "dt": -2.5,
        "age": "[60,70)",
        "sex": "male",
        "count": 1755,
        "mean": 14.0648952060276,
        "sd": 1.10679081670951,
        "q10": 12.8027051925659,
        "q25": 13.3953247070312,
        "q50": 13.9937057495117,
        "q75": 14.8912773132324,
        "q90": 15.5,
        "label": "bp.high"
      },
      {
        "cohort": "c_99e70e1c5f1b94ad5527b29e70d7125f",
        "track": "marker.bp.high",
        "dtime": "[-3,-2)",
        "dt": -2.5,
        "age": "[60,70)",
        "sex": "female",
        "count": 1726,
        "mean": 12.7729745673691,
        "sd": 0.878992739175882,
        "q10": 11.8045735359192,
        "q25": 12.1950056552887,
        "q50": 12.6926350593567,
        "q75": 13.3942627906799,
        "q90": 13.8979344367981,
        "label": "bp.high"
      },
      {
        "cohort": "c_99e70e1c5f1b94ad5527b29e70d7125f",
        "track": "marker.bp.high",
        "dtime": "[-2,-1)",
        "dt": -1.5,
        "age": "[60,70)",
        "sex": "male",
        "count": 1866,
        "mean": 13.9798560070966,
        "sd": 1.08849744718995,
        "q10": 12.8028998374939,
        "q25": 13.302971124649,
        "q50": 13.8986225128174,
        "q75": 14.700421333313,
        "q90": 15.3959822654724,
        "label": "bp.high"
      },
      {
        "cohort": "c_99e70e1c5f1b94ad5527b29e70d7125f",
        "track": "marker.bp.high",
        "dtime": "[-2,-1)",
        "dt": -1.5,
        "age": "[60,70)",
        "sex": "female",
        "count": 1803,
        "mean": 12.7143508847131,
        "sd": 0.877074602513604,
        "q10": 11.7022928237915,
        "q25": 12.1918449401855,
        "q50": 12.6000003814697,
        "q75": 13.3007879257202,
        "q90": 13.8942304611206,
        "label": "bp.high"
      },
      {
        "cohort": "c_99e70e1c5f1b94ad5527b29e70d7125f",
        "track": "marker.bp.high",
        "dtime": "[-1,0)",
        "dt": -0.5,
        "age": "[60,70)",
        "sex": "male",
        "count": 1934,
        "mean": 13.9283478518923,
        "sd": 1.10641701155824,
        "q10": 12.8018358230591,
        "q25": 13.3000001907349,
        "q50": 13.8916640281677,
        "q75": 14.6923394203186,
        "q90": 15.3044134140015,
        "label": "bp.high"
      },
      {
        "cohort": "c_99e70e1c5f1b94ad5527b29e70d7125f",
        "track": "marker.bp.high",
        "dtime": "[-1,0)",
        "dt": -0.5,
        "age": "[60,70)",
        "sex": "female",
        "count": 1885,
        "mean": 12.6375770920468,
        "sd": 0.906172482022671,
        "q10": 11.6199131011963,
        "q25": 12.1000003814697,
        "q50": 12.4994487762451,
        "q75": 13.2034778594971,
        "q90": 13.8924043655396,
        "label": "bp.high"
      },
      {
        "cohort": "c_99e70e1c5f1b94ad5527b29e70d7125f",
        "track": "marker.bp.high",
        "dtime": "[0,1)",
        "dt": 0.5,
        "age": "[60,70)",
        "sex": "male",
        "count": 1922,
        "mean": 13.8890687935558,
        "sd": 1.16164971662214,
        "q10": 12.6977644920349,
        "q25": 13.3000001907349,
        "q50": 13.8127746582031,
        "q75": 14.6151309013367,
        "q90": 15.303466796875,
        "label": "bp.high"
      },
      {
        "cohort": "c_99e70e1c5f1b94ad5527b29e70d7125f",
        "track": "marker.bp.high",
        "dtime": "[0,1)",
        "dt": 0.5,
        "age": "[60,70)",
        "sex": "female",
        "count": 1862,
        "mean": 12.6498173527764,
        "sd": 0.902098328521475,
        "q10": 11.6917984008789,
        "q25": 12.1000003814697,
        "q50": 12.6000003814697,
        "q75": 13.2047531604767,
        "q90": 13.8955842018127,
        "label": "bp.high"
      },
      {
        "cohort": "c_99e70e1c5f1b94ad5527b29e70d7125f",
        "track": "marker.bp.high",
        "dtime": "[1,2)",
        "dt": 1.5,
        "age": "[60,70)",
        "sex": "male",
        "count": 1689,
        "mean": 13.8381144194436,
        "sd": 1.09267613582451,
        "q10": 12.6902149200439,
        "q25": 13.1953716278076,
        "q50": 13.8000001907349,
        "q75": 14.5096855163574,
        "q90": 15.3020427703857,
        "label": "bp.high"
      },
      {
        "cohort": "c_99e70e1c5f1b94ad5527b29e70d7125f",
        "track": "marker.bp.high",
        "dtime": "[1,2)",
        "dt": 1.5,
        "age": "[60,70)",
        "sex": "female",
        "count": 1661,
        "mean": 12.6917076323278,
        "sd": 0.90480169354582,
        "q10": 11.6985883712769,
        "q25": 12.1000003814697,
        "q50": 12.6000003814697,
        "q75": 13.3037157058716,
        "q90": 13.8976945877075,
        "label": "bp.high"
      },
      {
        "cohort": "c_99e70e1c5f1b94ad5527b29e70d7125f",
        "track": "marker.bp.high",
        "dtime": "[2,3)",
        "dt": 2.5,
        "age": "[60,70)",
        "sex": "male",
        "count": 1456,
        "mean": 13.8553707822339,
        "sd": 1.12170270874551,
        "q10": 12.6000003814697,
        "q25": 13.1992950439453,
        "q50": 13.8000001907349,
        "q75": 14.6080987453461,
        "q90": 15.3018145561218,
        "label": "bp.high"
      },
      {
        "cohort": "c_99e70e1c5f1b94ad5527b29e70d7125f",
        "track": "marker.bp.high",
        "dtime": "[2,3)",
        "dt": 2.5,
        "age": "[60,70)",
        "sex": "female",
        "count": 1467,
        "mean": 12.5938914834681,
        "sd": 0.951811448663817,
        "q10": 11.6000003814697,
        "q25": 11.9963445663452,
        "q50": 12.4977655410767,
        "q75": 13.3000001907349,
        "q90": 13.8904764175415,
        "label": "bp.high"
      },
      {
        "cohort": "c_99e70e1c5f1b94ad5527b29e70d7125f",
        "track": "marker.bp.high",
        "dtime": "[3,4)",
        "dt": 3.5,
        "age": "[60,70)",
        "sex": "male",
        "count": 1271,
        "mean": 13.8258572187506,
        "sd": 1.12939837317173,
        "q10": 12.6047773361206,
        "q25": 13.1979441642761,
        "q50": 13.7047719955444,
        "q75": 14.6000003814697,
        "q90": 15.3010158538818,
        "label": "bp.high"
      },
      {
        "cohort": "c_99e70e1c5f1b94ad5527b29e70d7125f",
        "track": "marker.bp.high",
        "dtime": "[3,4)",
        "dt": 3.5,
        "age": "[60,70)",
        "sex": "female",
        "count": 1277,
        "mean": 12.5762765883653,
        "sd": 0.939458237386572,
        "q10": 11.6000003814697,
        "q25": 11.9965019226074,
        "q50": 12.4958715438843,
        "q75": 13.1973505020142,
        "q90": 13.8958347320557,
        "label": "bp.high"
      },
      {
        "cohort": "c_99e70e1c5f1b94ad5527b29e70d7125f",
        "track": "marker.bp.high",
        "dtime": "[4,5)",
        "dt": 4.5,
        "age": "[60,70)",
        "sex": "male",
        "count": 1106,
        "mean": 13.7757255733552,
        "sd": 1.20944239110375,
        "q10": 12.4986386299133,
        "q25": 13.108339548111,
        "q50": 13.7035975456238,
        "q75": 14.6000003814697,
        "q90": 15.3127665519714,
        "label": "bp.high"
      },
      {
        "cohort": "c_99e70e1c5f1b94ad5527b29e70d7125f",
        "track": "marker.bp.high",
        "dtime": "[4,5)",
        "dt": 4.5,
        "age": "[60,70)",
        "sex": "female",
        "count": 1108,
        "mean": 12.6116531493431,
        "sd": 0.961922722673319,
        "q10": 11.6000003814697,
        "q25": 11.9939334392548,
        "q50": 12.4967741966248,
        "q75": 13.3000001907349,
        "q90": 13.8960456848145,
        "label": "bp.high"
      },
      {
        "cohort": "c_b0475e53c4b385489d065b1eba846603",
        "track": "marker.bp.high",
        "dtime": "[-5,-4)",
        "dt": -4.5,
        "age": "[60,70)",
        "sex": "male",
        "count": 674,
        "mean": 14.1805982957608,
        "sd": 1.07909748089851,
        "q10": 13.0685276985168,
        "q25": 13.502610206604,
        "q50": 14.1019310951233,
        "q75": 14.8998920917511,
        "q90": 15.5,
        "label": "bp.high"
      },
      {
        "cohort": "c_b0475e53c4b385489d065b1eba846603",
        "track": "marker.bp.high",
        "dtime": "[-5,-4)",
        "dt": -4.5,
        "age": "[60,70)",
        "sex": "female",
        "count": 796,
        "mean": 12.814526811317,
        "sd": 0.910839364292961,
        "q10": 11.8005089759827,
        "q25": 12.1968212127686,
        "q50": 12.7536854743958,
        "q75": 13.4956576824188,
        "q90": 13.9905405044556,
        "label": "bp.high"
      },
      {
        "cohort": "c_b0475e53c4b385489d065b1eba846603",
        "track": "marker.bp.high",
        "dtime": "[-4,-3)",
        "dt": -3.5,
        "age": "[60,70)",
        "sex": "male",
        "count": 834,
        "mean": 14.127249080786,
        "sd": 1.11794943382608,
        "q10": 12.8921140670776,
        "q25": 13.3994834423065,
        "q50": 14.1007270812988,
        "q75": 15,
        "q90": 15.6000003814697,
        "label": "bp.high"
      },
      {
        "cohort": "c_b0475e53c4b385489d065b1eba846603",
        "track": "marker.bp.high",
        "dtime": "[-4,-3)",
        "dt": -3.5,
        "age": "[60,70)",
        "sex": "female",
        "count": 925,
        "mean": 12.7354437379579,
        "sd": 0.917802410246593,
        "q10": 11.7150568008423,
        "q25": 12.1000003814697,
        "q50": 12.6000003814697,
        "q75": 13.3972930908203,
        "q90": 13.8990182876587,
        "label": "bp.high"
      },
      {
        "cohort": "c_b0475e53c4b385489d065b1eba846603",
        "track": "marker.bp.high",
        "dtime": "[-3,-2)",
        "dt": -2.5,
        "age": "[60,70)",
        "sex": "male",
        "count": 1024,
        "mean": 14.0178749281913,
        "sd": 1.09760313650245,
        "q10": 12.804932975769,
        "q25": 13.39115858078,
        "q50": 13.9915900230408,
        "q75": 14.8000001907349,
        "q90": 15.397119140625,
        "label": "bp.high"
      },
      {
        "cohort": "c_b0475e53c4b385489d065b1eba846603",
        "track": "marker.bp.high",
        "dtime": "[-3,-2)",
        "dt": -2.5,
        "age": "[60,70)",
        "sex": "female",
        "count": 1113,
        "mean": 12.7771875611962,
        "sd": 0.894593507824346,
        "q10": 11.8000938415527,
        "q25": 12.1956214904785,
        "q50": 12.6949090957642,
        "q75": 13.3956928253174,
        "q90": 13.9918949127197,
        "label": "bp.high"
      },
      {
        "cohort": "c_b0475e53c4b385489d065b1eba846603",
        "track": "marker.bp.high",
        "dtime": "[-2,-1)",
        "dt": -1.5,
        "age": "[60,70)",
        "sex": "male",
        "count": 1085,
        "mean": 13.971744806316,
        "sd": 1.1340847016507,
        "q10": 12.8020557403564,
        "q25": 13.3043050765991,
        "q50": 13.896577835083,
        "q75": 14.6995706558228,
        "q90": 15.3627185821533,
        "label": "bp.high"
      },
      {
        "cohort": "c_b0475e53c4b385489d065b1eba846603",
        "track": "marker.bp.high",
        "dtime": "[-2,-1)",
        "dt": -1.5,
        "age": "[60,70)",
        "sex": "female",
        "count": 1169,
        "mean": 12.7668474905505,
        "sd": 0.92824571852192,
        "q10": 11.7040706634521,
        "q25": 12.1032400131226,
        "q50": 12.6086130142212,
        "q75": 13.3956708908081,
        "q90": 13.99261302948,
        "label": "bp.high"
      },
      {
        "cohort": "c_b0475e53c4b385489d065b1eba846603",
        "track": "marker.bp.high",
        "dtime": "[-1,0)",
        "dt": -0.5,
        "age": "[60,70)",
        "sex": "male",
        "count": 1134,
        "mean": 13.9005313348518,
        "sd": 1.08179743350639,
        "q10": 12.7037956237793,
        "q25": 13.3000001907349,
        "q50": 13.8044052124023,
        "q75": 14.6000003814697,
        "q90": 15.3032894134521,
        "label": "bp.high"
      },
      {
        "cohort": "c_b0475e53c4b385489d065b1eba846603",
        "track": "marker.bp.high",
        "dtime": "[-1,0)",
        "dt": -0.5,
        "age": "[60,70)",
        "sex": "female",
        "count": 1198,
        "mean": 12.6963337227976,
        "sd": 0.887335142931266,
        "q10": 11.6932258605957,
        "q25": 12.1000003814697,
        "q50": 12.5082354545593,
        "q75": 13.392697095871,
        "q90": 13.8939401626587,
        "label": "bp.high"
      },
      {
        "cohort": "c_b0475e53c4b385489d065b1eba846603",
        "track": "marker.bp.high",
        "dtime": "[0,1)",
        "dt": 0.5,
        "age": "[60,70)",
        "sex": "male",
        "count": 1121,
        "mean": 13.879325893072,
        "sd": 1.15161181162297,
        "q10": 12.6011762619019,
        "q25": 13.3000001907349,
        "q50": 13.8135633468628,
        "q75": 14.6000003814697,
        "q90": 15.304835319519,
        "label": "bp.high"
      },
      {
        "cohort": "c_b0475e53c4b385489d065b1eba846603",
        "track": "marker.bp.high",
        "dtime": "[0,1)",
        "dt": 0.5,
        "age": "[60,70)",
        "sex": "female",
        "count": 1185,
        "mean": 12.6149749747811,
        "sd": 0.909499491295,
        "q10": 11.6026510238647,
        "q25": 12.1000003814697,
        "q50": 12.4993696212769,
        "q75": 13.2026796340942,
        "q90": 13.8000001907349,
        "label": "bp.high"
      },
      {
        "cohort": "c_b0475e53c4b385489d065b1eba846603",
        "track": "marker.bp.high",
        "dtime": "[1,2)",
        "dt": 1.5,
        "age": "[60,70)",
        "sex": "male",
        "count": 1014,
        "mean": 13.8628513601405,
        "sd": 1.09682358757411,
        "q10": 12.6000003814697,
        "q25": 13.2017602920532,
        "q50": 13.8000001907349,
        "q75": 14.6000003814697,
        "q90": 15.3027985572815,
        "label": "bp.high"
      },
      {
        "cohort": "c_b0475e53c4b385489d065b1eba846603",
        "track": "marker.bp.high",
        "dtime": "[1,2)",
        "dt": 1.5,
        "age": "[60,70)",
        "sex": "female",
        "count": 1079,
        "mean": 12.6805752063924,
        "sd": 0.911474891166687,
        "q10": 11.6082763671875,
        "q25": 12.1000003814697,
        "q50": 12.6000003814697,
        "q75": 13.352569103241,
        "q90": 13.8994564056396,
        "label": "bp.high"
      },
      {
        "cohort": "c_b0475e53c4b385489d065b1eba846603",
        "track": "marker.bp.high",
        "dtime": "[2,3)",
        "dt": 2.5,
        "age": "[60,70)",
        "sex": "male",
        "count": 900,
        "mean": 13.8658109315236,
        "sd": 1.18772601906973,
        "q10": 12.6000003814697,
        "q25": 13.1965444087982,
        "q50": 13.8000001907349,
        "q75": 14.6949570178986,
        "q90": 15.3989700317383,
        "label": "bp.high"
      },
      {
        "cohort": "c_b0475e53c4b385489d065b1eba846603",
        "track": "marker.bp.high",
        "dtime": "[2,3)",
        "dt": 2.5,
        "age": "[60,70)",
        "sex": "female",
        "count": 965,
        "mean": 12.6434432212553,
        "sd": 0.968343855147007,
        "q10": 11.6011848449707,
        "q25": 12.1000003814697,
        "q50": 12.4984884262085,
        "q75": 13.3000001907349,
        "q90": 13.9915273666382,
        "label": "bp.high"
      },
      {
        "cohort": "c_b0475e53c4b385489d065b1eba846603",
        "track": "marker.bp.high",
        "dtime": "[3,4)",
        "dt": 3.5,
        "age": "[60,70)",
        "sex": "male",
        "count": 792,
        "mean": 13.8080770277014,
        "sd": 1.12297232331717,
        "q10": 12.6309587478638,
        "q25": 13.1187107563019,
        "q50": 13.8000001907349,
        "q75": 14.6000003814697,
        "q90": 15.2019457817078,
        "label": "bp.high"
      },
      {
        "cohort": "c_b0475e53c4b385489d065b1eba846603",
        "track": "marker.bp.high",
        "dtime": "[3,4)",
        "dt": 3.5,
        "age": "[60,70)",
        "sex": "female",
        "count": 860,
        "mean": 12.5981059545694,
        "sd": 0.957653122881616,
        "q10": 11.6000003814697,
        "q25": 11.9943211078644,
        "q50": 12.4984683990479,
        "q75": 13.3000001907349,
        "q90": 13.8000001907349,
        "label": "bp.high"
      },
      {
        "cohort": "c_b0475e53c4b385489d065b1eba846603",
        "track": "marker.bp.high",
        "dtime": "[4,5)",
        "dt": 4.5,
        "age": "[60,70)",
        "sex": "male",
        "count": 691,
        "mean": 13.7250195708875,
        "sd": 1.18239942880557,
        "q10": 12.4964056015015,
        "q25": 13.020697593689,
        "q50": 13.6986684799194,
        "q75": 14.5069665908813,
        "q90": 15.2076349258423,
        "label": "bp.high"
      },
      {
        "cohort": "c_b0475e53c4b385489d065b1eba846603",
        "track": "marker.bp.high",
        "dtime": "[4,5)",
        "dt": 4.5,
        "age": "[60,70)",
        "sex": "female",
        "count": 760,
        "mean": 12.5717510675129,
        "sd": 0.957017869528381,
        "q10": 11.6000003814697,
        "q25": 11.9962780475616,
        "q50": 12.4950914382935,
        "q75": 13.1979558467865,
        "q90": 13.8976568222046,
        "label": "bp.high"
      }
    ],
    "figures": null
  },
  "id": "8a37c7a4-621c-4d57-8bfd-84aa951e5085"
}