{
  "data": {
    "messageType": "analysisDocument.report",
    "requestId": "ffb985a8-f789-4426-8937-985a2f00095b",
    "cohortIds": [
      "c_b0475e53c4b385489d065b1eba846603",
      "c_99e70e1c5f1b94ad5527b29e70d7125f",
      "c_56bef3eb6a1907d71a3fee360940931b"
    ],
    "type": "lab",
    "data": [
      {
        "cohort": "c_56bef3eb6a1907d71a3fee360940931b",
        "track": "marker.bp.high",
        "dtime": "[-5,-4)",
        "dt": -4.5,
        "age": "[60,70)",
        "sex": "male",
        "count": 243,
        "mean": 14.4161897156955,
        "sd": 1.12588651737997,
        "q10": 13.1049373626709,
        "q25": 13.7018532752991,
        "q50": 14.3982362747192,
        "q75": 15.1980094909668,
        "q90": 15.6937957763672,
        "label": "bp.high"
      },
      {
        "cohort": "c_56bef3eb6a1907d71a3fee360940931b",
        "track": "marker.bp.high",
        "dtime": "[-5,-4)",
        "dt": -4.5,
        "age": "[60,70)",
        "sex": "female",
        "count": 402,
        "mean": 12.9855048431093,
        "sd": 0.889427744960598,
        "q10": 11.8986839294434,
        "q25": 12.3916947841644,
        "q50": 12.944456577301,
        "q75": 13.6046922206879,
        "q90": 14.1186835289001,
        "label": "bp.high"
      },
      {
        "cohort": "c_56bef3eb6a1907d71a3fee360940931b",
        "track": "marker.bp.high",
        "dtime": "[-4,-3)",
        "dt": -3.5,
        "age": "[60,70)",
        "sex": "male",
        "count": 278,
        "mean": 14.2582375231407,
        "sd": 1.11739801828409,
        "q10": 12.9919081687927,
        "q25": 13.4259209632874,
        "q50": 14.199511051178,
        "q75": 15.1000003814697,
        "q90": 15.6918917655945,
        "label": "bp.high"
      },
      {
        "cohort": "c_56bef3eb6a1907d71a3fee360940931b",
        "track": "marker.bp.high",
        "dtime": "[-4,-3)",
        "dt": -3.5,
        "age": "[60,70)",
        "sex": "female",
        "count": 473,
        "mean": 12.8784043168921,
        "sd": 0.878469566198213,
        "q10": 11.9219203948975,
        "q25": 12.3000001907349,
        "q50": 12.8004016876221,
        "q75": 13.6000204086304,
        "q90": 14.0408395767212,
        "label": "bp.high"
      },
      {
        "cohort": "c_56bef3eb6a1907d71a3fee360940931b",
        "track": "marker.bp.high",
        "dtime": "[-3,-2)",
        "dt": -2.5,
        "age": "[60,70)",
        "sex": "male",
        "count": 368,
        "mean": 14.199635092331,
        "sd": 1.2040694185677,
        "q10": 12.8045903205872,
        "q25": 13.6005229949951,
        "q50": 14.3013572692871,
        "q75": 15.0303952693939,
        "q90": 15.6000003814697,
        "label": "bp.high"
      },
      {
        "cohort": "c_56bef3eb6a1907d71a3fee360940931b",
        "track": "marker.bp.high",
        "dtime": "[-3,-2)",
        "dt": -2.5,
        "age": "[60,70)",
        "sex": "female",
        "count": 589,
        "mean": 12.8168620998467,
        "sd": 0.842806774337394,
        "q10": 11.8748571395874,
        "q25": 12.1999082565308,
        "q50": 12.6969871520996,
        "q75": 13.4980087280273,
        "q90": 13.9930278778076,
        "label": "bp.high"
      },
      {
        "cohort": "c_56bef3eb6a1907d71a3fee360940931b",
        "track": "marker.bp.high",
        "dtime": "[-2,-1)",
        "dt": -1.5,
        "age": "[60,70)",
        "sex": "male",
        "count": 408,
        "mean": 14.0451919307896,
        "sd": 1.08841381530392,
        "q10": 12.8933320999146,
        "q25": 13.3975174427032,
        "q50": 13.904821395874,
        "q75": 14.8950114250183,
        "q90": 15.3965055465698,
        "label": "bp.high"
      },
      {
        "cohort": "c_56bef3eb6a1907d71a3fee360940931b",
        "track": "marker.bp.high",
        "dtime": "[-2,-1)",
        "dt": -1.5,
        "age": "[60,70)",
        "sex": "female",
        "count": 646,
        "mean": 12.725279757851,
        "sd": 0.833351746468587,
        "q10": 11.8000817298889,
        "q25": 12.1902587413788,
        "q50": 12.600971698761,
        "q75": 13.3000001907349,
        "q90": 13.8000001907349,
        "label": "bp.high"
      },
      {
        "cohort": "c_56bef3eb6a1907d71a3fee360940931b",
        "track": "marker.bp.high",
        "dtime": "[-1,0)",
        "dt": -0.5,
        "age": "[60,70)",
        "sex": "male",
        "count": 456,
        "mean": 13.9437365626034,
        "sd": 1.13812294277365,
        "q10": 12.8014750480652,
        "q25": 13.3000001907349,
        "q50": 13.8950200080872,
        "q75": 14.7027103900909,
        "q90": 15.3975882530212,
        "label": "bp.high"
      },
      {
        "cohort": "c_56bef3eb6a1907d71a3fee360940931b",
        "track": "marker.bp.high",
        "dtime": "[-1,0)",
        "dt": -0.5,
        "age": "[60,70)",
        "sex": "female",
        "count": 669,
        "mean": 12.6652073211556,
        "sd": 0.900286033236686,
        "q10": 11.6909362792969,
        "q25": 12.1047677993774,
        "q50": 12.6000003814697,
        "q75": 13.3000001907349,
        "q90": 13.8181663513184,
        "label": "bp.high"
      },
      {
        "cohort": "c_56bef3eb6a1907d71a3fee360940931b",
        "track": "marker.bp.high",
        "dtime": "[0,1)",
        "dt": 0.5,
        "age": "[60,70)",
        "sex": "male",
        "count": 472,
        "mean": 13.8357461913157,
        "sd": 1.19197125225078,
        "q10": 12.6001436233521,
        "q25": 13.2020871639252,
        "q50": 13.8000001907349,
        "q75": 14.6128787994385,
        "q90": 15.3029138565063,
        "label": "bp.high"
      },
      {
        "cohort": "c_56bef3eb6a1907d71a3fee360940931b",
        "track": "marker.bp.high",
        "dtime": "[0,1)",
        "dt": 0.5,
        "age": "[60,70)",
        "sex": "female",
        "count": 683,
        "mean": 12.6987006786453,
        "sd": 0.896676920369894,
        "q10": 11.7027629852295,
        "q25": 12.1005425453186,
        "q50": 12.6000003814697,
        "q75": 13.3000001907349,
        "q90": 13.8937570571899,
        "label": "bp.high"
      },
      {
        "cohort": "c_56bef3eb6a1907d71a3fee360940931b",
        "track": "marker.bp.high",
        "dtime": "[1,2)",
        "dt": 1.5,
        "age": "[60,70)",
        "sex": "male",
        "count": 430,
        "mean": 13.8632128338481,
        "sd": 1.08770853880633,
        "q10": 12.800538444519,
        "q25": 13.2027013301849,
        "q50": 13.8049216270447,
        "q75": 14.6000003814697,
        "q90": 15.2050681114197,
        "label": "bp.high"
      },
      {
        "cohort": "c_56bef3eb6a1907d71a3fee360940931b",
        "track": "marker.bp.high",
        "dtime": "[1,2)",
        "dt": 1.5,
        "age": "[60,70)",
        "sex": "female",
        "count": 637,
        "mean": 12.697720371947,
        "sd": 0.907683458588066,
        "q10": 11.6962335586548,
        "q25": 12.1014747619629,
        "q50": 12.5075941085815,
        "q75": 13.3000001907349,
        "q90": 13.8907890319824,
        "label": "bp.high"
      },
      {
        "cohort": "c_56bef3eb6a1907d71a3fee360940931b",
        "track": "marker.bp.high",
        "dtime": "[2,3)",
        "dt": 2.5,
        "age": "[60,70)",
        "sex": "male",
        "count": 396,
        "mean": 13.7541811658879,
        "sd": 1.18322398359149,
        "q10": 12.5368614196777,
        "q25": 13.1122617721558,
        "q50": 13.697124004364,
        "q75": 14.5106534957886,
        "q90": 15.1980090141296,
        "label": "bp.high"
      },
      {
        "cohort": "c_56bef3eb6a1907d71a3fee360940931b",
        "track": "marker.bp.high",
        "dtime": "[2,3)",
        "dt": 2.5,
        "age": "[60,70)",
        "sex": "female",
        "count": 582,
        "mean": 12.6140080727253,
        "sd": 0.971166229324048,
        "q10": 11.6000003814697,
        "q25": 12.1000003814697,
        "q50": 12.4974637031555,
        "q75": 13.3000001907349,
        "q90": 13.8974385261536,
        "label": "bp.high"
      },
      {
        "cohort": "c_56bef3eb6a1907d71a3fee360940931b",
        "track": "marker.bp.high",
        "dtime": "[3,4)",
        "dt": 3.5,
        "age": "[60,70)",
        "sex": "male",
        "count": 354,
        "mean": 13.8068257132492,
        "sd": 1.09491223131437,
        "q10": 12.6016735076904,
        "q25": 13.1093170642853,
        "q50": 13.7022085189819,
        "q75": 14.6000003814697,
        "q90": 15.3007660865784,
        "label": "bp.high"
      },
      {
        "cohort": "c_56bef3eb6a1907d71a3fee360940931b",
        "track": "marker.bp.high",
        "dtime": "[3,4)",
        "dt": 3.5,
        "age": "[60,70)",
        "sex": "female",
        "count": 513,
        "mean": 12.6709728296737,
        "sd": 0.876083762004701,
        "q10": 11.6000003814697,
        "q25": 12.1000003814697,
        "q50": 12.6000003814697,
        "q75": 13.3000001907349,
        "q90": 13.8920986175537,
        "label": "bp.high"
      },
      {
        "cohort": "c_56bef3eb6a1907d71a3fee360940931b",
        "track": "marker.bp.high",
        "dtime": "[4,5)",
        "dt": 4.5,
        "age": "[60,70)",
        "sex": "male",
        "count": 313,
        "mean": 13.7430519250254,
        "sd": 1.1873365686565,
        "q10": 12.497444152832,
        "q25": 13.1985807418823,
        "q50": 13.6977872848511,
        "q75": 14.5026206970215,
        "q90": 15.2086111068726,
        "label": "bp.high"
      },
      {
        "cohort": "c_56bef3eb6a1907d71a3fee360940931b",
        "track": "marker.bp.high",
        "dtime": "[4,5)",
        "dt": 4.5,
        "age": "[60,70)",
        "sex": "female",
        "count": 450,
        "mean": 12.571920882331,
        "sd": 0.940993309577923,
        "q10": 11.5011478424072,
        "q25": 11.994077205658,
        "q50": 12.4952607154846,
        "q75": 13.2017662525177,
        "q90": 13.8000001907349,
        "label": "bp.high"
      },
      {
        "cohort": "c_99e70e1c5f1b94ad5527b29e70d7125f",
        "track": "marker.bp.high",
        "dtime": "[-5,-4)",
        "dt": -4.5,
        "age": "[60,70)",
        "sex": "male",
        "count": 1214,
        "mean": 14.1764770952442,
        "sd": 1.09178279983696,
        "q10": 12.9947583198547,
        "q25": 13.4997692108154,
        "q50": 14.1025638580322,
        "q75": 15,
        "q90": 15.5,
        "label": "bp.high"
      },
      {
        "cohort": "c_99e70e1c5f1b94ad5527b29e70d7125f",
        "track": "marker.bp.high",
        "dtime": "[-5,-4)",
        "dt": -4.5,
        "age": "[60,70)",
        "sex": "female",
        "count": 1272,
        "mean": 12.8180901228257,
        "sd": 0.89941758826819,
        "q10": 11.8044076919556,
        "q25": 12.197466135025,
        "q50": 12.703489780426,
        "q75": 13.502406835556,
        "q90": 13.9960670471191,
        "label": "bp.high"
      },
      {
        "cohort": "c_99e70e1c5f1b94ad5527b29e70d7125f",
        "track": "marker.bp.high",
        "dtime": "[-4,-3)",
        "dt": -3.5,
        "age": "[60,70)",
        "sex": "male",
        "count": 1448,
        "mean": 14.1305505152565,
        "sd": 1.10334987331983,
        "q10": 12.8999394416809,
        "q25": 13.4079706668854,
        "q50": 14.0029125213623,
        "q75": 14.8939251899719,
        "q90": 15.6000003814697,
        "label": "bp.high"
      },
      {
        "cohort": "c_99e70e1c5f1b94ad5527b29e70d7125f",
        "track": "marker.bp.high",
        "dtime": "[-4,-3)",
        "dt": -3.5,
        "age": "[60,70)",
        "sex": "female",
        "count": 1447,
        "mean": 12.7966115973946,
        "sd": 0.884107894484327,
        "q10": 11.8019689559937,
        "q25": 12.1968517303467,
        "q50": 12.6980438232422,
        "q75": 13.3979558944702,
        "q90": 13.9909456253052,
        "label": "bp.high"
      },
      {
        "cohort": "c_99e70e1c5f1b94ad5527b29e70d7125f",
        "track": "marker.bp.high",
        "dtime": "[-3,-2)",
        "dt": -2.5,
        "age": "[60,70)",
        "sex": "male",
        "count": 1755,
        "mean": 14.0857014743012,
        "sd": 1.09447066523347,
        "q10": 12.804280090332,
        "q25": 13.4078488349915,
        "q50": 13.9980754852295,
        "q75": 14.8000001907349,
        "q90": 15.5,
        "label": "bp.high"
      },
      {
        "cohort": "c_99e70e1c5f1b94ad5527b29e70d7125f",
        "track": "marker.bp.high",
        "dtime": "[-3,-2)",
        "dt": -2.5,
        "age": "[60,70)",
        "sex": "female",
        "count": 1726,
        "mean": 12.8330428398636,
        "sd": 0.895924983524134,
        "q10": 11.8155579566956,
        "q25": 12.1987986564636,
        "q50": 12.7004914283752,
        "q75": 13.4991788864136,
        "q90": 13.9951887130737,
        "label": "bp.high"
      },
      {
        "cohort": "c_99e70e1c5f1b94ad5527b29e70d7125f",
        "track": "marker.bp.high",
        "dtime": "[-2,-1)",
        "dt": -1.5,
        "age": "[60,70)",
        "sex": "male",
        "count": 1866,
        "mean": 14.0140750466947,
        "sd": 1.07770542455207,
        "q10": 12.8009877204895,
        "q25": 13.3911716938019,
        "q50": 13.8995699882507,
        "q75": 14.8000001907349,
        "q90": 15.3978824615479,
        "label": "bp.high"
      },
      {
        "cohort": "c_99e70e1c5f1b94ad5527b29e70d7125f",
        "track": "marker.bp.high",
        "dtime": "[-2,-1)",
        "dt": -1.5,
        "age": "[60,70)",
        "sex": "female",
        "count": 1803,
        "mean": 12.7113021916968,
        "sd": 0.910236186787622,
        "q10": 11.701815032959,
        "q25": 12.191339969635,
        "q50": 12.6000003814697,
        "q75": 13.3927307128906,
        "q90": 13.8908048629761,
        "label": "bp.high"
      },
      {
        "cohort": "c_99e70e1c5f1b94ad5527b29e70d7125f",
        "track": "marker.bp.high",
        "dtime": "[-1,0)",
        "dt": -0.5,
        "age": "[60,70)",
        "sex": "male",
        "count": 1934,
        "mean": 13.9205905725446,
        "sd": 1.06042885063854,
        "q10": 12.80120677948,
        "q25": 13.3000001907349,
        "q50": 13.8127751350403,
        "q75": 14.6907470226288,
        "q90": 15.3043533325195,
        "label": "bp.high"
      },
      {
        "cohort": "c_99e70e1c5f1b94ad5527b29e70d7125f",
        "track": "marker.bp.high",
        "dtime": "[-1,0)",
        "dt": -0.5,
        "age": "[60,70)",
        "sex": "female",
        "count": 1885,
        "mean": 12.672087609926,
        "sd": 0.905446530925728,
        "q10": 11.6954235076904,
        "q25": 12.1000003814697,
        "q50": 12.6000003814697,
        "q75": 13.3000001907349,
        "q90": 13.8915714263916,
        "label": "bp.high"
      },
      {
        "cohort": "c_99e70e1c5f1b94ad5527b29e70d7125f",
        "track": "marker.bp.high",
        "dtime": "[0,1)",
        "dt": 0.5,
        "age": "[60,70)",
        "sex": "male",
        "count": 1922,
        "mean": 13.9269173137851,
        "sd": 1.13190854967268,
        "q10": 12.8000148773193,
        "q25": 13.3000001907349,
        "q50": 13.8920907974243,
        "q75": 14.6155385971069,
        "q90": 15.395183467865,
        "label": "bp.high"
      },
      {
        "cohort": "c_99e70e1c5f1b94ad5527b29e70d7125f",
        "track": "marker.bp.high",
        "dtime": "[0,1)",
        "dt": 0.5,
        "age": "[60,70)",
        "sex": "female",
        "count": 1862,
        "mean": 12.6545252277567,
        "sd": 0.874725415937135,
        "q10": 11.6915958404541,
        "q25": 12.1000003814697,
        "q50": 12.6000003814697,
        "q75": 13.3000001907349,
        "q90": 13.8911078453064,
        "label": "bp.high"
      },
      {
        "cohort": "c_99e70e1c5f1b94ad5527b29e70d7125f",
        "track": "marker.bp.high",
        "dtime": "[1,2)",
        "dt": 1.5,
        "age": "[60,70)",
        "sex": "male",
        "count": 1689,
        "mean": 13.8801304493662,
        "sd": 1.17160000623191,
        "q10": 12.6941305160522,
        "q25": 13.2025079727173,
        "q50": 13.8082714080811,
        "q75": 14.695291519165,
        "q90": 15.3027137756348,
        "label": "bp.high"
      },
      {
        "cohort": "c_99e70e1c5f1b94ad5527b29e70d7125f",
        "track": "marker.bp.high",
        "dtime": "[1,2)",
        "dt": 1.5,
        "age": "[60,70)",
        "sex": "female",
        "count": 1661,
        "mean": 12.6365329459947,
        "sd": 0.903297729473163,
        "q10": 11.608980178833,
        "q25": 11.9994621276855,
        "q50": 12.4988565444946,
        "q75": 13.3000001907349,
        "q90": 13.89098072052,
        "label": "bp.high"
      },
      {
        "cohort": "c_99e70e1c5f1b94ad5527b29e70d7125f",
        "track": "marker.bp.high",
        "dtime": "[2,3)",
        "dt": 2.5,
        "age": "[60,70)",
        "sex": "male",
        "count": 1456,
        "mean": 13.8676118863808,
        "sd": 1.11874736093526,
        "q10": 12.6058931350708,
        "q25": 13.2005286216736,
        "q50": 13.8000001907349,
        "q75": 14.6062207221985,
        "q90": 15.3046002388,
        "label": "bp.high"
      },
      {
        "cohort": "c_99e70e1c5f1b94ad5527b29e70d7125f",
        "track": "marker.bp.high",
        "dtime": "[2,3)",
        "dt": 2.5,
        "age": "[60,70)",
        "sex": "female",
        "count": 1467,
        "mean": 12.6364334040787,
        "sd": 0.942419775382378,
        "q10": 11.6083065032959,
        "q25": 12.1000003814697,
        "q50": 12.5558652877808,
        "q75": 13.3000001907349,
        "q90": 13.8924625396729,
        "label": "bp.high"
      },
      {
        "cohort": "c_99e70e1c5f1b94ad5527b29e70d7125f",
        "track": "marker.bp.high",
        "dtime": "[3,4)",
        "dt": 3.5,
        "age": "[60,70)",
        "sex": "male",
        "count": 1271,
        "mean": 13.8552688430558,
        "sd": 1.10595297671022,
        "q10": 12.6976976394653,
        "q25": 13.1996903419495,
        "q50": 13.8000001907349,
        "q75": 14.6025395393372,
        "q90": 15.3035545349121,
        "label": "bp.high"
      },
      {
        "cohort": "c_99e70e1c5f1b94ad5527b29e70d7125f",
        "track": "marker.bp.high",
        "dtime": "[3,4)",
        "dt": 3.5,
        "age": "[60,70)",
        "sex": "female",
        "count": 1277,
        "mean": 12.5890977328516,
        "sd": 0.945998611819905,
        "q10": 11.6000003814697,
        "q25": 11.9983749389648,
        "q50": 12.4989204406738,
        "q75": 13.2035121917725,
        "q90": 13.8000001907349,
        "label": "bp.high"
      },
      {
        "cohort": "c_99e70e1c5f1b94ad5527b29e70d7125f",
        "track": "marker.bp.high",
        "dtime": "[4,5)",
        "dt": 4.5,
        "age": "[60,70)",
        "sex": "male",
        "count": 1106,
        "mean": 13.7582092431743,
        "sd": 1.18726578111239,
        "q10": 12.4963974952698,
        "q25": 13.1026332378387,
        "q50": 13.7042565345764,
        "q75": 14.6000003814697,
        "q90": 15.2080159187317,
        "label": "bp.high"
      },
      {
        "cohort": "c_99e70e1c5f1b94ad5527b29e70d7125f",
        "track": "marker.bp.high",
        "dtime": "[4,5)",
        "dt": 4.5,
        "age": "[60,70)",
        "sex": "female",
        "count": 1108,
        "mean": 12.5958925188664,
        "sd": 0.998467346111761,
        "q10": 11.4977758407593,
        "q25": 11.9945368766785,
        "q50": 12.4963111877441,
        "q75": 13.3000001907349,
        "q90": 13.8991836547852,
        "label": "bp.high"
      },
      {
        "cohort": "c_b0475e53c4b385489d065b1eba846603",
        "track": "marker.bp.high",
        "dtime": "[-5,-4)",
        "dt": -4.5,
        "age": "[60,70)",
        "sex": "male",
        "count": 674,
        "mean": 14.1644335528863,
        "sd": 1.03985639621697,
        "q10": 13.1007802963257,
        "q25": 13.5024836063385,
        "q50": 14.1015295982361,
        "q75": 14.8956382274628,
        "q90": 15.4000622749329,
        "label": "bp.high"
      },
      {
        "cohort": "c_b0475e53c4b385489d065b1eba846603",
        "track": "marker.bp.high",
        "dtime": "[-5,-4)",
        "dt": -4.5,
        "age": "[60,70)",
        "sex": "female",
        "count": 796,
        "mean": 12.8240671193779,
        "sd": 0.87371420558887,
        "q10": 11.8019213676453,
        "q25": 12.2749860286713,
        "q50": 12.703369140625,
        "q75": 13.4966855049133,
        "q90": 13.9949469566345,
        "label": "bp.high"
      },
      {
        "cohort": "c_b0475e53c4b385489d065b1eba846603",
        "track": "marker.bp.high",
        "dtime": "[-4,-3)",
        "dt": -3.5,
        "age": "[60,70)",
        "sex": "male",
        "count": 834,
        "mean": 14.1409309933797,
        "sd": 1.11330856658751,
        "q10": 12.8927609443665,
        "q25": 13.4951922893524,
        "q50": 14.1013288497925,
        "q75": 15,
        "q90": 15.6000003814697,
        "label": "bp.high"
      },
      {
        "cohort": "c_b0475e53c4b385489d065b1eba846603",
        "track": "marker.bp.high",
        "dtime": "[-4,-3)",
        "dt": -3.5,
        "age": "[60,70)",
        "sex": "female",
        "count": 925,
        "mean": 12.7757612903698,
        "sd": 0.900395531969679,
        "q10": 11.802557182312,
        "q25": 12.1962108612061,
        "q50": 12.6978597640991,
        "q75": 13.3989734649658,
        "q90": 13.9926992416382,
        "label": "bp.high"
      },
      {
        "cohort": "c_b0475e53c4b385489d065b1eba846603",
        "track": "marker.bp.high",
        "dtime": "[-3,-2)",
        "dt": -2.5,
        "age": "[60,70)",
        "sex": "male",
        "count": 1024,
        "mean": 13.9896762203425,
        "sd": 1.13900066985713,
        "q10": 12.8003742218018,
        "q25": 13.3749084472656,
        "q50": 13.8992700576782,
        "q75": 14.6971075534821,
        "q90": 15.398183631897,
        "label": "bp.high"
      },
      {
        "cohort": "c_b0475e53c4b385489d065b1eba846603",
        "track": "marker.bp.high",
        "dtime": "[-3,-2)",
        "dt": -2.5,
        "age": "[60,70)",
        "sex": "female",
        "count": 1113,
        "mean": 12.7329812354048,
        "sd": 0.861879977556272,
        "q10": 11.8009059906006,
        "q25": 12.1915521621704,
        "q50": 12.6005887985229,
        "q75": 13.3935508728027,
        "q90": 13.8933980941772,
        "label": "bp.high"
      },
      {
        "cohort": "c_b0475e53c4b385489d065b1eba846603",
        "track": "marker.bp.high",
        "dtime": "[-2,-1)",
        "dt": -1.5,
        "age": "[60,70)",
        "sex": "male",
        "count": 1085,
        "mean": 13.9936585430725,
        "sd": 1.08645848470789,
        "q10": 12.8009288787842,
        "q25": 13.3930368423462,
        "q50": 13.8989973068237,
        "q75": 14.6995706558228,
        "q90": 15.3979904174805,
        "label": "bp.high"
      },
      {
        "cohort": "c_b0475e53c4b385489d065b1eba846603",
        "track": "marker.bp.high",
        "dtime": "[-2,-1)",
        "dt": -1.5,
        "age": "[60,70)",
        "sex": "female",
        "count": 1169,
        "mean": 12.7309366671625,
        "sd": 0.932306116899093,
        "q10": 11.6984479904175,
        "q25": 12.1000003814697,
        "q50": 12.6000003814697,
        "q75": 13.393816947937,
        "q90": 13.9914850234985,
        "label": "bp.high"
      },
      {
        "cohort": "c_b0475e53c4b385489d065b1eba846603",
        "track": "marker.bp.high",
        "dtime": "[-1,0)",
        "dt": -0.5,
        "age": "[60,70)",
        "sex": "male",
        "count": 1134,
        "mean": 13.9474199314387,
        "sd": 1.10559066663421,
        "q10": 12.7300217628479,
        "q25": 13.3000001907349,
        "q50": 13.8168931007385,
        "q75": 14.7057921886444,
        "q90": 15.3984487533569,
        "label": "bp.high"
      },
      {
        "cohort": "c_b0475e53c4b385489d065b1eba846603",
        "track": "marker.bp.high",
        "dtime": "[-1,0)",
        "dt": -0.5,
        "age": "[60,70)",
        "sex": "female",
        "count": 1198,
        "mean": 12.6828022269852,
        "sd": 0.920021061178263,
        "q10": 11.6976605415344,
        "q25": 12.1000003814697,
        "q50": 12.6000003814697,
        "q75": 13.3000001907349,
        "q90": 13.8963404655457,
        "label": "bp.high"
      },
      {
        "cohort": "c_b0475e53c4b385489d065b1eba846603",
        "track": "marker.bp.high",
        "dtime": "[0,1)",
        "dt": 0.5,
        "age": "[60,70)",
        "sex": "male",
        "count": 1121,
        "mean": 13.8976445091717,
        "sd": 1.10827241814765,
        "q10": 12.6941986083984,
        "q25": 13.2116851806641,
        "q50": 13.8008031845093,
        "q75": 14.6960144042969,
        "q90": 15.3049201965332,
        "label": "bp.high"
      },
      {
        "cohort": "c_b0475e53c4b385489d065b1eba846603",
        "track": "marker.bp.high",
        "dtime": "[0,1)",
        "dt": 0.5,
        "age": "[60,70)",
        "sex": "female",
        "count": 1185,
        "mean": 12.6581309990541,
        "sd": 0.884400839412584,
        "q10": 11.6950107574463,
        "q25": 12.1000003814697,
        "q50": 12.5063819885254,
        "q75": 13.3000001907349,
        "q90": 13.8936679840088,
        "label": "bp.high"
      },
      {
        "cohort": "c_b0475e53c4b385489d065b1eba846603",
        "track": "marker.bp.high",
        "dtime": "[1,2)",
        "dt": 1.5,
        "age": "[60,70)",
        "sex": "male",
        "count": 1014,
        "mean": 13.8567124306568,
        "sd": 1.12797200180515,
        "q10": 12.6012022972107,
        "q25": 13.1970443725586,
        "q50": 13.8000001907349,
        "q75": 14.6000003814697,
        "q90": 15.3044060707092,
        "label": "bp.high"
      },
      {
        "cohort": "c_b0475e53c4b385489d065b1eba846603",
        "track": "marker.bp.high",
        "dtime": "[1,2)",
        "dt": 1.5,
        "age": "[60,70)",
        "sex": "female",
        "count": 1079,
        "mean": 12.7118430084603,
        "sd": 0.918571854261574,
        "q10": 11.6978628158569,
        "q25": 12.1052665710449,
        "q50": 12.6000003814697,
        "q75": 13.3933053016663,
        "q90": 13.8975114822388,
        "label": "bp.high"
      },
      {
        "cohort": "c_b0475e53c4b385489d065b1eba846603",
        "track": "marker.bp.high",
        "dtime": "[2,3)",
        "dt": 2.5,
        "age": "[60,70)",
        "sex": "male",
        "count": 900,
        "mean": 13.8594980515374,
        "sd": 1.16075703421354,
        "q10": 12.6218942642212,
        "q25": 13.1386315822601,
        "q50": 13.7013440132141,
        "q75": 14.6944160461426,
        "q90": 15.30404920578,
        "label": "bp.high"
      },
      {
        "cohort": "c_b0475e53c4b385489d065b1eba846603",
        "track": "marker.bp.high",
        "dtime": "[2,3)",
        "dt": 2.5,
        "age": "[60,70)",
        "sex": "female",
        "count": 965,
        "mean": 12.6323811684248,
        "sd": 0.937972556789871,
        "q10": 11.6506128311157,
        "q25": 12.1000003814697,
        "q50": 12.4985084533691,
        "q75": 13.3000001907349,
        "q90": 13.8960088729858,
        "label": "bp.high"
      },
      {
        "cohort": "c_b0475e53c4b385489d065b1eba846603",
        "track": "marker.bp.high",
        "dtime": "[3,4)",
        "dt": 3.5,
        "age": "[60,70)",
        "sex": "male",
        "count": 792,
        "mean": 13.8622868331996,
        "sd": 1.14633271255919,
        "q10": 12.6200148582459,
        "q25": 13.1974675655365,
        "q50": 13.8039946556091,
        "q75": 14.6930298805237,
        "q90": 15.3009523391724,
        "label": "bp.high"
      },
      {
        "cohort": "c_b0475e53c4b385489d065b1eba846603",
        "track": "marker.bp.high",
        "dtime": "[3,4)",
        "dt": 3.5,
        "age": "[60,70)",
        "sex": "female",
        "count": 860,
        "mean": 12.6907693574595,
        "sd": 0.981669568667159,
        "q10": 11.692998790741,
        "q25": 12.1000003814697,
        "q50": 12.6000003814697,
        "q75": 13.3976390361786,
        "q90": 13.9904224395752,
        "label": "bp.high"
      },
      {
        "cohort": "c_b0475e53c4b385489d065b1eba846603",
        "track": "marker.bp.high",
        "dtime": "[4,5)",
        "dt": 4.5,
        "age": "[60,70)",
        "sex": "male",
        "count": 691,
        "mean": 13.7845265668656,
        "sd": 1.16471533199627,
        "q10": 12.3962678909302,
        "q25": 13.1008272171021,
        "q50": 13.7008876800537,
        "q75": 14.6000003814697,
        "q90": 15.302544593811,
        "label": "bp.high"
      },
      {
        "cohort": "c_b0475e53c4b385489d065b1eba846603",
        "track": "marker.bp.high",
        "dtime": "[4,5)",
        "dt": 4.5,
        "age": "[60,70)",
        "sex": "female",
        "count": 760,
        "mean": 12.5567090963062,
        "sd": 0.946382521989219,
        "q10": 11.4960176467896,
        "q25": 11.993791103363,
        "q50": 12.4960322380066,
        "q75": 13.1986620426178,
        "q90": 13.8905528068542,
        "label": "bp.high"
      }
    ],
    "figures": null
  },
  "id": "ffb985a8-f789-4426-8937-985a2f00095b"
}