{
  "data": {
    "messageType": "analysisDocument.report",
    "requestId": "63a2073d-dfd4-43e9-ad22-2bb6c839c38a",
    "cohortIds": [
      "c_b0475e53c4b385489d065b1eba846603",
      "c_99e70e1c5f1b94ad5527b29e70d7125f",
      "c_56bef3eb6a1907d71a3fee360940931b"
    ],
    "type": "lab",
    "data": [
      {
        "cohort": "c_56bef3eb6a1907d71a3fee360940931b",
        "track": "marker.bp.high",
        "dtime": "[-5,-4)",
        "dt": -4.5,
        "age": "[60,70)",
        "sex": "male",
        "count": 243,
        "mean": 14.4531219388232,
        "sd": 1.07833487148452,
        "q10": 13.1003463745117,
        "q25": 13.7017955780029,
        "q50": 14.5048065185547,
        "q75": 15.300883769989,
        "q90": 15.7797498703003,
        "label": "bp.high"
      },
      {
        "cohort": "c_56bef3eb6a1907d71a3fee360940931b",
        "track": "marker.bp.high",
        "dtime": "[-5,-4)",
        "dt": -4.5,
        "age": "[60,70)",
        "sex": "female",
        "count": 402,
        "mean": 12.9769927874133,
        "sd": 0.881281605519756,
        "q10": 11.8986839294434,
        "q25": 12.3936967849731,
        "q50": 12.898832321167,
        "q75": 13.604542016983,
        "q90": 14.0916453361511,
        "label": "bp.high"
      },
      {
        "cohort": "c_56bef3eb6a1907d71a3fee360940931b",
        "track": "marker.bp.high",
        "dtime": "[-4,-3)",
        "dt": -3.5,
        "age": "[60,70)",
        "sex": "male",
        "count": 278,
        "mean": 14.3098008752727,
        "sd": 1.02017472930592,
        "q10": 13.0719692230225,
        "q25": 13.5084483623505,
        "q50": 14.2080278396606,
        "q75": 15.1000003814697,
        "q90": 15.6000003814697,
        "label": "bp.high"
      },
      {
        "cohort": "c_56bef3eb6a1907d71a3fee360940931b",
        "track": "marker.bp.high",
        "dtime": "[-4,-3)",
        "dt": -3.5,
        "age": "[60,70)",
        "sex": "female",
        "count": 473,
        "mean": 12.9015224186613,
        "sd": 0.859159018884215,
        "q10": 11.9219203948975,
        "q25": 12.3000001907349,
        "q50": 12.8029079437256,
        "q75": 13.6014776229858,
        "q90": 13.9932952880859,
        "label": "bp.high"
      },
      {
        "cohort": "c_56bef3eb6a1907d71a3fee360940931b",
        "track": "marker.bp.high",
        "dtime": "[-3,-2)",
        "dt": -2.5,
        "age": "[60,70)",
        "sex": "male",
        "count": 368,
        "mean": 14.2064841117548,
        "sd": 1.21737370172953,
        "q10": 12.804651260376,
        "q25": 13.6005229949951,
        "q50": 14.2018556594849,
        "q75": 15.1000003814697,
        "q90": 15.6949240684509,
        "label": "bp.high"
      },
      {
        "cohort": "c_56bef3eb6a1907d71a3fee360940931b",
        "track": "marker.bp.high",
        "dtime": "[-3,-2)",
        "dt": -2.5,
        "age": "[60,70)",
        "sex": "female",
        "count": 589,
        "mean": 12.8185273835938,
        "sd": 0.872905041356613,
        "q10": 11.808749961853,
        "q25": 12.1953840255737,
        "q50": 12.699146270752,
        "q75": 13.4997253417969,
        "q90": 13.9957576751709,
        "label": "bp.high"
      },
      {
        "cohort": "c_56bef3eb6a1907d71a3fee360940931b",
        "track": "marker.bp.high",
        "dtime": "[-2,-1)",
        "dt": -1.5,
        "age": "[60,70)",
        "sex": "male",
        "count": 408,
        "mean": 14.0351185564901,
        "sd": 1.05301682743434,
        "q10": 12.8979170799255,
        "q25": 13.3995683193207,
        "q50": 13.9903354644775,
        "q75": 14.8000001907349,
        "q90": 15.3008881568909,
        "label": "bp.high"
      },
      {
        "cohort": "c_56bef3eb6a1907d71a3fee360940931b",
        "track": "marker.bp.high",
        "dtime": "[-2,-1)",
        "dt": -1.5,
        "age": "[60,70)",
        "sex": "female",
        "count": 646,
        "mean": 12.7325113388038,
        "sd": 0.862148752512157,
        "q10": 11.7046146392822,
        "q25": 12.1008625030518,
        "q50": 12.6000003814697,
        "q75": 13.3952314853668,
        "q90": 13.8921589851379,
        "label": "bp.high"
      },
      {
        "cohort": "c_56bef3eb6a1907d71a3fee360940931b",
        "track": "marker.bp.high",
        "dtime": "[-1,0)",
        "dt": -0.5,
        "age": "[60,70)",
        "sex": "male",
        "count": 456,
        "mean": 13.9361336691338,
        "sd": 1.01673318004703,
        "q10": 12.8473958969116,
        "q25": 13.3000001907349,
        "q50": 13.8120760917664,
        "q75": 14.6000003814697,
        "q90": 15.3033747673035,
        "label": "bp.high"
      },
      {
        "cohort": "c_56bef3eb6a1907d71a3fee360940931b",
        "track": "marker.bp.high",
        "dtime": "[-1,0)",
        "dt": -0.5,
        "age": "[60,70)",
        "sex": "female",
        "count": 669,
        "mean": 12.6807817136938,
        "sd": 0.906810732114683,
        "q10": 11.695618057251,
        "q25": 12.1000003814697,
        "q50": 12.6000003814697,
        "q75": 13.3000001907349,
        "q90": 13.8985389709473,
        "label": "bp.high"
      },
      {
        "cohort": "c_56bef3eb6a1907d71a3fee360940931b",
        "track": "marker.bp.high",
        "dtime": "[0,1)",
        "dt": 0.5,
        "age": "[60,70)",
        "sex": "male",
        "count": 472,
        "mean": 13.8890857777353,
        "sd": 1.05620070696037,
        "q10": 12.7128778457642,
        "q25": 13.3000001907349,
        "q50": 13.8000001907349,
        "q75": 14.5110864639282,
        "q90": 15.302024936676,
        "label": "bp.high"
      },
      {
        "cohort": "c_56bef3eb6a1907d71a3fee360940931b",
        "track": "marker.bp.high",
        "dtime": "[0,1)",
        "dt": 0.5,
        "age": "[60,70)",
        "sex": "female",
        "count": 683,
        "mean": 12.6894863569894,
        "sd": 0.894326666256084,
        "q10": 11.7006450653076,
        "q25": 12.1000003814697,
        "q50": 12.6000003814697,
        "q75": 13.3000001907349,
        "q90": 13.8942956924438,
        "label": "bp.high"
      },
      {
        "cohort": "c_56bef3eb6a1907d71a3fee360940931b",
        "track": "marker.bp.high",
        "dtime": "[1,2)",
        "dt": 1.5,
        "age": "[60,70)",
        "sex": "male",
        "count": 430,
        "mean": 13.7454125060592,
        "sd": 1.19366985617969,
        "q10": 12.5907159805298,
        "q25": 13.1044921875,
        "q50": 13.7009272575378,
        "q75": 14.5025699138641,
        "q90": 15.2024471282959,
        "label": "bp.high"
      },
      {
        "cohort": "c_56bef3eb6a1907d71a3fee360940931b",
        "track": "marker.bp.high",
        "dtime": "[1,2)",
        "dt": 1.5,
        "age": "[60,70)",
        "sex": "female",
        "count": 637,
        "mean": 12.665380419517,
        "sd": 0.930343723540813,
        "q10": 11.6000003814697,
        "q25": 12.1000003814697,
        "q50": 12.6000003814697,
        "q75": 13.3000001907349,
        "q90": 13.8961097717285,
        "label": "bp.high"
      },
      {
        "cohort": "c_56bef3eb6a1907d71a3fee360940931b",
        "track": "marker.bp.high",
        "dtime": "[2,3)",
        "dt": 2.5,
        "age": "[60,70)",
        "sex": "male",
        "count": 396,
        "mean": 13.8241301750896,
        "sd": 1.13259332391786,
        "q10": 12.606912612915,
        "q25": 13.201055765152,
        "q50": 13.7040395736694,
        "q75": 14.6000003814697,
        "q90": 15.3021469116211,
        "label": "bp.high"
      },
      {
        "cohort": "c_56bef3eb6a1907d71a3fee360940931b",
        "track": "marker.bp.high",
        "dtime": "[2,3)",
        "dt": 2.5,
        "age": "[60,70)",
        "sex": "female",
        "count": 582,
        "mean": 12.5582059453853,
        "sd": 0.89125113901928,
        "q10": 11.6022887229919,
        "q25": 11.9979214668274,
        "q50": 12.4972767829895,
        "q75": 13.1025531291962,
        "q90": 13.8000001907349,
        "label": "bp.high"
      },
      {
        "cohort": "c_56bef3eb6a1907d71a3fee360940931b",
        "track": "marker.bp.high",
        "dtime": "[3,4)",
        "dt": 3.5,
        "age": "[60,70)",
        "sex": "male",
        "count": 354,
        "mean": 13.8569680283972,
        "sd": 1.02473003434721,
        "q10": 12.7006262779236,
        "q25": 13.1979773044586,
        "q50": 13.7524352073669,
        "q75": 14.5786073207855,
        "q90": 15.2167874336243,
        "label": "bp.high"
      },
      {
        "cohort": "c_56bef3eb6a1907d71a3fee360940931b",
        "track": "marker.bp.high",
        "dtime": "[3,4)",
        "dt": 3.5,
        "age": "[60,70)",
        "sex": "female",
        "count": 513,
        "mean": 12.6332777331912,
        "sd": 0.939141723844024,
        "q10": 11.5267040252686,
        "q25": 12.1000003814697,
        "q50": 12.6000003814697,
        "q75": 13.3000001907349,
        "q90": 13.8000001907349,
        "label": "bp.high"
      },
      {
        "cohort": "c_56bef3eb6a1907d71a3fee360940931b",
        "track": "marker.bp.high",
        "dtime": "[4,5)",
        "dt": 4.5,
        "age": "[60,70)",
        "sex": "male",
        "count": 313,
        "mean": 13.7991235172406,
        "sd": 1.11681632998243,
        "q10": 12.5541286468506,
        "q25": 13.1039028167725,
        "q50": 13.6962070465088,
        "q75": 14.6000003814697,
        "q90": 15.2826873779297,
        "label": "bp.high"
      },
      {
        "cohort": "c_56bef3eb6a1907d71a3fee360940931b",
        "track": "marker.bp.high",
        "dtime": "[4,5)",
        "dt": 4.5,
        "age": "[60,70)",
        "sex": "female",
        "count": 450,
        "mean": 12.5906701299879,
        "sd": 0.959419097251583,
        "q10": 11.6000003814697,
        "q25": 11.9933249950409,
        "q50": 12.4970993995667,
        "q75": 13.3000001907349,
        "q90": 13.8000001907349,
        "label": "bp.high"
      },
      {
        "cohort": "c_99e70e1c5f1b94ad5527b29e70d7125f",
        "track": "marker.bp.high",
        "dtime": "[-5,-4)",
        "dt": -4.5,
        "age": "[60,70)",
        "sex": "male",
        "count": 1214,
        "mean": 14.213767665222,
        "sd": 1.05881326529478,
        "q10": 13.0023427963257,
        "q25": 13.4995534420013,
        "q50": 14.1959404945374,
        "q75": 15,
        "q90": 15.5,
        "label": "bp.high"
      },
      {
        "cohort": "c_99e70e1c5f1b94ad5527b29e70d7125f",
        "track": "marker.bp.high",
        "dtime": "[-5,-4)",
        "dt": -4.5,
        "age": "[60,70)",
        "sex": "female",
        "count": 1272,
        "mean": 12.8278464813652,
        "sd": 0.868966957374365,
        "q10": 11.8043511390686,
        "q25": 12.1980772018433,
        "q50": 12.8001732826233,
        "q75": 13.4989743232727,
        "q90": 13.9928276062012,
        "label": "bp.high"
      },
      {
        "cohort": "c_99e70e1c5f1b94ad5527b29e70d7125f",
        "track": "marker.bp.high",
        "dtime": "[-4,-3)",
        "dt": -3.5,
        "age": "[60,70)",
        "sex": "male",
        "count": 1448,
        "mean": 14.1062423389261,
        "sd": 1.09817140502567,
        "q10": 12.995177936554,
        "q25": 13.4961924552917,
        "q50": 13.9959411621094,
        "q75": 14.8903574943542,
        "q90": 15.5,
        "label": "bp.high"
      },
      {
        "cohort": "c_99e70e1c5f1b94ad5527b29e70d7125f",
        "track": "marker.bp.high",
        "dtime": "[-4,-3)",
        "dt": -3.5,
        "age": "[60,70)",
        "sex": "female",
        "count": 1447,
        "mean": 12.7837395931658,
        "sd": 0.924392960220461,
        "q10": 11.8007308959961,
        "q25": 12.1970052719116,
        "q50": 12.7007122039795,
        "q75": 13.3996834754944,
        "q90": 13.9919637680054,
        "label": "bp.high"
      },
      {
        "cohort": "c_99e70e1c5f1b94ad5527b29e70d7125f",
        "track": "marker.bp.high",
        "dtime": "[-3,-2)",
        "dt": -2.5,
        "age": "[60,70)",
        "sex": "male",
        "count": 1755,
        "mean": 14.1057381007746,
        "sd": 1.05677908337898,
        "q10": 12.8942132949829,
        "q25": 13.3975405693054,
        "q50": 13.9953079223633,
        "q75": 14.8923616409302,
        "q90": 15.5,
        "label": "bp.high"
      },
      {
        "cohort": "c_99e70e1c5f1b94ad5527b29e70d7125f",
        "track": "marker.bp.high",
        "dtime": "[-3,-2)",
        "dt": -2.5,
        "age": "[60,70)",
        "sex": "female",
        "count": 1726,
        "mean": 12.7770578024147,
        "sd": 0.914078164300333,
        "q10": 11.8006358146667,
        "q25": 12.1941952705383,
        "q50": 12.6935729980469,
        "q75": 13.3978805541992,
        "q90": 13.9928932189941,
        "label": "bp.high"
      },
      {
        "cohort": "c_99e70e1c5f1b94ad5527b29e70d7125f",
        "track": "marker.bp.high",
        "dtime": "[-2,-1)",
        "dt": -1.5,
        "age": "[60,70)",
        "sex": "male",
        "count": 1866,
        "mean": 14.0040320879905,
        "sd": 1.10174242692598,
        "q10": 12.8031721115112,
        "q25": 13.3917970657349,
        "q50": 13.8996376991272,
        "q75": 14.8000001907349,
        "q90": 15.3977928161621,
        "label": "bp.high"
      },
      {
        "cohort": "c_99e70e1c5f1b94ad5527b29e70d7125f",
        "track": "marker.bp.high",
        "dtime": "[-2,-1)",
        "dt": -1.5,
        "age": "[60,70)",
        "sex": "female",
        "count": 1803,
        "mean": 12.7034010922849,
        "sd": 0.918783124852838,
        "q10": 11.6953798294067,
        "q25": 12.1041474342346,
        "q50": 12.6000003814697,
        "q75": 13.3065166473389,
        "q90": 13.8965103149414,
        "label": "bp.high"
      },
      {
        "cohort": "c_99e70e1c5f1b94ad5527b29e70d7125f",
        "track": "marker.bp.high",
        "dtime": "[-1,0)",
        "dt": -0.5,
        "age": "[60,70)",
        "sex": "male",
        "count": 1934,
        "mean": 13.9114853349565,
        "sd": 1.085408598928,
        "q10": 12.7199984550476,
        "q25": 13.3000001907349,
        "q50": 13.8149118423462,
        "q75": 14.6901440620422,
        "q90": 15.3036929130554,
        "label": "bp.high"
      },
      {
        "cohort": "c_99e70e1c5f1b94ad5527b29e70d7125f",
        "track": "marker.bp.high",
        "dtime": "[-1,0)",
        "dt": -0.5,
        "age": "[60,70)",
        "sex": "female",
        "count": 1885,
        "mean": 12.660195181667,
        "sd": 0.911618036805255,
        "q10": 11.6940095901489,
        "q25": 12.1000003814697,
        "q50": 12.6000003814697,
        "q75": 13.3000001907349,
        "q90": 13.8541381835938,
        "label": "bp.high"
      },
      {
        "cohort": "c_99e70e1c5f1b94ad5527b29e70d7125f",
        "track": "marker.bp.high",
        "dtime": "[0,1)",
        "dt": 0.5,
        "age": "[60,70)",
        "sex": "male",
        "count": 1922,
        "mean": 13.9005255292283,
        "sd": 1.15088097284529,
        "q10": 12.7008724212646,
        "q25": 13.3000001907349,
        "q50": 13.8022999763489,
        "q75": 14.694495677948,
        "q90": 15.3035437583923,
        "label": "bp.high"
      },
      {
        "cohort": "c_99e70e1c5f1b94ad5527b29e70d7125f",
        "track": "marker.bp.high",
        "dtime": "[0,1)",
        "dt": 0.5,
        "age": "[60,70)",
        "sex": "female",
        "count": 1862,
        "mean": 12.662685160222,
        "sd": 0.870062446345066,
        "q10": 11.6963217735291,
        "q25": 12.1000003814697,
        "q50": 12.6000003814697,
        "q75": 13.2031280994415,
        "q90": 13.8927307128906,
        "label": "bp.high"
      },
      {
        "cohort": "c_99e70e1c5f1b94ad5527b29e70d7125f",
        "track": "marker.bp.high",
        "dtime": "[1,2)",
        "dt": 1.5,
        "age": "[60,70)",
        "sex": "male",
        "count": 1689,
        "mean": 13.8218013002295,
        "sd": 1.19476572601702,
        "q10": 12.6044738769531,
        "q25": 13.1969900131226,
        "q50": 13.8000001907349,
        "q75": 14.691873550415,
        "q90": 15.3031908035278,
        "label": "bp.high"
      },
      {
        "cohort": "c_99e70e1c5f1b94ad5527b29e70d7125f",
        "track": "marker.bp.high",
        "dtime": "[1,2)",
        "dt": 1.5,
        "age": "[60,70)",
        "sex": "female",
        "count": 1661,
        "mean": 12.6244971216766,
        "sd": 0.910663177647158,
        "q10": 11.6924514770508,
        "q25": 11.997350692749,
        "q50": 12.4995346069336,
        "q75": 13.3000001907349,
        "q90": 13.890474319458,
        "label": "bp.high"
      },
      {
        "cohort": "c_99e70e1c5f1b94ad5527b29e70d7125f",
        "track": "marker.bp.high",
        "dtime": "[2,3)",
        "dt": 2.5,
        "age": "[60,70)",
        "sex": "male",
        "count": 1456,
        "mean": 13.8833693822662,
        "sd": 1.14512975846557,
        "q10": 12.6552562713623,
        "q25": 13.2027680873871,
        "q50": 13.8041958808899,
        "q75": 14.6920809745789,
        "q90": 15.3035702705383,
        "label": "bp.high"
      },
      {
        "cohort": "c_99e70e1c5f1b94ad5527b29e70d7125f",
        "track": "marker.bp.high",
        "dtime": "[2,3)",
        "dt": 2.5,
        "age": "[60,70)",
        "sex": "female",
        "count": 1467,
        "mean": 12.604840106353,
        "sd": 0.894312467782438,
        "q10": 11.6000003814697,
        "q25": 11.9968633651733,
        "q50": 12.4972257614136,
        "q75": 13.3000001907349,
        "q90": 13.8000001907349,
        "label": "bp.high"
      },
      {
        "cohort": "c_99e70e1c5f1b94ad5527b29e70d7125f",
        "track": "marker.bp.high",
        "dtime": "[3,4)",
        "dt": 3.5,
        "age": "[60,70)",
        "sex": "male",
        "count": 1271,
        "mean": 13.8184779029864,
        "sd": 1.13334883476885,
        "q10": 12.5204381942749,
        "q25": 13.1965165138245,
        "q50": 13.7039833068848,
        "q75": 14.6055812835693,
        "q90": 15.3011522293091,
        "label": "bp.high"
      },
      {
        "cohort": "c_99e70e1c5f1b94ad5527b29e70d7125f",
        "track": "marker.bp.high",
        "dtime": "[3,4)",
        "dt": 3.5,
        "age": "[60,70)",
        "sex": "female",
        "count": 1277,
        "mean": 12.5918119862944,
        "sd": 0.94681626272389,
        "q10": 11.5629936218262,
        "q25": 12.1000003814697,
        "q50": 12.4988126754761,
        "q75": 13.2037496566772,
        "q90": 13.8361169815064,
        "label": "bp.high"
      },
      {
        "cohort": "c_99e70e1c5f1b94ad5527b29e70d7125f",
        "track": "marker.bp.high",
        "dtime": "[4,5)",
        "dt": 4.5,
        "age": "[60,70)",
        "sex": "male",
        "count": 1106,
        "mean": 13.734441668388,
        "sd": 1.17393911335897,
        "q10": 12.3946342468262,
        "q25": 13.1071484088898,
        "q50": 13.7017107009888,
        "q75": 14.5045745372772,
        "q90": 15.2038984298706,
        "label": "bp.high"
      },
      {
        "cohort": "c_99e70e1c5f1b94ad5527b29e70d7125f",
        "track": "marker.bp.high",
        "dtime": "[4,5)",
        "dt": 4.5,
        "age": "[60,70)",
        "sex": "female",
        "count": 1108,
        "mean": 12.5965184433796,
        "sd": 0.985355309203862,
        "q10": 11.6000003814697,
        "q25": 11.9942500591278,
        "q50": 12.4988503456116,
        "q75": 13.2043499946594,
        "q90": 13.891154384613,
        "label": "bp.high"
      },
      {
        "cohort": "c_b0475e53c4b385489d065b1eba846603",
        "track": "marker.bp.high",
        "dtime": "[-5,-4)",
        "dt": -4.5,
        "age": "[60,70)",
        "sex": "male",
        "count": 674,
        "mean": 14.2215529775761,
        "sd": 1.05313037214166,
        "q10": 12.9952615737915,
        "q25": 13.503484249115,
        "q50": 14.1033096313477,
        "q75": 15,
        "q90": 15.6000003814697,
        "label": "bp.high"
      },
      {
        "cohort": "c_b0475e53c4b385489d065b1eba846603",
        "track": "marker.bp.high",
        "dtime": "[-5,-4)",
        "dt": -4.5,
        "age": "[60,70)",
        "sex": "female",
        "count": 796,
        "mean": 12.7833622556236,
        "sd": 0.885553120099546,
        "q10": 11.8004865646362,
        "q25": 12.1962404251099,
        "q50": 12.7001614570618,
        "q75": 13.3978199958801,
        "q90": 13.9903330802917,
        "label": "bp.high"
      },
      {
        "cohort": "c_b0475e53c4b385489d065b1eba846603",
        "track": "marker.bp.high",
        "dtime": "[-4,-3)",
        "dt": -3.5,
        "age": "[60,70)",
        "sex": "male",
        "count": 834,
        "mean": 14.1486146164169,
        "sd": 1.10404678923251,
        "q10": 12.9023603439331,
        "q25": 13.3989515304565,
        "q50": 14.1013264656067,
        "q75": 15,
        "q90": 15.5,
        "label": "bp.high"
      },
      {
        "cohort": "c_b0475e53c4b385489d065b1eba846603",
        "track": "marker.bp.high",
        "dtime": "[-4,-3)",
        "dt": -3.5,
        "age": "[60,70)",
        "sex": "female",
        "count": 925,
        "mean": 12.7891356671823,
        "sd": 0.991368782924422,
        "q10": 11.8040193557739,
        "q25": 12.1948518753052,
        "q50": 12.6980981826782,
        "q75": 13.49622631073,
        "q90": 13.9975484848022,
        "label": "bp.high"
      },
      {
        "cohort": "c_b0475e53c4b385489d065b1eba846603",
        "track": "marker.bp.high",
        "dtime": "[-3,-2)",
        "dt": -2.5,
        "age": "[60,70)",
        "sex": "male",
        "count": 1024,
        "mean": 14.0074017741717,
        "sd": 1.12251327295383,
        "q10": 12.8048236846924,
        "q25": 13.3916432857513,
        "q50": 13.9918026924133,
        "q75": 14.7311425209045,
        "q90": 15.3968383789062,
        "label": "bp.high"
      },
      {
        "cohort": "c_b0475e53c4b385489d065b1eba846603",
        "track": "marker.bp.high",
        "dtime": "[-3,-2)",
        "dt": -2.5,
        "age": "[60,70)",
        "sex": "female",
        "count": 1113,
        "mean": 12.7906934141791,
        "sd": 0.877716744456297,
        "q10": 11.8012281417847,
        "q25": 12.1950454711914,
        "q50": 12.6968641281128,
        "q75": 13.3983688354492,
        "q90": 13.9951126098633,
        "label": "bp.high"
      },
      {
        "cohort": "c_b0475e53c4b385489d065b1eba846603",
        "track": "marker.bp.high",
        "dtime": "[-2,-1)",
        "dt": -1.5,
        "age": "[60,70)",
        "sex": "male",
        "count": 1085,
        "mean": 13.984157991629,
        "sd": 1.11642933974695,
        "q10": 12.8004360198975,
        "q25": 13.390362739563,
        "q50": 13.8981475830078,
        "q75": 14.8000001907349,
        "q90": 15.3624221801758,
        "label": "bp.high"
      },
      {
        "cohort": "c_b0475e53c4b385489d065b1eba846603",
        "track": "marker.bp.high",
        "dtime": "[-2,-1)",
        "dt": -1.5,
        "age": "[60,70)",
        "sex": "female",
        "count": 1169,
        "mean": 12.7159052474362,
        "sd": 0.91100102047056,
        "q10": 11.6970254898071,
        "q25": 12.1000003814697,
        "q50": 12.6000003814697,
        "q75": 13.3048181533813,
        "q90": 13.8975093841553,
        "label": "bp.high"
      },
      {
        "cohort": "c_b0475e53c4b385489d065b1eba846603",
        "track": "marker.bp.high",
        "dtime": "[-1,0)",
        "dt": -0.5,
        "age": "[60,70)",
        "sex": "male",
        "count": 1134,
        "mean": 13.9353615451322,
        "sd": 1.08102417325253,
        "q10": 12.8008031845093,
        "q25": 13.3000001907349,
        "q50": 13.8135261535645,
        "q75": 14.6907596588135,
        "q90": 15.3953112602234,
        "label": "bp.high"
      },
      {
        "cohort": "c_b0475e53c4b385489d065b1eba846603",
        "track": "marker.bp.high",
        "dtime": "[-1,0)",
        "dt": -0.5,
        "age": "[60,70)",
        "sex": "female",
        "count": 1198,
        "mean": 12.6668962369578,
        "sd": 0.910029783422299,
        "q10": 11.6254927635193,
        "q25": 12.104777097702,
        "q50": 12.6000003814697,
        "q75": 13.3000001907349,
        "q90": 13.8273899078369,
        "label": "bp.high"
      },
      {
        "cohort": "c_b0475e53c4b385489d065b1eba846603",
        "track": "marker.bp.high",
        "dtime": "[0,1)",
        "dt": 0.5,
        "age": "[60,70)",
        "sex": "male",
        "count": 1121,
        "mean": 13.9108501673808,
        "sd": 1.11109568670517,
        "q10": 12.8000392913818,
        "q25": 13.3000001907349,
        "q50": 13.8044662475586,
        "q75": 14.6949033737183,
        "q90": 15.3959760665894,
        "label": "bp.high"
      },
      {
        "cohort": "c_b0475e53c4b385489d065b1eba846603",
        "track": "marker.bp.high",
        "dtime": "[0,1)",
        "dt": 0.5,
        "age": "[60,70)",
        "sex": "female",
        "count": 1185,
        "mean": 12.6230121258442,
        "sd": 0.89214872445267,
        "q10": 11.6191801071167,
        "q25": 12.1000003814697,
        "q50": 12.4981498718262,
        "q75": 13.2025756835938,
        "q90": 13.8000001907349,
        "label": "bp.high"
      },
      {
        "cohort": "c_b0475e53c4b385489d065b1eba846603",
        "track": "marker.bp.high",
        "dtime": "[1,2)",
        "dt": 1.5,
        "age": "[60,70)",
        "sex": "male",
        "count": 1014,
        "mean": 13.8567673826124,
        "sd": 1.12677201355935,
        "q10": 12.6087747573853,
        "q25": 13.2061560153961,
        "q50": 13.7044405937195,
        "q75": 14.6915600299835,
        "q90": 15.302704334259,
        "label": "bp.high"
      },
      {
        "cohort": "c_b0475e53c4b385489d065b1eba846603",
        "track": "marker.bp.high",
        "dtime": "[1,2)",
        "dt": 1.5,
        "age": "[60,70)",
        "sex": "female",
        "count": 1079,
        "mean": 12.7124775850298,
        "sd": 0.914566113764899,
        "q10": 11.6904867172241,
        "q25": 12.1000003814697,
        "q50": 12.6000003814697,
        "q75": 13.3951716423035,
        "q90": 13.9907876968384,
        "label": "bp.high"
      },
      {
        "cohort": "c_b0475e53c4b385489d065b1eba846603",
        "track": "marker.bp.high",
        "dtime": "[2,3)",
        "dt": 2.5,
        "age": "[60,70)",
        "sex": "male",
        "count": 900,
        "mean": 13.8360786819458,
        "sd": 1.15327173852217,
        "q10": 12.6042521476746,
        "q25": 13.2020087242126,
        "q50": 13.8000001907349,
        "q75": 14.6000003814697,
        "q90": 15.3022055625916,
        "label": "bp.high"
      },
      {
        "cohort": "c_b0475e53c4b385489d065b1eba846603",
        "track": "marker.bp.high",
        "dtime": "[2,3)",
        "dt": 2.5,
        "age": "[60,70)",
        "sex": "female",
        "count": 965,
        "mean": 12.6199261136623,
        "sd": 0.957082437734338,
        "q10": 11.4994186401367,
        "q25": 11.9988822937012,
        "q50": 12.4962348937988,
        "q75": 13.3000001907349,
        "q90": 13.8989500045776,
        "label": "bp.high"
      },
      {
        "cohort": "c_b0475e53c4b385489d065b1eba846603",
        "track": "marker.bp.high",
        "dtime": "[3,4)",
        "dt": 3.5,
        "age": "[60,70)",
        "sex": "male",
        "count": 792,
        "mean": 13.8173162058146,
        "sd": 1.09517595309964,
        "q10": 12.6937914848328,
        "q25": 13.1996822357178,
        "q50": 13.7021517753601,
        "q75": 14.5184783935547,
        "q90": 15.1916137695313,
        "label": "bp.high"
      },
      {
        "cohort": "c_b0475e53c4b385489d065b1eba846603",
        "track": "marker.bp.high",
        "dtime": "[3,4)",
        "dt": 3.5,
        "age": "[60,70)",
        "sex": "female",
        "count": 860,
        "mean": 12.6570607762004,
        "sd": 0.931072298551608,
        "q10": 11.6154487609863,
        "q25": 11.9977519512177,
        "q50": 12.6000003814697,
        "q75": 13.3000001907349,
        "q90": 13.8964542388916,
        "label": "bp.high"
      },
      {
        "cohort": "c_b0475e53c4b385489d065b1eba846603",
        "track": "marker.bp.high",
        "dtime": "[4,5)",
        "dt": 4.5,
        "age": "[60,70)",
        "sex": "male",
        "count": 691,
        "mean": 13.7556764130654,
        "sd": 1.17849270325281,
        "q10": 12.4032564163208,
        "q25": 13.1002473831177,
        "q50": 13.7038822174072,
        "q75": 14.6000003814697,
        "q90": 15.3005313873291,
        "label": "bp.high"
      },
      {
        "cohort": "c_b0475e53c4b385489d065b1eba846603",
        "track": "marker.bp.high",
        "dtime": "[4,5)",
        "dt": 4.5,
        "age": "[60,70)",
        "sex": "female",
        "count": 760,
        "mean": 12.6240603835959,
        "sd": 0.966835152904892,
        "q10": 11.4991863250732,
        "q25": 11.9944276809692,
        "q50": 12.4970397949219,
        "q75": 13.3000001907349,
        "q90": 13.9943554878235,
        "label": "bp.high"
      }
    ],
    "figures": null
  },
  "id": "ba75536a-b8db-43b6-86a9-c5135c695667"
}