{
  "timestamp": "20240404175819271068",
  "request_id": "cae7646c-7a3a-4702-a52e-330f2e4c05b2",
  "output_file": "data/outputs\\full_comparison_with_export_all_reports\\0311124825660_analysisDocument.genReport_lab.json",
  "expected_output_file": "data/expectations\\full_comparison_with_export_all_reports\\0311124825660_analysisDocument.genReport_lab.json",
  "diff": [
    {
      "path": [
        "data",
        0,
        "mean"
      ],
      "action": "values_changed",
      "value": 102.511385892698,
      "old_value": 101.341107952657
    },
    {
      "path": [
        "data",
        0,
        "sd"
      ],
      "action": "values_changed",
      "value": 16.50114358464,
      "old_value": 15.2742150885926
    },
    {
      "path": [
        "data",
        0,
        "q10"
      ],
      "action": "values_changed",
      "value": 85.3893737792969,
      "old_value": 84.1952056884766
    },
    {
      "path": [
        "data",
        0,
        "q25"
      ],
      "action": "values_changed",
      "value": 91.9669914245605,
      "old_value": 91.5621070861816
    },
    {
      "path": [
        "data",
        0,
        "q50"
      ],
      "action": "values_changed",
      "value": 100.01651763916,
      "old_value": 99.9017105102539
    },
    {
      "path": [
        "data",
        0,
        "q75"
      ],
      "action": "values_changed",
      "value": 108.762672424316,
      "old_value": 106.926910400391
    },
    {
      "path": [
        "data",
        0,
        "q90"
      ],
      "action": "values_changed",
      "value": 118.226890563965,
      "old_value": 117.957443237305
    },
    {
      "path": [
        "data",
        1,
        "mean"
      ],
      "action": "values_changed",
      "value": 100.687599076532,
      "old_value": 99.6500777406264
    },
    {
      "path": [
        "data",
        1,
        "sd"
      ],
      "action": "values_changed",
      "value": 16.4138506539144,
      "old_value": 14.3840335244723
    },
    {
      "path": [
        "data",
        1,
        "q10"
      ],
      "action": "values_changed",
      "value": 85.0917266845703,
      "old_value": 84.0985290527344
    },
    {
      "path": [
        "data",
        1,
        "q50"
      ],
      "action": "values_changed",
      "value": 98.9679260253906,
      "old_value": 98.2251663208008
    },
    {
      "path": [
        "data",
        1,
        "q75"
      ],
      "action": "values_changed",
      "value": 106.98397064209,
      "old_value": 104.937850952148
    },
    {
      "path": [
        "data",
        1,
        "q90"
      ],
      "action": "values_changed",
      "value": 118.310827636719,
      "old_value": 117.017207336426
    },
    {
      "path": [
        "data",
        2,
        "mean"
      ],
      "action": "values_changed",
      "value": 103.310769826716,
      "old_value": 103.352181556008
    },
    {
      "path": [
        "data",
        2,
        "sd"
      ],
      "action": "values_changed",
      "value": 20.4423701909644,
      "old_value": 22.2854101858599
    },
    {
      "path": [
        "data",
        2,
        "q10"
      ],
      "action": "values_changed",
      "value": 85.9299392700195,
      "old_value": 85.2202529907227
    },
    {
      "path": [
        "data",
        2,
        "q25"
      ],
      "action": "values_changed",
      "value": 91.9303379058838,
      "old_value": 91.9511108398438
    },
    {
      "path": [
        "data",
        2,
        "q50"
      ],
      "action": "values_changed",
      "value": 99.609977722168,
      "old_value": 99.9563102722168
    },
    {
      "path": [
        "data",
        2,
        "q75"
      ],
      "action": "values_changed",
      "value": 110.084634780884,
      "old_value": 108.489273071289
    },
    {
      "path": [
        "data",
        2,
        "q90"
      ],
      "action": "values_changed",
      "value": 124.355774688721,
      "old_value": 122.247105407715
    },
    {
      "path": [
        "data",
        3,
        "mean"
      ],
      "action": "values_changed",
      "value": 100.402245320359,
      "old_value": 101.50974984365
    },
    {
      "path": [
        "data",
        3,
        "sd"
      ],
      "action": "values_changed",
      "value": 14.9568172930598,
      "old_value": 18.5397808630212
    },
    {
      "path": [
        "data",
        3,
        "q10"
      ],
      "action": "values_changed",
      "value": 84.9431549072266,
      "old_value": 85.0745727539063
    },
    {
      "path": [
        "data",
        3,
        "q25"
      ],
      "action": "values_changed",
      "value": 90.9968490600586,
      "old_value": 91.0113220214844
    },
    {
      "path": [
        "data",
        3,
        "q50"
      ],
      "action": "values_changed",
      "value": 98.5083694458008,
      "old_value": 99.2612609863281
    },
    {
      "path": [
        "data",
        3,
        "q75"
      ],
      "action": "values_changed",
      "value": 106.036361694336,
      "old_value": 106.999519348145
    },
    {
      "path": [
        "data",
        3,
        "q90"
      ],
      "action": "values_changed",
      "value": 117.557948303223,
      "old_value": 116.62813873291
    },
    {
      "path": [
        "data",
        4,
        "mean"
      ],
      "action": "values_changed",
      "value": 103.587319112757,
      "old_value": 102.800072720891
    },
    {
      "path": [
        "data",
        4,
        "sd"
      ],
      "action": "values_changed",
      "value": 19.2466604451764,
      "old_value": 19.8860924179965
    },
    {
      "path": [
        "data",
        4,
        "q10"
      ],
      "action": "values_changed",
      "value": 86.417610168457,
      "old_value": 85.9923553466797
    },
    {
      "path": [
        "data",
        4,
        "q25"
      ],
      "action": "values_changed",
      "value": 91.9830856323242,
      "old_value": 91.0442123413086
    },
    {
      "path": [
        "data",
        4,
        "q75"
      ],
      "action": "values_changed",
      "value": 109.962745666504,
      "old_value": 109.058891296387
    },
    {
      "path": [
        "data",
        4,
        "q90"
      ],
      "action": "values_changed",
      "value": 118.149772644043,
      "old_value": 117.35400390625
    },
    {
      "path": [
        "data",
        5,
        "mean"
      ],
      "action": "values_changed",
      "value": 102.060841336458,
      "old_value": 101.966892424874
    },
    {
      "path": [
        "data",
        5,
        "sd"
      ],
      "action": "values_changed",
      "value": 15.8793763921499,
      "old_value": 15.6174493386363
    },
    {
      "path": [
        "data",
        5,
        "q10"
      ],
      "action": "values_changed",
      "value": 85.1449699401855,
      "old_value": 84.9665519714355
    },
    {
      "path": [
        "data",
        5,
        "q25"
      ],
      "action": "values_changed",
      "value": 91.9329299926758,
      "old_value": 91.9246559143066
    },
    {
      "path": [
        "data",
        5,
        "q50"
      ],
      "action": "values_changed",
      "value": 100.004024505615,
      "old_value": 100.259399414062
    },
    {
      "path": [
        "data",
        5,
        "q75"
      ],
      "action": "values_changed",
      "value": 108.912126541138,
      "old_value": 109.151960372925
    },
    {
      "path": [
        "data",
        5,
        "q90"
      ],
      "action": "values_changed",
      "value": 118.503771972656,
      "old_value": 118.334422302246
    },
    {
      "path": [
        "data",
        6,
        "mean"
      ],
      "action": "values_changed",
      "value": 105.744002915547,
      "old_value": 106.079640094835
    },
    {
      "path": [
        "data",
        6,
        "sd"
      ],
      "action": "values_changed",
      "value": 23.3565128809171,
      "old_value": 24.1359086991283
    },
    {
      "path": [
        "data",
        6,
        "q10"
      ],
      "action": "values_changed",
      "value": 87.0103302001953,
      "old_value": 86.3550491333008
    },
    {
      "path": [
        "data",
        6,
        "q25"
      ],
      "action": "values_changed",
      "value": 92.1250076293945,
      "old_value": 92.9677734375
    },
    {
      "path": [
        "data",
        6,
        "q50"
      ],
      "action": "values_changed",
      "value": 102.369468688965,
      "old_value": 102.763122558594
    },
    {
      "path": [
        "data",
        6,
        "q75"
      ],
      "action": "values_changed",
      "value": 111.782325744629,
      "old_value": 112.155731201172
    },
    {
      "path": [
        "data",
        6,
        "q90"
      ],
      "action": "values_changed",
      "value": 125.321144104004,
      "old_value": 126.76708984375
    },
    {
      "path": [
        "data",
        7,
        "mean"
      ],
      "action": "values_changed",
      "value": 102.685706682558,
      "old_value": 102.695060376768
    },
    {
      "path": [
        "data",
        7,
        "sd"
      ],
      "action": "values_changed",
      "value": 15.6831782013157,
      "old_value": 15.650405002082
    },
    {
      "path": [
        "data",
        7,
        "q10"
      ],
      "action": "values_changed",
      "value": 86.8606056213379,
      "old_value": 86.4800048828125
    },
    {
      "path": [
        "data",
        7,
        "q25"
      ],
      "action": "values_changed",
      "value": 93.3433456420898,
      "old_value": 93.4244766235352
    },
    {
      "path": [
        "data",
        7,
        "q50"
      ],
      "action": "values_changed",
      "value": 101.203708648682,
      "old_value": 101.916065216064
    },
    {
      "path": [
        "data",
        7,
        "q75"
      ],
      "action": "values_changed",
      "value": 108.922479629517,
      "old_value": 108.266576766968
    },
    {
      "path": [
        "data",
        7,
        "q90"
      ],
      "action": "values_changed",
      "value": 119.800496673584,
      "old_value": 118.587815093994
    },
    {
      "path": [
        "data",
        8,
        "mean"
      ],
      "action": "values_changed",
      "value": 110.245998102076,
      "old_value": 109.553158535677
    },
    {
      "path": [
        "data",
        8,
        "sd"
      ],
      "action": "values_changed",
      "value": 27.2803434381206,
      "old_value": 27.2200049719887
    },
    {
      "path": [
        "data",
        8,
        "q10"
      ],
      "action": "values_changed",
      "value": 87.9422271728516,
      "old_value": 89.9610702514648
    },
    {
      "path": [
        "data",
        8,
        "q25"
      ],
      "action": "values_changed",
      "value": 95.0626411437988,
      "old_value": 96.7198276519775
    },
    {
      "path": [
        "data",
        8,
        "q50"
      ],
      "action": "values_changed",
      "value": 104.785957336426,
      "old_value": 105.074127197266
    },
    {
      "path": [
        "data",
        8,
        "q75"
      ],
      "action": "values_changed",
      "value": 114.129495620728,
      "old_value": 113.176361083984
    },
    {
      "path": [
        "data",
        8,
        "q90"
      ],
      "action": "values_changed",
      "value": 133.541300964355,
      "old_value": 128.882836914062
    },
    {
      "path": [
        "data",
        9,
        "mean"
      ],
      "action": "values_changed",
      "value": 104.506340440271,
      "old_value": 103.955298400278
    },
    {
      "path": [
        "data",
        9,
        "sd"
      ],
      "action": "values_changed",
      "value": 19.0152832762621,
      "old_value": 18.5433336385024
    },
    {
      "path": [
        "data",
        9,
        "q10"
      ],
      "action": "values_changed",
      "value": 86.9608978271484,
      "old_value": 86.15673828125
    },
    {
      "path": [
        "data",
        9,
        "q25"
      ],
      "action": "values_changed",
      "value": 94.4236831665039,
      "old_value": 94.0480575561523
    },
    {
      "path": [
        "data",
        9,
        "q50"
      ],
      "action": "values_changed",
      "value": 101.933578491211,
      "old_value": 101.940528869629
    },
    {
      "path": [
        "data",
        9,
        "q75"
      ],
      "action": "values_changed",
      "value": 110.285804748535,
      "old_value": 109.962821960449
    },
    {
      "path": [
        "data",
        9,
        "q90"
      ],
      "action": "values_changed",
      "value": 123.22155456543,
      "old_value": 121.335552978516
    },
    {
      "path": [
        "data",
        10,
        "mean"
      ],
      "action": "values_changed",
      "value": 109.290518324033,
      "old_value": 108.054346158456
    },
    {
      "path": [
        "data",
        10,
        "sd"
      ],
      "action": "values_changed",
      "value": 22.4891808019374,
      "old_value": 21.1056409672706
    },
    {
      "path": [
        "data",
        10,
        "q10"
      ],
      "action": "values_changed",
      "value": 88.0339691162109,
      "old_value": 88.9812484741211
    },
    {
      "path": [
        "data",
        10,
        "q50"
      ],
      "action": "values_changed",
      "value": 105.911834716797,
      "old_value": 104.94075012207
    },
    {
      "path": [
        "data",
        10,
        "q75"
      ],
      "action": "values_changed",
      "value": 117.589569091797,
      "old_value": 113.996395111084
    },
    {
      "path": [
        "data",
        10,
        "q90"
      ],
      "action": "values_changed",
      "value": 131.513949584961,
      "old_value": 128.845855712891
    },
    {
      "path": [
        "data",
        11,
        "mean"
      ],
      "action": "values_changed",
      "value": 104.085816507491,
      "old_value": 103.548063502236
    },
    {
      "path": [
        "data",
        11,
        "sd"
      ],
      "action": "values_changed",
      "value": 18.7443431618097,
      "old_value": 17.6255332241078
    },
    {
      "path": [
        "data",
        11,
        "q10"
      ],
      "action": "values_changed",
      "value": 86.3537788391113,
      "old_value": 86.3742340087891
    },
    {
      "path": [
        "data",
        11,
        "q25"
      ],
      "action": "values_changed",
      "value": 93.2734622955322,
      "old_value": 93.1109600067139
    },
    {
      "path": [
        "data",
        11,
        "q50"
      ],
      "action": "values_changed",
      "value": 101.96630859375,
      "old_value": 101.911582946777
    },
    {
      "path": [
        "data",
        11,
        "q75"
      ],
      "action": "values_changed",
      "value": 109.980335235596,
      "old_value": 109.159214019775
    },
    {
      "path": [
        "data",
        11,
        "q90"
      ],
      "action": "values_changed",
      "value": 119.961614990234,
      "old_value": 118.938562774658
    },
    {
      "path": [
        "data",
        12,
        "mean"
      ],
      "action": "values_changed",
      "value": 109.150142303241,
      "old_value": 109.740272907201
    },
    {
      "path": [
        "data",
        12,
        "sd"
      ],
      "action": "values_changed",
      "value": 24.0136528755979,
      "old_value": 25.641513427027
    },
    {
      "path": [
        "data",
        12,
        "q10"
      ],
      "action": "values_changed",
      "value": 87.9113426208496,
      "old_value": 89.0033378601074
    },
    {
      "path": [
        "data",
        12,
        "q25"
      ],
      "action": "values_changed",
      "value": 96.4024505615234,
      "old_value": 96.9473152160645
    },
    {
      "path": [
        "data",
        12,
        "q50"
      ],
      "action": "values_changed",
      "value": 104.989513397217,
      "old_value": 104.793121337891
    },
    {
      "path": [
        "data",
        12,
        "q75"
      ],
      "action": "values_changed",
      "value": 116.870801925659,
      "old_value": 114.149744033813
    },
    {
      "path": [
        "data",
        12,
        "q90"
      ],
      "action": "values_changed",
      "value": 131.464546203613,
      "old_value": 132.61922454834
    },
    {
      "path": [
        "data",
        13,
        "mean"
      ],
      "action": "values_changed",
      "value": 105.663762492103,
      "old_value": 105.131018909248
    },
    {
      "path": [
        "data",
        13,
        "sd"
      ],
      "action": "values_changed",
      "value": 21.9447620654358,
      "old_value": 22.1639630404931
    },
    {
      "path": [
        "data",
        13,
        "q10"
      ],
      "action": "values_changed",
      "value": 87.5752708435059,
      "old_value": 86.1627426147461
    },
    {
      "path": [
        "data",
        13,
        "q25"
      ],
      "action": "values_changed",
      "value": 94.9596195220947,
      "old_value": 93.98557472229
    },
    {
      "path": [
        "data",
        13,
        "q50"
      ],
      "action": "values_changed",
      "value": 102.965450286865,
      "old_value": 102.263847351074
    },
    {
      "path": [
        "data",
        13,
        "q75"
      ],
      "action": "values_changed",
      "value": 111.907888412476,
      "old_value": 111.015171051025
    },
    {
      "path": [
        "data",
        13,
        "q90"
      ],
      "action": "values_changed",
      "value": 123.053905487061,
      "old_value": 121.139060211182
    },
    {
      "path": [
        "data",
        14,
        "mean"
      ],
      "action": "values_changed",
      "value": 107.808427429199,
      "old_value": 107.085940159978
    },
    {
      "path": [
        "data",
        14,
        "sd"
      ],
      "action": "values_changed",
      "value": 18.3154385262392,
      "old_value": 17.1905798906427
    },
    {
      "path": [
        "data",
        14,
        "q10"
      ],
      "action": "values_changed",
      "value": 86.4661888122559,
      "old_value": 86.4757911682129
    },
    {
      "path": [
        "data",
        14,
        "q25"
      ],
      "action": "values_changed",
      "value": 96.0403842926025,
      "old_value": 95.5180473327637
    },
    {
      "path": [
        "data",
        14,
        "q50"
      ],
      "action": "values_changed",
      "value": 105.999145507812,
      "old_value": 105.938884735107
    },
    {
      "path": [
        "data",
        14,
        "q75"
      ],
      "action": "values_changed",
      "value": 114.09069442749,
      "old_value": 114.448261260986
    },
    {
      "path": [
        "data",
        14,
        "q90"
      ],
      "action": "values_changed",
      "value": 128.188952636719,
      "old_value": 127.453220367432
    },
    {
      "path": [
        "data",
        15,
        "mean"
      ],
      "action": "values_changed",
      "value": 106.351874572409,
      "old_value": 106.025532321966
    },
    {
      "path": [
        "data",
        15,
        "sd"
      ],
      "action": "values_changed",
      "value": 18.7432987343002,
      "old_value": 18.4173137042411
    },
    {
      "path": [
        "data",
        15,
        "q10"
      ],
      "action": "values_changed",
      "value": 88.9795455932617,
      "old_value": 88.0113754272461
    },
    {
      "path": [
        "data",
        15,
        "q25"
      ],
      "action": "values_changed",
      "value": 95.3360404968262,
      "old_value": 94.9980506896973
    },
    {
      "path": [
        "data",
        15,
        "q50"
      ],
      "action": "values_changed",
      "value": 103.982795715332,
      "old_value": 104.029907226562
    },
    {
      "path": [
        "data",
        15,
        "q75"
      ],
      "action": "values_changed",
      "value": 112.878467559814,
      "old_value": 112.248065948486
    },
    {
      "path": [
        "data",
        15,
        "q90"
      ],
      "action": "values_changed",
      "value": 125.435432434082,
      "old_value": 123.24242401123
    },
    {
      "path": [
        "data",
        16,
        "mean"
      ],
      "action": "values_changed",
      "value": 110.319246517205,
      "old_value": 108.685284821883
    },
    {
      "path": [
        "data",
        16,
        "sd"
      ],
      "action": "values_changed",
      "value": 23.1086874450262,
      "old_value": 19.8063508282039
    },
    {
      "path": [
        "data",
        16,
        "q10"
      ],
      "action": "values_changed",
      "value": 88.9518592834473,
      "old_value": 87.9661743164063
    },
    {
      "path": [
        "data",
        16,
        "q25"
      ],
      "action": "values_changed",
      "value": 99.1018562316895,
      "old_value": 97.8033103942871
    },
    {
      "path": [
        "data",
        16,
        "q50"
      ],
      "action": "values_changed",
      "value": 107.923057556152,
      "old_value": 105.769721984863
    },
    {
      "path": [
        "data",
        16,
        "q75"
      ],
      "action": "values_changed",
      "value": 117.122459411621,
      "old_value": 116.767427444458
    },
    {
      "path": [
        "data",
        16,
        "q90"
      ],
      "action": "values_changed",
      "value": 129.455032348633,
      "old_value": 129.731698608398
    },
    {
      "path": [
        "data",
        17,
        "mean"
      ],
      "action": "values_changed",
      "value": 104.913861276761,
      "old_value": 105.661495543649
    },
    {
      "path": [
        "data",
        17,
        "sd"
      ],
      "action": "values_changed",
      "value": 18.5045467536123,
      "old_value": 18.2960046236685
    },
    {
      "path": [
        "data",
        17,
        "q10"
      ],
      "action": "values_changed",
      "value": 87.635026550293,
      "old_value": 87.0813140869141
    },
    {
      "path": [
        "data",
        17,
        "q25"
      ],
      "action": "values_changed",
      "value": 94.3964805603027,
      "old_value": 94.9504737854004
    },
    {
      "path": [
        "data",
        17,
        "q50"
      ],
      "action": "values_changed",
      "value": 102.990493774414,
      "old_value": 103.47802734375
    },
    {
      "path": [
        "data",
        17,
        "q75"
      ],
      "action": "values_changed",
      "value": 110.887622833252,
      "old_value": 111.974300384521
    },
    {
      "path": [
        "data",
        17,
        "q90"
      ],
      "action": "values_changed",
      "value": 121.647500610352,
      "old_value": 122.458241271973
    },
    {
      "path": [
        "data",
        18,
        "mean"
      ],
      "action": "values_changed",
      "value": 105.047293835533,
      "old_value": 104.764883386397
    },
    {
      "path": [
        "data",
        18,
        "sd"
      ],
      "action": "values_changed",
      "value": 20.7606160209638,
      "old_value": 16.387389215079
    },
    {
      "path": [
        "data",
        18,
        "q10"
      ],
      "action": "values_changed",
      "value": 85.9184020996094,
      "old_value": 87.1056869506836
    },
    {
      "path": [
        "data",
        18,
        "q25"
      ],
      "action": "values_changed",
      "value": 91.9986953735352,
      "old_value": 94.2521743774414
    },
    {
      "path": [
        "data",
        18,
        "q50"
      ],
      "action": "values_changed",
      "value": 103.376823425293,
      "old_value": 103.034774780273
    },
    {
      "path": [
        "data",
        18,
        "q75"
      ],
      "action": "values_changed",
      "value": 111.167625427246,
      "old_value": 110.929458618164
    },
    {
      "path": [
        "data",
        18,
        "q90"
      ],
      "action": "values_changed",
      "value": 125.95617980957,
      "old_value": 125.502597045898
    },
    {
      "path": [
        "data",
        19,
        "mean"
      ],
      "action": "values_changed",
      "value": 103.785465047446,
      "old_value": 105.351256938153
    },
    {
      "path": [
        "data",
        19,
        "sd"
      ],
      "action": "values_changed",
      "value": 17.4203185951774,
      "old_value": 19.8485112890644
    },
    {
      "path": [
        "data",
        19,
        "q10"
      ],
      "action": "values_changed",
      "value": 87.9981826782227,
      "old_value": 87.1576431274414
    },
    {
      "path": [
        "data",
        19,
        "q25"
      ],
      "action": "values_changed",
      "value": 94.393482208252,
      "old_value": 94.9806327819824
    },
    {
      "path": [
        "data",
        19,
        "q50"
      ],
      "action": "values_changed",
      "value": 102.106910705566,
      "old_value": 102.907089233398
    },
    {
      "path": [
        "data",
        19,
        "q75"
      ],
      "action": "values_changed",
      "value": 109.244819641113,
      "old_value": 111.363773345947
    },
    {
      "path": [
        "data",
        19,
        "q90"
      ],
      "action": "values_changed",
      "value": 120.630252075195,
      "old_value": 123.001644897461
    },
    {
      "path": [
        "data",
        20,
        "mean"
      ],
      "action": "values_changed",
      "value": 104.481827268487,
      "old_value": 105.084964902976
    },
    {
      "path": [
        "data",
        20,
        "sd"
      ],
      "action": "values_changed",
      "value": 20.738076910017,
      "old_value": 20.123896260194
    },
    {
      "path": [
        "data",
        20,
        "q10"
      ],
      "action": "values_changed",
      "value": 86.1702781677246,
      "old_value": 86.9330894470215
    },
    {
      "path": [
        "data",
        20,
        "q25"
      ],
      "action": "values_changed",
      "value": 92.0879859924316,
      "old_value": 93.909595489502
    },
    {
      "path": [
        "data",
        20,
        "q50"
      ],
      "action": "values_changed",
      "value": 101.917922973633,
      "old_value": 102.029727935791
    },
    {
      "path": [
        "data",
        20,
        "q75"
      ],
      "action": "values_changed",
      "value": 111.134412765503,
      "old_value": 111.974918365479
    },
    {
      "path": [
        "data",
        20,
        "q90"
      ],
      "action": "values_changed",
      "value": 122.301140594482,
      "old_value": 125.053687286377
    },
    {
      "path": [
        "data",
        21,
        "mean"
      ],
      "action": "values_changed",
      "value": 101.435983394558,
      "old_value": 100.948025480875
    },
    {
      "path": [
        "data",
        21,
        "sd"
      ],
      "action": "values_changed",
      "value": 16.2207559592878,
      "old_value": 16.3487357615105
    },
    {
      "path": [
        "data",
        21,
        "q10"
      ],
      "action": "values_changed",
      "value": 84.9202499389648,
      "old_value": 84.7174682617188
    },
    {
      "path": [
        "data",
        21,
        "q25"
      ],
      "action": "values_changed",
      "value": 91.1177940368652,
      "old_value": 90.9394302368164
    },
    {
      "path": [
        "data",
        21,
        "q50"
      ],
      "action": "values_changed",
      "value": 99.9324569702148,
      "old_value": 99.0631561279297
    },
    {
      "path": [
        "data",
        21,
        "q75"
      ],
      "action": "values_changed",
      "value": 107.05591583252,
      "old_value": 106.975517272949
    },
    {
      "path": [
        "data",
        21,
        "q90"
      ],
      "action": "values_changed",
      "value": 119.225988769531,
      "old_value": 117.906756591797
    },
    {
      "path": [
        "data",
        22,
        "mean"
      ],
      "action": "values_changed",
      "value": 105.153061999492,
      "old_value": 105.424395756863
    },
    {
      "path": [
        "data",
        22,
        "sd"
      ],
      "action": "values_changed",
      "value": 19.2433809581522,
      "old_value": 19.2328446854253
    },
    {
      "path": [
        "data",
        22,
        "q10"
      ],
      "action": "values_changed",
      "value": 86.9844573974609,
      "old_value": 86.9992218017578
    },
    {
      "path": [
        "data",
        22,
        "q25"
      ],
      "action": "values_changed",
      "value": 93.9601287841797,
      "old_value": 94.0580139160156
    },
    {
      "path": [
        "data",
        22,
        "q50"
      ],
      "action": "values_changed",
      "value": 102.11548614502,
      "old_value": 102.901565551758
    },
    {
      "path": [
        "data",
        22,
        "q75"
      ],
      "action": "values_changed",
      "value": 111.343368530273,
      "old_value": 111.9518699646
    },
    {
      "path": [
        "data",
        22,
        "q90"
      ],
      "action": "values_changed",
      "value": 123.5865234375,
      "old_value": 124.253234863281
    },
    {
      "path": [
        "data",
        23,
        "mean"
      ],
      "action": "values_changed",
      "value": 101.66555114501,
      "old_value": 101.526425128002
    },
    {
      "path": [
        "data",
        23,
        "sd"
      ],
      "action": "values_changed",
      "value": 16.1855819820279,
      "old_value": 15.6388321830609
    },
    {
      "path": [
        "data",
        23,
        "q10"
      ],
      "action": "values_changed",
      "value": 84.9465209960938,
      "old_value": 84.9686172485352
    },
    {
      "path": [
        "data",
        23,
        "q25"
      ],
      "action": "values_changed",
      "value": 91.1276931762695,
      "old_value": 90.9295501708984
    },
    {
      "path": [
        "data",
        23,
        "q50"
      ],
      "action": "values_changed",
      "value": 100.062614440918,
      "old_value": 100.007278442383
    },
    {
      "path": [
        "data",
        23,
        "q75"
      ],
      "action": "values_changed",
      "value": 108.025695800781,
      "old_value": 108.121047973633
    },
    {
      "path": [
        "data",
        23,
        "q90"
      ],
      "action": "values_changed",
      "value": 117.552940368652,
      "old_value": 116.985934448242
    },
    {
      "path": [
        "data",
        24,
        "mean"
      ],
      "action": "values_changed",
      "value": 106.1527709741,
      "old_value": 105.375246628365
    },
    {
      "path": [
        "data",
        24,
        "sd"
      ],
      "action": "values_changed",
      "value": 20.387984293167,
      "old_value": 19.2037529276088
    },
    {
      "path": [
        "data",
        24,
        "q10"
      ],
      "action": "values_changed",
      "value": 87.9281692504883,
      "old_value": 86.9775848388672
    },
    {
      "path": [
        "data",
        24,
        "q25"
      ],
      "action": "values_changed",
      "value": 94.0458297729492,
      "old_value": 94.0373916625977
    },
    {
      "path": [
        "data",
        24,
        "q50"
      ],
      "action": "values_changed",
      "value": 103.682556152344,
      "old_value": 103.518226623535
    },
    {
      "path": [
        "data",
        24,
        "q75"
      ],
      "action": "values_changed",
      "value": 113.124610900879,
      "old_value": 112.282203674316
    },
    {
      "path": [
        "data",
        24,
        "q90"
      ],
      "action": "values_changed",
      "value": 125.63062286377,
      "old_value": 123.875
    },
    {
      "path": [
        "data",
        25,
        "mean"
      ],
      "action": "values_changed",
      "value": 103.126635898243,
      "old_value": 102.535213873348
    },
    {
      "path": [
        "data",
        25,
        "sd"
      ],
      "action": "values_changed",
      "value": 19.2357937201053,
      "old_value": 16.9408757663693
    },
    {
      "path": [
        "data",
        25,
        "q10"
      ],
      "action": "values_changed",
      "value": 85.9011993408203,
      "old_value": 86.0001754760742
    },
    {
      "path": [
        "data",
        25,
        "q25"
      ],
      "action": "values_changed",
      "value": 92.0000839233398,
      "old_value": 92.0709209442139
    },
    {
      "path": [
        "data",
        25,
        "q50"
      ],
      "action": "values_changed",
      "value": 100.04381942749,
      "old_value": 100.030223846436
    },
    {
      "path": [
        "data",
        25,
        "q75"
      ],
      "action": "values_changed",
      "value": 109.068607330322,
      "old_value": 108.150644302368
    },
    {
      "path": [
        "data",
        25,
        "q90"
      ],
      "action": "values_changed",
      "value": 121.358219146729,
      "old_value": 120.615875244141
    },
    {
      "path": [
        "data",
        26,
        "mean"
      ],
      "action": "values_changed",
      "value": 106.415047421337,
      "old_value": 106.930384485519
    },
    {
      "path": [
        "data",
        26,
        "sd"
      ],
      "action": "values_changed",
      "value": 18.3251714894661,
      "old_value": 19.5878972565612
    },
    {
      "path": [
        "data",
        26,
        "q10"
      ],
      "action": "values_changed",
      "value": 87.9881439208984,
      "old_value": 87.9472045898438
    },
    {
      "path": [
        "data",
        26,
        "q25"
      ],
      "action": "values_changed",
      "value": 95.1855049133301,
      "old_value": 94.9829406738281
    },
    {
      "path": [
        "data",
        26,
        "q50"
      ],
      "action": "values_changed",
      "value": 103.96395111084,
      "old_value": 104.139099121094
    },
    {
      "path": [
        "data",
        26,
        "q75"
      ],
      "action": "values_changed",
      "value": 113.155975341797,
      "old_value": 113.947723388672
    },
    {
      "path": [
        "data",
        26,
        "q90"
      ],
      "action": "values_changed",
      "value": 125.096420288086,
      "old_value": 125.954902648926
    },
    {
      "path": [
        "data",
        27,
        "mean"
      ],
      "action": "values_changed",
      "value": 103.387461955864,
      "old_value": 103.406364399227
    },
    {
      "path": [
        "data",
        27,
        "sd"
      ],
      "action": "values_changed",
      "value": 18.9167264470854,
      "old_value": 18.8079145323673
    },
    {
      "path": [
        "data",
        27,
        "q10"
      ],
      "action": "values_changed",
      "value": 86.1920608520508,
      "old_value": 86.5710678100586
    },
    {
      "path": [
        "data",
        27,
        "q25"
      ],
      "action": "values_changed",
      "value": 93.0641937255859,
      "old_value": 93.9271850585938
    },
    {
      "path": [
        "data",
        27,
        "q50"
      ],
      "action": "values_changed",
      "value": 101.093780517578,
      "old_value": 101.047027587891
    },
    {
      "path": [
        "data",
        27,
        "q75"
      ],
      "action": "values_changed",
      "value": 108.9967918396,
      "old_value": 109.018817901611
    },
    {
      "path": [
        "data",
        27,
        "q90"
      ],
      "action": "values_changed",
      "value": 121.565512084961,
      "old_value": 120.983657836914
    },
    {
      "path": [
        "data",
        28,
        "mean"
      ],
      "action": "values_changed",
      "value": 107.611416000167,
      "old_value": 188.520081754863
    },
    {
      "path": [
        "data",
        28,
        "sd"
      ],
      "action": "values_changed",
      "value": 21.2312265363503,
      "old_value": 3476.01136351988
    },
    {
      "path": [
        "data",
        28,
        "q10"
      ],
      "action": "values_changed",
      "value": 87.4123382568359,
      "old_value": 87.9197769165039
    },
    {
      "path": [
        "data",
        28,
        "q25"
      ],
      "action": "values_changed",
      "value": 95.947925567627,
      "old_value": 95.0697174072266
    },
    {
      "path": [
        "data",
        28,
        "q50"
      ],
      "action": "values_changed",
      "value": 104.396102905273,
      "old_value": 104.985870361328
    },
    {
      "path": [
        "data",
        28,
        "q75"
      ],
      "action": "values_changed",
      "value": 113.767353057861,
      "old_value": 113.946447372437
    },
    {
      "path": [
        "data",
        28,
        "q90"
      ],
      "action": "values_changed",
      "value": 128.048889160156,
      "old_value": 127.06615447998
    },
    {
      "path": [
        "data",
        29,
        "mean"
      ],
      "action": "values_changed",
      "value": 103.952783279807,
      "old_value": 104.480264341676
    },
    {
      "path": [
        "data",
        29,
        "sd"
      ],
      "action": "values_changed",
      "value": 17.9834327231072,
      "old_value": 17.0048516104271
    },
    {
      "path": [
        "data",
        29,
        "q10"
      ],
      "action": "values_changed",
      "value": 86.9701385498047,
      "old_value": 88.0135116577148
    },
    {
      "path": [
        "data",
        29,
        "q25"
      ],
      "action": "values_changed",
      "value": 94.8001823425293,
      "old_value": 94.9947700500488
    },
    {
      "path": [
        "data",
        29,
        "q50"
      ],
      "action": "values_changed",
      "value": 102.029754638672,
      "old_value": 102.04566192627
    },
    {
      "path": [
        "data",
        29,
        "q75"
      ],
      "action": "values_changed",
      "value": 109.159526824951,
      "old_value": 110.462131500244
    },
    {
      "path": [
        "data",
        29,
        "q90"
      ],
      "action": "values_changed",
      "value": 118.32080078125,
      "old_value": 120.903564453125
    },
    {
      "path": [
        "data",
        30,
        "mean"
      ],
      "action": "values_changed",
      "value": 107.313976167005,
      "old_value": 107.584574719715
    },
    {
      "path": [
        "data",
        30,
        "sd"
      ],
      "action": "values_changed",
      "value": 19.7615715948449,
      "old_value": 22.1925991687388
    },
    {
      "path": [
        "data",
        30,
        "q10"
      ],
      "action": "values_changed",
      "value": 88.0210418701172,
      "old_value": 88.15966796875
    },
    {
      "path": [
        "data",
        30,
        "q25"
      ],
      "action": "values_changed",
      "value": 94.9968147277832,
      "old_value": 94.925838470459
    },
    {
      "path": [
        "data",
        30,
        "q50"
      ],
      "action": "values_changed",
      "value": 104.399383544922,
      "old_value": 104.619049072266
    },
    {
      "path": [
        "data",
        30,
        "q75"
      ],
      "action": "values_changed",
      "value": 113.73641204834,
      "old_value": 114.009784698486
    },
    {
      "path": [
        "data",
        30,
        "q90"
      ],
      "action": "values_changed",
      "value": 127.510719299316,
      "old_value": 126.986206054688
    },
    {
      "path": [
        "data",
        31,
        "mean"
      ],
      "action": "values_changed",
      "value": 103.394817082613,
      "old_value": 103.937449569441
    },
    {
      "path": [
        "data",
        31,
        "sd"
      ],
      "action": "values_changed",
      "value": 16.5466977925303,
      "old_value": 16.8338108022444
    },
    {
      "path": [
        "data",
        31,
        "q10"
      ],
      "action": "values_changed",
      "value": 86.216877746582,
      "old_value": 86.5221305847168
    },
    {
      "path": [
        "data",
        31,
        "q25"
      ],
      "action": "values_changed",
      "value": 93.9178657531738,
      "old_value": 93.9757633209229
    },
    {
      "path": [
        "data",
        31,
        "q50"
      ],
      "action": "values_changed",
      "value": 101.958484649658,
      "old_value": 102.03787612915
    },
    {
      "path": [
        "data",
        31,
        "q75"
      ],
      "action": "values_changed",
      "value": 110.011837005615,
      "old_value": 110.488229751587
    },
    {
      "path": [
        "data",
        31,
        "q90"
      ],
      "action": "values_changed",
      "value": 120.05422668457,
      "old_value": 121.741233062744
    },
    {
      "path": [
        "data",
        32,
        "mean"
      ],
      "action": "values_changed",
      "value": 107.528774857521,
      "old_value": 107.993820552826
    },
    {
      "path": [
        "data",
        32,
        "sd"
      ],
      "action": "values_changed",
      "value": 22.5419769409031,
      "old_value": 23.529083969102
    },
    {
      "path": [
        "data",
        32,
        "q10"
      ],
      "action": "values_changed",
      "value": 87.965217590332,
      "old_value": 87.9448036193848
    },
    {
      "path": [
        "data",
        32,
        "q25"
      ],
      "action": "values_changed",
      "value": 95.0703563690186,
      "old_value": 94.4930896759033
    },
    {
      "path": [
        "data",
        32,
        "q50"
      ],
      "action": "values_changed",
      "value": 104.016723632812,
      "old_value": 104.097133636475
    },
    {
      "path": [
        "data",
        32,
        "q75"
      ],
      "action": "values_changed",
      "value": 113.018577575684,
      "old_value": 114.518810272217
    },
    {
      "path": [
        "data",
        32,
        "q90"
      ],
      "action": "values_changed",
      "value": 127.82564239502,
      "old_value": 128.821868896484
    },
    {
      "path": [
        "data",
        33,
        "mean"
      ],
      "action": "values_changed",
      "value": 104.785694802042,
      "old_value": 104.263503022034
    },
    {
      "path": [
        "data",
        33,
        "sd"
      ],
      "action": "values_changed",
      "value": 18.9975829144651,
      "old_value": 18.3981114668134
    },
    {
      "path": [
        "data",
        33,
        "q10"
      ],
      "action": "values_changed",
      "value": 86.9449615478516,
      "old_value": 86.4364959716797
    },
    {
      "path": [
        "data",
        33,
        "q25"
      ],
      "action": "values_changed",
      "value": 94.1556701660156,
      "old_value": 93.9520111083984
    },
    {
      "path": [
        "data",
        33,
        "q50"
      ],
      "action": "values_changed",
      "value": 102.332473754883,
      "old_value": 102.235328674316
    },
    {
      "path": [
        "data",
        33,
        "q75"
      ],
      "action": "values_changed",
      "value": 110.936408996582,
      "old_value": 110.490547180176
    },
    {
      "path": [
        "data",
        33,
        "q90"
      ],
      "action": "values_changed",
      "value": 122.332339477539,
      "old_value": 121.116192626953
    },
    {
      "path": [
        "data",
        34,
        "mean"
      ],
      "action": "values_changed",
      "value": 107.215480725537,
      "old_value": 107.579813599416
    },
    {
      "path": [
        "data",
        34,
        "sd"
      ],
      "action": "values_changed",
      "value": 21.7557176410729,
      "old_value": 21.644668713048
    },
    {
      "path": [
        "data",
        34,
        "q10"
      ],
      "action": "values_changed",
      "value": 88.0105056762695,
      "old_value": 88.1311874389648
    },
    {
      "path": [
        "data",
        34,
        "q25"
      ],
      "action": "values_changed",
      "value": 95.0397415161133,
      "old_value": 95.3015480041504
    },
    {
      "path": [
        "data",
        34,
        "q50"
      ],
      "action": "values_changed",
      "value": 104.04838180542,
      "old_value": 104.921028137207
    },
    {
      "path": [
        "data",
        34,
        "q75"
      ],
      "action": "values_changed",
      "value": 113.809280395508,
      "old_value": 114.043577194214
    },
    {
      "path": [
        "data",
        34,
        "q90"
      ],
      "action": "values_changed",
      "value": 125.899038696289,
      "old_value": 127.881848144531
    },
    {
      "path": [
        "data",
        35,
        "mean"
      ],
      "action": "values_changed",
      "value": 103.847369996,
      "old_value": 103.698814033514
    },
    {
      "path": [
        "data",
        35,
        "sd"
      ],
      "action": "values_changed",
      "value": 17.1088432084299,
      "old_value": 17.9530694627834
    },
    {
      "path": [
        "data",
        35,
        "q10"
      ],
      "action": "values_changed",
      "value": 86.0968017578125,
      "old_value": 86.0886520385742
    },
    {
      "path": [
        "data",
        35,
        "q25"
      ],
      "action": "values_changed",
      "value": 93.1242752075195,
      "old_value": 92.9992904663086
    },
    {
      "path": [
        "data",
        35,
        "q50"
      ],
      "action": "values_changed",
      "value": 101.906837463379,
      "old_value": 101.945777893066
    },
    {
      "path": [
        "data",
        35,
        "q75"
      ],
      "action": "values_changed",
      "value": 109.949928283691,
      "old_value": 109.999217987061
    },
    {
      "path": [
        "data",
        35,
        "q90"
      ],
      "action": "values_changed",
      "value": 121.970584106445,
      "old_value": 121.425033569336
    },
    {
      "path": [
        "data",
        36,
        "mean"
      ],
      "action": "values_changed",
      "value": 106.69598110982,
      "old_value": 107.000594762565
    },
    {
      "path": [
        "data",
        36,
        "sd"
      ],
      "action": "values_changed",
      "value": 18.0805126294853,
      "old_value": 22.6513428620389
    },
    {
      "path": [
        "data",
        36,
        "q10"
      ],
      "action": "values_changed",
      "value": 87.9478134155273,
      "old_value": 87.9368103027344
    },
    {
      "path": [
        "data",
        36,
        "q25"
      ],
      "action": "values_changed",
      "value": 94.9696197509766,
      "old_value": 94.9698791503906
    },
    {
      "path": [
        "data",
        36,
        "q50"
      ],
      "action": "values_changed",
      "value": 104.924949645996,
      "old_value": 104.786895751953
    },
    {
      "path": [
        "data",
        36,
        "q75"
      ],
      "action": "values_changed",
      "value": 113.909233093262,
      "old_value": 113.21004486084
    },
    {
      "path": [
        "data",
        36,
        "q90"
      ],
      "action": "values_changed",
      "value": 126.51136932373,
      "old_value": 126.777891540527
    },
    {
      "path": [
        "data",
        37,
        "mean"
      ],
      "action": "values_changed",
      "value": 104.441695484193,
      "old_value": 105.126146063284
    },
    {
      "path": [
        "data",
        37,
        "sd"
      ],
      "action": "values_changed",
      "value": 16.4148447283678,
      "old_value": 17.0355277446832
    },
    {
      "path": [
        "data",
        37,
        "q10"
      ],
      "action": "values_changed",
      "value": 87.0629440307617,
      "old_value": 87.2733497619629
    },
    {
      "path": [
        "data",
        37,
        "q25"
      ],
      "action": "values_changed",
      "value": 94.9243907928467,
      "old_value": 94.9497947692871
    },
    {
      "path": [
        "data",
        37,
        "q50"
      ],
      "action": "values_changed",
      "value": 102.918216705322,
      "old_value": 103.005992889404
    },
    {
      "path": [
        "data",
        37,
        "q75"
      ],
      "action": "values_changed",
      "value": 110.789093017578,
      "old_value": 111.17688369751
    },
    {
      "path": [
        "data",
        37,
        "q90"
      ],
      "action": "values_changed",
      "value": 121.882321929932,
      "old_value": 123.926928710938
    },
    {
      "path": [
        "data",
        38,
        "mean"
      ],
      "action": "values_changed",
      "value": 106.928685564148,
      "old_value": 107.001095691185
    },
    {
      "path": [
        "data",
        38,
        "sd"
      ],
      "action": "values_changed",
      "value": 20.8868382632703,
      "old_value": 20.2180079412503
    },
    {
      "path": [
        "data",
        38,
        "q10"
      ],
      "action": "values_changed",
      "value": 86.9090591430664,
      "old_value": 87.111540222168
    },
    {
      "path": [
        "data",
        38,
        "q25"
      ],
      "action": "values_changed",
      "value": 94.1697540283203,
      "old_value": 95.0169143676758
    },
    {
      "path": [
        "data",
        38,
        "q50"
      ],
      "action": "values_changed",
      "value": 104.406692504883,
      "old_value": 104.95874786377
    },
    {
      "path": [
        "data",
        38,
        "q75"
      ],
      "action": "values_changed",
      "value": 114.188812255859,
      "old_value": 114.058937072754
    },
    {
      "path": [
        "data",
        38,
        "q90"
      ],
      "action": "values_changed",
      "value": 127.004890441895,
      "old_value": 125.937159729004
    },
    {
      "path": [
        "data",
        39,
        "mean"
      ],
      "action": "values_changed",
      "value": 103.758815015545,
      "old_value": 103.886500285782
    },
    {
      "path": [
        "data",
        39,
        "sd"
      ],
      "action": "values_changed",
      "value": 17.5699814714047,
      "old_value": 16.2846602739961
    },
    {
      "path": [
        "data",
        39,
        "q10"
      ],
      "action": "values_changed",
      "value": 86.2142189025879,
      "old_value": 86.954109954834
    },
    {
      "path": [
        "data",
        39,
        "q25"
      ],
      "action": "values_changed",
      "value": 93.5037803649902,
      "old_value": 93.6675281524658
    },
    {
      "path": [
        "data",
        39,
        "q50"
      ],
      "action": "values_changed",
      "value": 102.003200531006,
      "old_value": 102.028564453125
    },
    {
      "path": [
        "data",
        39,
        "q75"
      ],
      "action": "values_changed",
      "value": 110.281667709351,
      "old_value": 110.397346496582
    },
    {
      "path": [
        "data",
        39,
        "q90"
      ],
      "action": "values_changed",
      "value": 120.474780273437,
      "old_value": 121.11988067627
    },
    {
      "path": [
        "data",
        40,
        "mean"
      ],
      "action": "values_changed",
      "value": 103.939021876601,
      "old_value": 104.506953755363
    },
    {
      "path": [
        "data",
        40,
        "sd"
      ],
      "action": "values_changed",
      "value": 18.4365860790798,
      "old_value": 18.7464365115192
    },
    {
      "path": [
        "data",
        40,
        "q10"
      ],
      "action": "values_changed",
      "value": 85.9813491821289,
      "old_value": 86.3462524414062
    },
    {
      "path": [
        "data",
        40,
        "q25"
      ],
      "action": "values_changed",
      "value": 92.9820938110352,
      "old_value": 93.2488555908203
    },
    {
      "path": [
        "data",
        40,
        "q50"
      ],
      "action": "values_changed",
      "value": 101.210632324219,
      "old_value": 102.097602844238
    },
    {
      "path": [
        "data",
        40,
        "q75"
      ],
      "action": "values_changed",
      "value": 111.292449951172,
      "old_value": 111.559036254883
    },
    {
      "path": [
        "data",
        40,
        "q90"
      ],
      "action": "values_changed",
      "value": 122.223243713379,
      "old_value": 121.25263671875
    },
    {
      "path": [
        "data",
        41,
        "mean"
      ],
      "action": "values_changed",
      "value": 101.455421250642,
      "old_value": 101.85946918476
    },
    {
      "path": [
        "data",
        41,
        "sd"
      ],
      "action": "values_changed",
      "value": 15.7937348321959,
      "old_value": 17.2768537319017
    },
    {
      "path": [
        "data",
        41,
        "q10"
      ],
      "action": "values_changed",
      "value": 85.122248840332,
      "old_value": 84.9732429504395
    },
    {
      "path": [
        "data",
        41,
        "q25"
      ],
      "action": "values_changed",
      "value": 91.0637741088867,
      "old_value": 91.052282333374
    },
    {
      "path": [
        "data",
        41,
        "q50"
      ],
      "action": "values_changed",
      "value": 100.069778442383,
      "old_value": 100.45919418335
    },
    {
      "path": [
        "data",
        41,
        "q75"
      ],
      "action": "values_changed",
      "value": 108.234683990479,
      "old_value": 108.219465255737
    },
    {
      "path": [
        "data",
        41,
        "q90"
      ],
      "action": "values_changed",
      "value": 117.013473510742,
      "old_value": 117.908506774902
    },
    {
      "path": [
        "data",
        42,
        "mean"
      ],
      "action": "values_changed",
      "value": 106.09827593585,
      "old_value": 106.115021604399
    },
    {
      "path": [
        "data",
        42,
        "sd"
      ],
      "action": "values_changed",
      "value": 20.5249887572187,
      "old_value": 19.8952253326295
    },
    {
      "path": [
        "data",
        42,
        "q10"
      ],
      "action": "values_changed",
      "value": 87.2002334594727,
      "old_value": 88.1866683959961
    },
    {
      "path": [
        "data",
        42,
        "q25"
      ],
      "action": "values_changed",
      "value": 94.2583351135254,
      "old_value": 94.402458190918
    },
    {
      "path": [
        "data",
        42,
        "q50"
      ],
      "action": "values_changed",
      "value": 102.685241699219,
      "old_value": 102.92264175415
    },
    {
      "path": [
        "data",
        42,
        "q75"
      ],
      "action": "values_changed",
      "value": 112.889141082764,
      "old_value": 112.511785507202
    },
    {
      "path": [
        "data",
        42,
        "q90"
      ],
      "action": "values_changed",
      "value": 127.191497802734,
      "old_value": 125.482097625732
    },
    {
      "path": [
        "data",
        43,
        "mean"
      ],
      "action": "values_changed",
      "value": 102.023994322593,
      "old_value": 102.486973145289
    },
    {
      "path": [
        "data",
        43,
        "sd"
      ],
      "action": "values_changed",
      "value": 17.6904011605704,
      "old_value": 20.8522304373097
    },
    {
      "path": [
        "data",
        43,
        "q10"
      ],
      "action": "values_changed",
      "value": 84.9727828979492,
      "old_value": 85.9567596435547
    },
    {
      "path": [
        "data",
        43,
        "q25"
      ],
      "action": "values_changed",
      "value": 91.9306640625,
      "old_value": 92.0615921020508
    },
    {
      "path": [
        "data",
        43,
        "q50"
      ],
      "action": "values_changed",
      "value": 100.04712677002,
      "old_value": 100.180015563965
    },
    {
      "path": [
        "data",
        43,
        "q75"
      ],
      "action": "values_changed",
      "value": 108.168281555176,
      "old_value": 107.969955444336
    },
    {
      "path": [
        "data",
        43,
        "q90"
      ],
      "action": "values_changed",
      "value": 117.522079467773,
      "old_value": 116.967419433594
    },
    {
      "path": [
        "data",
        44,
        "mean"
      ],
      "action": "values_changed",
      "value": 105.142123725273,
      "old_value": 106.045046240809
    },
    {
      "path": [
        "data",
        44,
        "sd"
      ],
      "action": "values_changed",
      "value": 17.0086603178312,
      "old_value": 20.2118305273654
    },
    {
      "path": [
        "data",
        44,
        "q10"
      ],
      "action": "values_changed",
      "value": 87.0870491027832,
      "old_value": 87.0959632873535
    },
    {
      "path": [
        "data",
        44,
        "q25"
      ],
      "action": "values_changed",
      "value": 94.9376907348633,
      "old_value": 94.9068965911865
    },
    {
      "path": [
        "data",
        44,
        "q50"
      ],
      "action": "values_changed",
      "value": 103.939670562744,
      "old_value": 103.933311462402
    },
    {
      "path": [
        "data",
        44,
        "q75"
      ],
      "action": "values_changed",
      "value": 111.106742858887,
      "old_value": 111.936372756958
    },
    {
      "path": [
        "data",
        44,
        "q90"
      ],
      "action": "values_changed",
      "value": 123.206565093994,
      "old_value": 126.310523223877
    },
    {
      "path": [
        "data",
        45,
        "mean"
      ],
      "action": "values_changed",
      "value": 103.252373035733,
      "old_value": 102.871950478389
    },
    {
      "path": [
        "data",
        45,
        "sd"
      ],
      "action": "values_changed",
      "value": 17.7028377770803,
      "old_value": 17.8060510118624
    },
    {
      "path": [
        "data",
        45,
        "q10"
      ],
      "action": "values_changed",
      "value": 86.9174880981445,
      "old_value": 85.1288528442383
    },
    {
      "path": [
        "data",
        45,
        "q25"
      ],
      "action": "values_changed",
      "value": 92.9698047637939,
      "old_value": 92.1332397460938
    },
    {
      "path": [
        "data",
        45,
        "q50"
      ],
      "action": "values_changed",
      "value": 101.151973724365,
      "old_value": 100.917945861816
    },
    {
      "path": [
        "data",
        45,
        "q75"
      ],
      "action": "values_changed",
      "value": 109.215753555298,
      "old_value": 108.964164733887
    },
    {
      "path": [
        "data",
        45,
        "q90"
      ],
      "action": "values_changed",
      "value": 120.707809448242,
      "old_value": 120.953594207764
    },
    {
      "path": [
        "data",
        46,
        "mean"
      ],
      "action": "values_changed",
      "value": 106.790858380206,
      "old_value": 106.886897701603
    },
    {
      "path": [
        "data",
        46,
        "sd"
      ],
      "action": "values_changed",
      "value": 20.8130427299186,
      "old_value": 20.7992527519425
    },
    {
      "path": [
        "data",
        46,
        "q10"
      ],
      "action": "values_changed",
      "value": 86.985481262207,
      "old_value": 87.9056854248047
    },
    {
      "path": [
        "data",
        46,
        "q25"
      ],
      "action": "values_changed",
      "value": 94.6994476318359,
      "old_value": 94.8243637084961
    },
    {
      "path": [
        "data",
        46,
        "q50"
      ],
      "action": "values_changed",
      "value": 103.957611083984,
      "old_value": 103.948715209961
    },
    {
      "path": [
        "data",
        46,
        "q75"
      ],
      "action": "values_changed",
      "value": 113.225738525391,
      "old_value": 113.779121398926
    },
    {
      "path": [
        "data",
        46,
        "q90"
      ],
      "action": "values_changed",
      "value": 125.943801879883,
      "old_value": 126.071784973145
    },
    {
      "path": [
        "data",
        47,
        "mean"
      ],
      "action": "values_changed",
      "value": 102.75742081311,
      "old_value": 103.314757699985
    },
    {
      "path": [
        "data",
        47,
        "sd"
      ],
      "action": "values_changed",
      "value": 15.5523099931558,
      "old_value": 18.528274578161
    },
    {
      "path": [
        "data",
        47,
        "q10"
      ],
      "action": "values_changed",
      "value": 86.0348480224609,
      "old_value": 86.0124969482422
    },
    {
      "path": [
        "data",
        47,
        "q25"
      ],
      "action": "values_changed",
      "value": 93.0495204925537,
      "old_value": 93.0319118499756
    },
    {
      "path": [
        "data",
        47,
        "q50"
      ],
      "action": "values_changed",
      "value": 101.0696144104,
      "old_value": 101.077159881592
    },
    {
      "path": [
        "data",
        47,
        "q90"
      ],
      "action": "values_changed",
      "value": 119.05771484375,
      "old_value": 120.159690856934
    },
    {
      "path": [
        "data",
        48,
        "mean"
      ],
      "action": "values_changed",
      "value": 108.467721691379,
      "old_value": 107.257984171993
    },
    {
      "path": [
        "data",
        48,
        "sd"
      ],
      "action": "values_changed",
      "value": 24.0884201820563,
      "old_value": 21.569562355739
    },
    {
      "path": [
        "data",
        48,
        "q10"
      ],
      "action": "values_changed",
      "value": 88.9531791687012,
      "old_value": 88.0370338439941
    },
    {
      "path": [
        "data",
        48,
        "q25"
      ],
      "action": "values_changed",
      "value": 96.3428707122803,
      "old_value": 94.9514980316162
    },
    {
      "path": [
        "data",
        48,
        "q50"
      ],
      "action": "values_changed",
      "value": 104.992385864258,
      "old_value": 104.098411560059
    },
    {
      "path": [
        "data",
        48,
        "q75"
      ],
      "action": "values_changed",
      "value": 113.997892379761,
      "old_value": 113.990215301514
    },
    {
      "path": [
        "data",
        48,
        "q90"
      ],
      "action": "values_changed",
      "value": 128.032571411133,
      "old_value": 127.406468200684
    },
    {
      "path": [
        "data",
        49,
        "mean"
      ],
      "action": "values_changed",
      "value": 103.695388302502,
      "old_value": 103.382956317524
    },
    {
      "path": [
        "data",
        49,
        "sd"
      ],
      "action": "values_changed",
      "value": 18.8867925283054,
      "old_value": 17.1234051335825
    },
    {
      "path": [
        "data",
        49,
        "q10"
      ],
      "action": "values_changed",
      "value": 86.4980911254883,
      "old_value": 86.321794128418
    },
    {
      "path": [
        "data",
        49,
        "q25"
      ],
      "action": "values_changed",
      "value": 94.0468730926514,
      "old_value": 93.0544834136963
    },
    {
      "path": [
        "data",
        49,
        "q50"
      ],
      "action": "values_changed",
      "value": 101.89720916748,
      "old_value": 101.319389343262
    },
    {
      "path": [
        "data",
        49,
        "q75"
      ],
      "action": "values_changed",
      "value": 109.703990936279,
      "old_value": 109.973896026611
    },
    {
      "path": [
        "data",
        49,
        "q90"
      ],
      "action": "values_changed",
      "value": 120.563928222656,
      "old_value": 121.558525848389
    },
    {
      "path": [
        "data",
        50,
        "mean"
      ],
      "action": "values_changed",
      "value": 106.33047572228,
      "old_value": 107.005737433393
    },
    {
      "path": [
        "data",
        50,
        "sd"
      ],
      "action": "values_changed",
      "value": 20.985618959789,
      "old_value": 20.7851555820129
    },
    {
      "path": [
        "data",
        50,
        "q10"
      ],
      "action": "values_changed",
      "value": 87.0895309448242,
      "old_value": 87.9330932617188
    },
    {
      "path": [
        "data",
        50,
        "q25"
      ],
      "action": "values_changed",
      "value": 94.2799911499023,
      "old_value": 94.9538612365723
    },
    {
      "path": [
        "data",
        50,
        "q50"
      ],
      "action": "values_changed",
      "value": 103.944496154785,
      "old_value": 103.956680297852
    },
    {
      "path": [
        "data",
        50,
        "q75"
      ],
      "action": "values_changed",
      "value": 112.12353515625,
      "old_value": 113.096576690674
    },
    {
      "path": [
        "data",
        50,
        "q90"
      ],
      "action": "values_changed",
      "value": 125.373759460449,
      "old_value": 127.177059936523
    },
    {
      "path": [
        "data",
        51,
        "mean"
      ],
      "action": "values_changed",
      "value": 103.202125795426,
      "old_value": 103.100403679742
    },
    {
      "path": [
        "data",
        51,
        "sd"
      ],
      "action": "values_changed",
      "value": 17.0907350275561,
      "old_value": 15.663129662285
    },
    {
      "path": [
        "data",
        51,
        "q10"
      ],
      "action": "values_changed",
      "value": 86.4416885375977,
      "old_value": 86.9759483337402
    },
    {
      "path": [
        "data",
        51,
        "q25"
      ],
      "action": "values_changed",
      "value": 94.0105133056641,
      "old_value": 93.405590057373
    },
    {
      "path": [
        "data",
        51,
        "q50"
      ],
      "action": "values_changed",
      "value": 101.026496887207,
      "old_value": 101.805648803711
    },
    {
      "path": [
        "data",
        51,
        "q75"
      ],
      "action": "values_changed",
      "value": 109.318153381348,
      "old_value": 109.418586730957
    },
    {
      "path": [
        "data",
        51,
        "q90"
      ],
      "action": "values_changed",
      "value": 118.639591217041,
      "old_value": 118.216930389404
    },
    {
      "path": [
        "data",
        52,
        "mean"
      ],
      "action": "values_changed",
      "value": 107.715882296369,
      "old_value": 107.401557426175
    },
    {
      "path": [
        "data",
        52,
        "sd"
      ],
      "action": "values_changed",
      "value": 22.6315228280077,
      "old_value": 23.0543971930523
    },
    {
      "path": [
        "data",
        52,
        "q10"
      ],
      "action": "values_changed",
      "value": 87.0896072387695,
      "old_value": 87.9010009765625
    },
    {
      "path": [
        "data",
        52,
        "q50"
      ],
      "action": "values_changed",
      "value": 105.062942504883,
      "old_value": 104.658065795898
    },
    {
      "path": [
        "data",
        52,
        "q75"
      ],
      "action": "values_changed",
      "value": 114.010864257812,
      "old_value": 112.946556091309
    },
    {
      "path": [
        "data",
        52,
        "q90"
      ],
      "action": "values_changed",
      "value": 126.058349609375,
      "old_value": 126.072715759277
    },
    {
      "path": [
        "data",
        53,
        "mean"
      ],
      "action": "values_changed",
      "value": 105.247364681882,
      "old_value": 104.125287679342
    },
    {
      "path": [
        "data",
        53,
        "sd"
      ],
      "action": "values_changed",
      "value": 21.1241845452858,
      "old_value": 17.9343815162624
    },
    {
      "path": [
        "data",
        53,
        "q10"
      ],
      "action": "values_changed",
      "value": 86.7930969238281,
      "old_value": 86.9138824462891
    },
    {
      "path": [
        "data",
        53,
        "q25"
      ],
      "action": "values_changed",
      "value": 93.9642028808594,
      "old_value": 94.2001533508301
    },
    {
      "path": [
        "data",
        53,
        "q50"
      ],
      "action": "values_changed",
      "value": 101.981666564941,
      "old_value": 101.924545288086
    },
    {
      "path": [
        "data",
        53,
        "q75"
      ],
      "action": "values_changed",
      "value": 110.918212890625,
      "old_value": 110.755142211914
    },
    {
      "path": [
        "data",
        53,
        "q90"
      ],
      "action": "values_changed",
      "value": 124.625059509277,
      "old_value": 120.980308532715
    },
    {
      "path": [
        "data",
        54,
        "mean"
      ],
      "action": "values_changed",
      "value": 107.392079356671,
      "old_value": 106.800458402867
    },
    {
      "path": [
        "data",
        54,
        "sd"
      ],
      "action": "values_changed",
      "value": 18.9890879871529,
      "old_value": 19.2991954519696
    },
    {
      "path": [
        "data",
        54,
        "q10"
      ],
      "action": "values_changed",
      "value": 87.9279434204102,
      "old_value": 88.0468338012695
    },
    {
      "path": [
        "data",
        54,
        "q25"
      ],
      "action": "values_changed",
      "value": 95.9337310791016,
      "old_value": 94.9748764038086
    },
    {
      "path": [
        "data",
        54,
        "q50"
      ],
      "action": "values_changed",
      "value": 104.210327148438,
      "old_value": 103.92049407959
    },
    {
      "path": [
        "data",
        54,
        "q75"
      ],
      "action": "values_changed",
      "value": 115.088996887207,
      "old_value": 113.614028930664
    },
    {
      "path": [
        "data",
        54,
        "q90"
      ],
      "action": "values_changed",
      "value": 128.728604125977,
      "old_value": 127.887316894531
    },
    {
      "path": [
        "data",
        55,
        "mean"
      ],
      "action": "values_changed",
      "value": 103.796370315125,
      "old_value": 104.68267799198
    },
    {
      "path": [
        "data",
        55,
        "sd"
      ],
      "action": "values_changed",
      "value": 15.2123078331302,
      "old_value": 16.8621263468549
    },
    {
      "path": [
        "data",
        55,
        "q10"
      ],
      "action": "values_changed",
      "value": 85.9913589477539,
      "old_value": 87.4898941040039
    },
    {
      "path": [
        "data",
        55,
        "q25"
      ],
      "action": "values_changed",
      "value": 94.1112823486328,
      "old_value": 94.7966690063477
    },
    {
      "path": [
        "data",
        55,
        "q50"
      ],
      "action": "values_changed",
      "value": 102.303001403809,
      "old_value": 102.952880859375
    },
    {
      "path": [
        "data",
        55,
        "q75"
      ],
      "action": "values_changed",
      "value": 110.699409484863,
      "old_value": 111.093299865723
    },
    {
      "path": [
        "data",
        55,
        "q90"
      ],
      "action": "values_changed",
      "value": 121.912794494629,
      "old_value": 122.108848571777
    },
    {
      "path": [
        "data",
        56,
        "mean"
      ],
      "action": "values_changed",
      "value": 224.10840130108,
      "old_value": 224.612630235606
    },
    {
      "path": [
        "data",
        56,
        "sd"
      ],
      "action": "values_changed",
      "value": 3181.92410315299,
      "old_value": 3181.93067758307
    },
    {
      "path": [
        "data",
        56,
        "q10"
      ],
      "action": "values_changed",
      "value": 86.9848327636719,
      "old_value": 87.3430824279785
    },
    {
      "path": [
        "data",
        56,
        "q25"
      ],
      "action": "values_changed",
      "value": 95.0195732116699,
      "old_value": 95.3660411834717
    },
    {
      "path": [
        "data",
        56,
        "q50"
      ],
      "action": "values_changed",
      "value": 104.988479614258,
      "old_value": 104.699180603027
    },
    {
      "path": [
        "data",
        56,
        "q75"
      ],
      "action": "values_changed",
      "value": 114.957893371582,
      "old_value": 114.018524169922
    },
    {
      "path": [
        "data",
        56,
        "q90"
      ],
      "action": "values_changed",
      "value": 126.446369171143,
      "old_value": 127.007141113281
    },
    {
      "path": [
        "data",
        57,
        "mean"
      ],
      "action": "values_changed",
      "value": 104.199004541553,
      "old_value": 105.085063430498
    },
    {
      "path": [
        "data",
        57,
        "sd"
      ],
      "action": "values_changed",
      "value": 18.4842710424083,
      "old_value": 19.567851526208
    },
    {
      "path": [
        "data",
        57,
        "q10"
      ],
      "action": "values_changed",
      "value": 85.9465789794922,
      "old_value": 86.0729370117188
    },
    {
      "path": [
        "data",
        57,
        "q25"
      ],
      "action": "values_changed",
      "value": 93.0701332092285,
      "old_value": 93.0407752990723
    },
    {
      "path": [
        "data",
        57,
        "q50"
      ],
      "action": "values_changed",
      "value": 102.161270141602,
      "old_value": 102.956062316895
    },
    {
      "path": [
        "data",
        57,
        "q75"
      ],
      "action": "values_changed",
      "value": 110.348194122314,
      "old_value": 110.328052520752
    },
    {
      "path": [
        "data",
        57,
        "q90"
      ],
      "action": "values_changed",
      "value": 123.016091918945,
      "old_value": 123.958166503906
    },
    {
      "path": [
        "data",
        58,
        "mean"
      ],
      "action": "values_changed",
      "value": 109.080852715366,
      "old_value": 107.742619319134
    },
    {
      "path": [
        "data",
        58,
        "sd"
      ],
      "action": "values_changed",
      "value": 21.5800012478613,
      "old_value": 21.017143213467
    },
    {
      "path": [
        "data",
        58,
        "q10"
      ],
      "action": "values_changed",
      "value": 88.1007789611816,
      "old_value": 87.2977722167969
    },
    {
      "path": [
        "data",
        58,
        "q25"
      ],
      "action": "values_changed",
      "value": 95.9812526702881,
      "old_value": 94.9141635894775
    },
    {
      "path": [
        "data",
        58,
        "q50"
      ],
      "action": "values_changed",
      "value": 105.785526275635,
      "old_value": 104.386566162109
    },
    {
      "path": [
        "data",
        58,
        "q75"
      ],
      "action": "values_changed",
      "value": 115.325931549072,
      "old_value": 114.896570205688
    },
    {
      "path": [
        "data",
        58,
        "q90"
      ],
      "action": "values_changed",
      "value": 130.854005432129,
      "old_value": 129.757713317871
    },
    {
      "path": [
        "data",
        59,
        "mean"
      ],
      "action": "values_changed",
      "value": 103.862708455232,
      "old_value": 104.431710480638
    },
    {
      "path": [
        "data",
        59,
        "sd"
      ],
      "action": "values_changed",
      "value": 14.9458848419709,
      "old_value": 18.2824929080389
    },
    {
      "path": [
        "data",
        59,
        "q10"
      ],
      "action": "values_changed",
      "value": 87.0165328979492,
      "old_value": 86.9946060180664
    },
    {
      "path": [
        "data",
        59,
        "q25"
      ],
      "action": "values_changed",
      "value": 93.0610237121582,
      "old_value": 93.1147842407227
    },
    {
      "path": [
        "data",
        59,
        "q50"
      ],
      "action": "values_changed",
      "value": 102.223785400391,
      "old_value": 102.035636901855
    },
    {
      "path": [
        "data",
        59,
        "q75"
      ],
      "action": "values_changed",
      "value": 110.857746124268,
      "old_value": 110.532726287842
    },
    {
      "path": [
        "data",
        59,
        "q90"
      ],
      "action": "values_changed",
      "value": 121.321266174316,
      "old_value": 121.308212280273
    }
  ]
}