{
  "data": {
    "messageType": "analysisDocument.report",
    "requestId": "28afb913-ce77-4ac0-9990-a78c871c6d52",
    "cohortIds": [
      "c_b0475e53c4b385489d065b1eba846603",
      "c_99e70e1c5f1b94ad5527b29e70d7125f",
      "c_56bef3eb6a1907d71a3fee360940931b"
    ],
    "type": "lab",
    "data": [
      {
        "cohort": "c_56bef3eb6a1907d71a3fee360940931b",
        "track": "lab.20100",
        "dtime": "[-5,-4)",
        "dt": -4.5,
        "age": "[60,70)",
        "sex": "male",
        "count": 191,
        "mean": 101.341107952657,
        "sd": 15.2742150885926,
        "q10": 84.1952056884766,
        "q25": 91.5621070861816,
        "q50": 99.9017105102539,
        "q75": 106.926910400391,
        "q90": 117.957443237305,
        "label": "20100 GLUCOSE- BLOOD"
      },
      {
        "cohort": "c_56bef3eb6a1907d71a3fee360940931b",
        "track": "lab.20100",
        "dtime": "[-5,-4)",
        "dt": -4.5,
        "age": "[60,70)",
        "sex": "female",
        "count": 289,
        "mean": 99.6500777406264,
        "sd": 14.3840335244723,
        "q10": 84.0985290527344,
        "q25": 90.9200210571289,
        "q50": 98.2251663208008,
        "q75": 104.937850952148,
        "q90": 117.017207336426,
        "label": "20100 GLUCOSE- BLOOD"
      },
      {
        "cohort": "c_56bef3eb6a1907d71a3fee360940931b",
        "track": "lab.20100",
        "dtime": "[-4,-3)",
        "dt": -3.5,
        "age": "[60,70)",
        "sex": "male",
        "count": 220,
        "mean": 103.352181556008,
        "sd": 22.2854101858599,
        "q10": 85.2202529907227,
        "q25": 91.9511108398438,
        "q50": 99.9563102722168,
        "q75": 108.489273071289,
        "q90": 122.247105407715,
        "label": "20100 GLUCOSE- BLOOD"
      },
      {
        "cohort": "c_56bef3eb6a1907d71a3fee360940931b",
        "track": "lab.20100",
        "dtime": "[-4,-3)",
        "dt": -3.5,
        "age": "[60,70)",
        "sex": "female",
        "count": 365,
        "mean": 101.50974984365,
        "sd": 18.5397808630212,
        "q10": 85.0745727539063,
        "q25": 91.0113220214844,
        "q50": 99.2612609863281,
        "q75": 106.999519348145,
        "q90": 116.62813873291,
        "label": "20100 GLUCOSE- BLOOD"
      },
      {
        "cohort": "c_56bef3eb6a1907d71a3fee360940931b",
        "track": "lab.20100",
        "dtime": "[-3,-2)",
        "dt": -2.5,
        "age": "[60,70)",
        "sex": "male",
        "count": 281,
        "mean": 102.800072720891,
        "sd": 19.8860924179965,
        "q10": 85.9923553466797,
        "q25": 91.0442123413086,
        "q50": 100.948310852051,
        "q75": 109.058891296387,
        "q90": 117.35400390625,
        "label": "20100 GLUCOSE- BLOOD"
      },
      {
        "cohort": "c_56bef3eb6a1907d71a3fee360940931b",
        "track": "lab.20100",
        "dtime": "[-3,-2)",
        "dt": -2.5,
        "age": "[60,70)",
        "sex": "female",
        "count": 460,
        "mean": 101.966892424874,
        "sd": 15.6174493386363,
        "q10": 84.9665519714355,
        "q25": 91.9246559143066,
        "q50": 100.259399414062,
        "q75": 109.151960372925,
        "q90": 118.334422302246,
        "label": "20100 GLUCOSE- BLOOD"
      },
      {
        "cohort": "c_56bef3eb6a1907d71a3fee360940931b",
        "track": "lab.20100",
        "dtime": "[-2,-1)",
        "dt": -1.5,
        "age": "[60,70)",
        "sex": "male",
        "count": 341,
        "mean": 106.079640094835,
        "sd": 24.1359086991283,
        "q10": 86.3550491333008,
        "q25": 92.9677734375,
        "q50": 102.763122558594,
        "q75": 112.155731201172,
        "q90": 126.76708984375,
        "label": "20100 GLUCOSE- BLOOD"
      },
      {
        "cohort": "c_56bef3eb6a1907d71a3fee360940931b",
        "track": "lab.20100",
        "dtime": "[-2,-1)",
        "dt": -1.5,
        "age": "[60,70)",
        "sex": "female",
        "count": 540,
        "mean": 102.695060376768,
        "sd": 15.650405002082,
        "q10": 86.4800048828125,
        "q25": 93.4244766235352,
        "q50": 101.916065216064,
        "q75": 108.266576766968,
        "q90": 118.587815093994,
        "label": "20100 GLUCOSE- BLOOD"
      },
      {
        "cohort": "c_56bef3eb6a1907d71a3fee360940931b",
        "track": "lab.20100",
        "dtime": "[-1,0)",
        "dt": -0.5,
        "age": "[60,70)",
        "sex": "male",
        "count": 408,
        "mean": 109.553158535677,
        "sd": 27.2200049719887,
        "q10": 89.9610702514648,
        "q25": 96.7198276519775,
        "q50": 105.074127197266,
        "q75": 113.176361083984,
        "q90": 128.882836914062,
        "label": "20100 GLUCOSE- BLOOD"
      },
      {
        "cohort": "c_56bef3eb6a1907d71a3fee360940931b",
        "track": "lab.20100",
        "dtime": "[-1,0)",
        "dt": -0.5,
        "age": "[60,70)",
        "sex": "female",
        "count": 609,
        "mean": 103.955298400278,
        "sd": 18.5433336385024,
        "q10": 86.15673828125,
        "q25": 94.0480575561523,
        "q50": 101.940528869629,
        "q75": 109.962821960449,
        "q90": 121.335552978516,
        "label": "20100 GLUCOSE- BLOOD"
      },
      {
        "cohort": "c_56bef3eb6a1907d71a3fee360940931b",
        "track": "lab.20100",
        "dtime": "[0,1)",
        "dt": 0.5,
        "age": "[60,70)",
        "sex": "male",
        "count": 439,
        "mean": 108.054346158456,
        "sd": 21.1056409672706,
        "q10": 88.9812484741211,
        "q25": 96.949951171875,
        "q50": 104.94075012207,
        "q75": 113.996395111084,
        "q90": 128.845855712891,
        "label": "20100 GLUCOSE- BLOOD"
      },
      {
        "cohort": "c_56bef3eb6a1907d71a3fee360940931b",
        "track": "lab.20100",
        "dtime": "[0,1)",
        "dt": 0.5,
        "age": "[60,70)",
        "sex": "female",
        "count": 630,
        "mean": 103.548063502236,
        "sd": 17.6255332241078,
        "q10": 86.3742340087891,
        "q25": 93.1109600067139,
        "q50": 101.911582946777,
        "q75": 109.159214019775,
        "q90": 118.938562774658,
        "label": "20100 GLUCOSE- BLOOD"
      },
      {
        "cohort": "c_56bef3eb6a1907d71a3fee360940931b",
        "track": "lab.20100",
        "dtime": "[1,2)",
        "dt": 1.5,
        "age": "[60,70)",
        "sex": "male",
        "count": 406,
        "mean": 109.740272907201,
        "sd": 25.641513427027,
        "q10": 89.0033378601074,
        "q25": 96.9473152160645,
        "q50": 104.793121337891,
        "q75": 114.149744033813,
        "q90": 132.61922454834,
        "label": "20100 GLUCOSE- BLOOD"
      },
      {
        "cohort": "c_56bef3eb6a1907d71a3fee360940931b",
        "track": "lab.20100",
        "dtime": "[1,2)",
        "dt": 1.5,
        "age": "[60,70)",
        "sex": "female",
        "count": 592,
        "mean": 105.131018909248,
        "sd": 22.1639630404931,
        "q10": 86.1627426147461,
        "q25": 93.98557472229,
        "q50": 102.263847351074,
        "q75": 111.015171051025,
        "q90": 121.139060211182,
        "label": "20100 GLUCOSE- BLOOD"
      },
      {
        "cohort": "c_56bef3eb6a1907d71a3fee360940931b",
        "track": "lab.20100",
        "dtime": "[2,3)",
        "dt": 2.5,
        "age": "[60,70)",
        "sex": "male",
        "count": 370,
        "mean": 107.085940159978,
        "sd": 17.1905798906427,
        "q10": 86.4757911682129,
        "q25": 95.5180473327637,
        "q50": 105.938884735107,
        "q75": 114.448261260986,
        "q90": 127.453220367432,
        "label": "20100 GLUCOSE- BLOOD"
      },
      {
        "cohort": "c_56bef3eb6a1907d71a3fee360940931b",
        "track": "lab.20100",
        "dtime": "[2,3)",
        "dt": 2.5,
        "age": "[60,70)",
        "sex": "female",
        "count": 531,
        "mean": 106.025532321966,
        "sd": 18.4173137042411,
        "q10": 88.0113754272461,
        "q25": 94.9980506896973,
        "q50": 104.029907226562,
        "q75": 112.248065948486,
        "q90": 123.24242401123,
        "label": "20100 GLUCOSE- BLOOD"
      },
      {
        "cohort": "c_56bef3eb6a1907d71a3fee360940931b",
        "track": "lab.20100",
        "dtime": "[3,4)",
        "dt": 3.5,
        "age": "[60,70)",
        "sex": "male",
        "count": 322,
        "mean": 108.685284821883,
        "sd": 19.8063508282039,
        "q10": 87.9661743164063,
        "q25": 97.8033103942871,
        "q50": 105.769721984863,
        "q75": 116.767427444458,
        "q90": 129.731698608398,
        "label": "20100 GLUCOSE- BLOOD"
      },
      {
        "cohort": "c_56bef3eb6a1907d71a3fee360940931b",
        "track": "lab.20100",
        "dtime": "[3,4)",
        "dt": 3.5,
        "age": "[60,70)",
        "sex": "female",
        "count": 467,
        "mean": 105.661495543649,
        "sd": 18.2960046236685,
        "q10": 87.0813140869141,
        "q25": 94.9504737854004,
        "q50": 103.47802734375,
        "q75": 111.974300384521,
        "q90": 122.458241271973,
        "label": "20100 GLUCOSE- BLOOD"
      },
      {
        "cohort": "c_56bef3eb6a1907d71a3fee360940931b",
        "track": "lab.20100",
        "dtime": "[4,5)",
        "dt": 4.5,
        "age": "[60,70)",
        "sex": "male",
        "count": 293,
        "mean": 104.764883386397,
        "sd": 16.387389215079,
        "q10": 87.1056869506836,
        "q25": 94.2521743774414,
        "q50": 103.034774780273,
        "q75": 110.929458618164,
        "q90": 125.502597045898,
        "label": "20100 GLUCOSE- BLOOD"
      },
      {
        "cohort": "c_56bef3eb6a1907d71a3fee360940931b",
        "track": "lab.20100",
        "dtime": "[4,5)",
        "dt": 4.5,
        "age": "[60,70)",
        "sex": "female",
        "count": 415,
        "mean": 105.351256938153,
        "sd": 19.8485112890644,
        "q10": 87.1576431274414,
        "q25": 94.9806327819824,
        "q50": 102.907089233398,
        "q75": 111.363773345947,
        "q90": 123.001644897461,
        "label": "20100 GLUCOSE- BLOOD"
      },
      {
        "cohort": "c_99e70e1c5f1b94ad5527b29e70d7125f",
        "track": "lab.20100",
        "dtime": "[-5,-4)",
        "dt": -4.5,
        "age": "[60,70)",
        "sex": "male",
        "count": 1012,
        "mean": 105.084964902976,
        "sd": 20.123896260194,
        "q10": 86.9330894470215,
        "q25": 93.909595489502,
        "q50": 102.029727935791,
        "q75": 111.974918365479,
        "q90": 125.053687286377,
        "label": "20100 GLUCOSE- BLOOD"
      },
      {
        "cohort": "c_99e70e1c5f1b94ad5527b29e70d7125f",
        "track": "lab.20100",
        "dtime": "[-5,-4)",
        "dt": -4.5,
        "age": "[60,70)",
        "sex": "female",
        "count": 1007,
        "mean": 100.948025480875,
        "sd": 16.3487357615105,
        "q10": 84.7174682617188,
        "q25": 90.9394302368164,
        "q50": 99.0631561279297,
        "q75": 106.975517272949,
        "q90": 117.906756591797,
        "label": "20100 GLUCOSE- BLOOD"
      },
      {
        "cohort": "c_99e70e1c5f1b94ad5527b29e70d7125f",
        "track": "lab.20100",
        "dtime": "[-4,-3)",
        "dt": -3.5,
        "age": "[60,70)",
        "sex": "male",
        "count": 1243,
        "mean": 105.424395756863,
        "sd": 19.2328446854253,
        "q10": 86.9992218017578,
        "q25": 94.0580139160156,
        "q50": 102.901565551758,
        "q75": 111.9518699646,
        "q90": 124.253234863281,
        "label": "20100 GLUCOSE- BLOOD"
      },
      {
        "cohort": "c_99e70e1c5f1b94ad5527b29e70d7125f",
        "track": "lab.20100",
        "dtime": "[-4,-3)",
        "dt": -3.5,
        "age": "[60,70)",
        "sex": "female",
        "count": 1245,
        "mean": 101.526425128002,
        "sd": 15.6388321830609,
        "q10": 84.9686172485352,
        "q25": 90.9295501708984,
        "q50": 100.007278442383,
        "q75": 108.121047973633,
        "q90": 116.985934448242,
        "label": "20100 GLUCOSE- BLOOD"
      },
      {
        "cohort": "c_99e70e1c5f1b94ad5527b29e70d7125f",
        "track": "lab.20100",
        "dtime": "[-3,-2)",
        "dt": -2.5,
        "age": "[60,70)",
        "sex": "male",
        "count": 1561,
        "mean": 105.375246628365,
        "sd": 19.2037529276088,
        "q10": 86.9775848388672,
        "q25": 94.0373916625977,
        "q50": 103.518226623535,
        "q75": 112.282203674316,
        "q90": 123.875,
        "label": "20100 GLUCOSE- BLOOD"
      },
      {
        "cohort": "c_99e70e1c5f1b94ad5527b29e70d7125f",
        "track": "lab.20100",
        "dtime": "[-3,-2)",
        "dt": -2.5,
        "age": "[60,70)",
        "sex": "female",
        "count": 1496,
        "mean": 102.535213873348,
        "sd": 16.9408757663693,
        "q10": 86.0001754760742,
        "q25": 92.0709209442139,
        "q50": 100.030223846436,
        "q75": 108.150644302368,
        "q90": 120.615875244141,
        "label": "20100 GLUCOSE- BLOOD"
      },
      {
        "cohort": "c_99e70e1c5f1b94ad5527b29e70d7125f",
        "track": "lab.20100",
        "dtime": "[-2,-1)",
        "dt": -1.5,
        "age": "[60,70)",
        "sex": "male",
        "count": 1731,
        "mean": 106.930384485519,
        "sd": 19.5878972565612,
        "q10": 87.9472045898438,
        "q25": 94.9829406738281,
        "q50": 104.139099121094,
        "q75": 113.947723388672,
        "q90": 125.954902648926,
        "label": "20100 GLUCOSE- BLOOD"
      },
      {
        "cohort": "c_99e70e1c5f1b94ad5527b29e70d7125f",
        "track": "lab.20100",
        "dtime": "[-2,-1)",
        "dt": -1.5,
        "age": "[60,70)",
        "sex": "female",
        "count": 1647,
        "mean": 103.406364399227,
        "sd": 18.8079145323673,
        "q10": 86.5710678100586,
        "q25": 93.9271850585938,
        "q50": 101.047027587891,
        "q75": 109.018817901611,
        "q90": 120.983657836914,
        "label": "20100 GLUCOSE- BLOOD"
      },
      {
        "cohort": "c_99e70e1c5f1b94ad5527b29e70d7125f",
        "track": "lab.20100",
        "dtime": "[-1,0)",
        "dt": -0.5,
        "age": "[60,70)",
        "sex": "male",
        "count": 1836,
        "mean": 188.520081754863,
        "sd": 3476.01136351988,
        "q10": 87.9197769165039,
        "q25": 95.0697174072266,
        "q50": 104.985870361328,
        "q75": 113.946447372437,
        "q90": 127.06615447998,
        "label": "20100 GLUCOSE- BLOOD"
      },
      {
        "cohort": "c_99e70e1c5f1b94ad5527b29e70d7125f",
        "track": "lab.20100",
        "dtime": "[-1,0)",
        "dt": -0.5,
        "age": "[60,70)",
        "sex": "female",
        "count": 1771,
        "mean": 104.480264341676,
        "sd": 17.0048516104271,
        "q10": 88.0135116577148,
        "q25": 94.9947700500488,
        "q50": 102.04566192627,
        "q75": 110.462131500244,
        "q90": 120.903564453125,
        "label": "20100 GLUCOSE- BLOOD"
      },
      {
        "cohort": "c_99e70e1c5f1b94ad5527b29e70d7125f",
        "track": "lab.20100",
        "dtime": "[0,1)",
        "dt": 0.5,
        "age": "[60,70)",
        "sex": "male",
        "count": 1831,
        "mean": 107.584574719715,
        "sd": 22.1925991687388,
        "q10": 88.15966796875,
        "q25": 94.925838470459,
        "q50": 104.619049072266,
        "q75": 114.009784698486,
        "q90": 126.986206054688,
        "label": "20100 GLUCOSE- BLOOD"
      },
      {
        "cohort": "c_99e70e1c5f1b94ad5527b29e70d7125f",
        "track": "lab.20100",
        "dtime": "[0,1)",
        "dt": 0.5,
        "age": "[60,70)",
        "sex": "female",
        "count": 1754,
        "mean": 103.937449569441,
        "sd": 16.8338108022444,
        "q10": 86.5221305847168,
        "q25": 93.9757633209229,
        "q50": 102.03787612915,
        "q75": 110.488229751587,
        "q90": 121.741233062744,
        "label": "20100 GLUCOSE- BLOOD"
      },
      {
        "cohort": "c_99e70e1c5f1b94ad5527b29e70d7125f",
        "track": "lab.20100",
        "dtime": "[1,2)",
        "dt": 1.5,
        "age": "[60,70)",
        "sex": "male",
        "count": 1600,
        "mean": 107.993820552826,
        "sd": 23.529083969102,
        "q10": 87.9448036193848,
        "q25": 94.4930896759033,
        "q50": 104.097133636475,
        "q75": 114.518810272217,
        "q90": 128.821868896484,
        "label": "20100 GLUCOSE- BLOOD"
      },
      {
        "cohort": "c_99e70e1c5f1b94ad5527b29e70d7125f",
        "track": "lab.20100",
        "dtime": "[1,2)",
        "dt": 1.5,
        "age": "[60,70)",
        "sex": "female",
        "count": 1577,
        "mean": 104.263503022034,
        "sd": 18.3981114668134,
        "q10": 86.4364959716797,
        "q25": 93.9520111083984,
        "q50": 102.235328674316,
        "q75": 110.490547180176,
        "q90": 121.116192626953,
        "label": "20100 GLUCOSE- BLOOD"
      },
      {
        "cohort": "c_99e70e1c5f1b94ad5527b29e70d7125f",
        "track": "lab.20100",
        "dtime": "[2,3)",
        "dt": 2.5,
        "age": "[60,70)",
        "sex": "male",
        "count": 1402,
        "mean": 107.579813599416,
        "sd": 21.644668713048,
        "q10": 88.1311874389648,
        "q25": 95.3015480041504,
        "q50": 104.921028137207,
        "q75": 114.043577194214,
        "q90": 127.881848144531,
        "label": "20100 GLUCOSE- BLOOD"
      },
      {
        "cohort": "c_99e70e1c5f1b94ad5527b29e70d7125f",
        "track": "lab.20100",
        "dtime": "[2,3)",
        "dt": 2.5,
        "age": "[60,70)",
        "sex": "female",
        "count": 1383,
        "mean": 103.698814033514,
        "sd": 17.9530694627834,
        "q10": 86.0886520385742,
        "q25": 92.9992904663086,
        "q50": 101.945777893066,
        "q75": 109.999217987061,
        "q90": 121.425033569336,
        "label": "20100 GLUCOSE- BLOOD"
      },
      {
        "cohort": "c_99e70e1c5f1b94ad5527b29e70d7125f",
        "track": "lab.20100",
        "dtime": "[3,4)",
        "dt": 3.5,
        "age": "[60,70)",
        "sex": "male",
        "count": 1213,
        "mean": 107.000594762565,
        "sd": 22.6513428620389,
        "q10": 87.9368103027344,
        "q25": 94.9698791503906,
        "q50": 104.786895751953,
        "q75": 113.21004486084,
        "q90": 126.777891540527,
        "label": "20100 GLUCOSE- BLOOD"
      },
      {
        "cohort": "c_99e70e1c5f1b94ad5527b29e70d7125f",
        "track": "lab.20100",
        "dtime": "[3,4)",
        "dt": 3.5,
        "age": "[60,70)",
        "sex": "female",
        "count": 1190,
        "mean": 105.126146063284,
        "sd": 17.0355277446832,
        "q10": 87.2733497619629,
        "q25": 94.9497947692871,
        "q50": 103.005992889404,
        "q75": 111.17688369751,
        "q90": 123.926928710938,
        "label": "20100 GLUCOSE- BLOOD"
      },
      {
        "cohort": "c_99e70e1c5f1b94ad5527b29e70d7125f",
        "track": "lab.20100",
        "dtime": "[4,5)",
        "dt": 4.5,
        "age": "[60,70)",
        "sex": "male",
        "count": 1053,
        "mean": 107.001095691185,
        "sd": 20.2180079412503,
        "q10": 87.111540222168,
        "q25": 95.0169143676758,
        "q50": 104.95874786377,
        "q75": 114.058937072754,
        "q90": 125.937159729004,
        "label": "20100 GLUCOSE- BLOOD"
      },
      {
        "cohort": "c_99e70e1c5f1b94ad5527b29e70d7125f",
        "track": "lab.20100",
        "dtime": "[4,5)",
        "dt": 4.5,
        "age": "[60,70)",
        "sex": "female",
        "count": 1048,
        "mean": 103.886500285782,
        "sd": 16.2846602739961,
        "q10": 86.954109954834,
        "q25": 93.6675281524658,
        "q50": 102.028564453125,
        "q75": 110.397346496582,
        "q90": 121.11988067627,
        "label": "20100 GLUCOSE- BLOOD"
      },
      {
        "cohort": "c_b0475e53c4b385489d065b1eba846603",
        "track": "lab.20100",
        "dtime": "[-5,-4)",
        "dt": -4.5,
        "age": "[60,70)",
        "sex": "male",
        "count": 549,
        "mean": 104.506953755363,
        "sd": 18.7464365115192,
        "q10": 86.3462524414062,
        "q25": 93.2488555908203,
        "q50": 102.097602844238,
        "q75": 111.559036254883,
        "q90": 121.25263671875,
        "label": "20100 GLUCOSE- BLOOD"
      },
      {
        "cohort": "c_b0475e53c4b385489d065b1eba846603",
        "track": "lab.20100",
        "dtime": "[-5,-4)",
        "dt": -4.5,
        "age": "[60,70)",
        "sex": "female",
        "count": 658,
        "mean": 101.85946918476,
        "sd": 17.2768537319017,
        "q10": 84.9732429504395,
        "q25": 91.052282333374,
        "q50": 100.45919418335,
        "q75": 108.219465255737,
        "q90": 117.908506774902,
        "label": "20100 GLUCOSE- BLOOD"
      },
      {
        "cohort": "c_b0475e53c4b385489d065b1eba846603",
        "track": "lab.20100",
        "dtime": "[-4,-3)",
        "dt": -3.5,
        "age": "[60,70)",
        "sex": "male",
        "count": 716,
        "mean": 106.115021604399,
        "sd": 19.8952253326295,
        "q10": 88.1866683959961,
        "q25": 94.402458190918,
        "q50": 102.92264175415,
        "q75": 112.511785507202,
        "q90": 125.482097625732,
        "label": "20100 GLUCOSE- BLOOD"
      },
      {
        "cohort": "c_b0475e53c4b385489d065b1eba846603",
        "track": "lab.20100",
        "dtime": "[-4,-3)",
        "dt": -3.5,
        "age": "[60,70)",
        "sex": "female",
        "count": 805,
        "mean": 102.486973145289,
        "sd": 20.8522304373097,
        "q10": 85.9567596435547,
        "q25": 92.0615921020508,
        "q50": 100.180015563965,
        "q75": 107.969955444336,
        "q90": 116.967419433594,
        "label": "20100 GLUCOSE- BLOOD"
      },
      {
        "cohort": "c_b0475e53c4b385489d065b1eba846603",
        "track": "lab.20100",
        "dtime": "[-3,-2)",
        "dt": -2.5,
        "age": "[60,70)",
        "sex": "male",
        "count": 914,
        "mean": 106.045046240809,
        "sd": 20.2118305273654,
        "q10": 87.0959632873535,
        "q25": 94.9068965911865,
        "q50": 103.933311462402,
        "q75": 111.936372756958,
        "q90": 126.310523223877,
        "label": "20100 GLUCOSE- BLOOD"
      },
      {
        "cohort": "c_b0475e53c4b385489d065b1eba846603",
        "track": "lab.20100",
        "dtime": "[-3,-2)",
        "dt": -2.5,
        "age": "[60,70)",
        "sex": "female",
        "count": 986,
        "mean": 102.871950478389,
        "sd": 17.8060510118624,
        "q10": 85.1288528442383,
        "q25": 92.1332397460938,
        "q50": 100.917945861816,
        "q75": 108.964164733887,
        "q90": 120.953594207764,
        "label": "20100 GLUCOSE- BLOOD"
      },
      {
        "cohort": "c_b0475e53c4b385489d065b1eba846603",
        "track": "lab.20100",
        "dtime": "[-2,-1)",
        "dt": -1.5,
        "age": "[60,70)",
        "sex": "male",
        "count": 1001,
        "mean": 106.886897701603,
        "sd": 20.7992527519425,
        "q10": 87.9056854248047,
        "q25": 94.8243637084961,
        "q50": 103.948715209961,
        "q75": 113.779121398926,
        "q90": 126.071784973145,
        "label": "20100 GLUCOSE- BLOOD"
      },
      {
        "cohort": "c_b0475e53c4b385489d065b1eba846603",
        "track": "lab.20100",
        "dtime": "[-2,-1)",
        "dt": -1.5,
        "age": "[60,70)",
        "sex": "female",
        "count": 1054,
        "mean": 103.314757699985,
        "sd": 18.528274578161,
        "q10": 86.0124969482422,
        "q25": 93.0319118499756,
        "q50": 101.077159881592,
        "q75": 109.041564941406,
        "q90": 120.159690856934,
        "label": "20100 GLUCOSE- BLOOD"
      },
      {
        "cohort": "c_b0475e53c4b385489d065b1eba846603",
        "track": "lab.20100",
        "dtime": "[-1,0)",
        "dt": -0.5,
        "age": "[60,70)",
        "sex": "male",
        "count": 1078,
        "mean": 107.257984171993,
        "sd": 21.569562355739,
        "q10": 88.0370338439941,
        "q25": 94.9514980316162,
        "q50": 104.098411560059,
        "q75": 113.990215301514,
        "q90": 127.406468200684,
        "label": "20100 GLUCOSE- BLOOD"
      },
      {
        "cohort": "c_b0475e53c4b385489d065b1eba846603",
        "track": "lab.20100",
        "dtime": "[-1,0)",
        "dt": -0.5,
        "age": "[60,70)",
        "sex": "female",
        "count": 1110,
        "mean": 103.382956317524,
        "sd": 17.1234051335825,
        "q10": 86.321794128418,
        "q25": 93.0544834136963,
        "q50": 101.319389343262,
        "q75": 109.973896026611,
        "q90": 121.558525848389,
        "label": "20100 GLUCOSE- BLOOD"
      },
      {
        "cohort": "c_b0475e53c4b385489d065b1eba846603",
        "track": "lab.20100",
        "dtime": "[0,1)",
        "dt": 0.5,
        "age": "[60,70)",
        "sex": "male",
        "count": 1067,
        "mean": 107.005737433393,
        "sd": 20.7851555820129,
        "q10": 87.9330932617188,
        "q25": 94.9538612365723,
        "q50": 103.956680297852,
        "q75": 113.096576690674,
        "q90": 127.177059936523,
        "label": "20100 GLUCOSE- BLOOD"
      },
      {
        "cohort": "c_b0475e53c4b385489d065b1eba846603",
        "track": "lab.20100",
        "dtime": "[0,1)",
        "dt": 0.5,
        "age": "[60,70)",
        "sex": "female",
        "count": 1116,
        "mean": 103.100403679742,
        "sd": 15.663129662285,
        "q10": 86.9759483337402,
        "q25": 93.405590057373,
        "q50": 101.805648803711,
        "q75": 109.418586730957,
        "q90": 118.216930389404,
        "label": "20100 GLUCOSE- BLOOD"
      },
      {
        "cohort": "c_b0475e53c4b385489d065b1eba846603",
        "track": "lab.20100",
        "dtime": "[1,2)",
        "dt": 1.5,
        "age": "[60,70)",
        "sex": "male",
        "count": 961,
        "mean": 107.401557426175,
        "sd": 23.0543971930523,
        "q10": 87.9010009765625,
        "q25": 95.4065628051758,
        "q50": 104.658065795898,
        "q75": 112.946556091309,
        "q90": 126.072715759277,
        "label": "20100 GLUCOSE- BLOOD"
      },
      {
        "cohort": "c_b0475e53c4b385489d065b1eba846603",
        "track": "lab.20100",
        "dtime": "[1,2)",
        "dt": 1.5,
        "age": "[60,70)",
        "sex": "female",
        "count": 999,
        "mean": 104.125287679342,
        "sd": 17.9343815162624,
        "q10": 86.9138824462891,
        "q25": 94.2001533508301,
        "q50": 101.924545288086,
        "q75": 110.755142211914,
        "q90": 120.980308532715,
        "label": "20100 GLUCOSE- BLOOD"
      },
      {
        "cohort": "c_b0475e53c4b385489d065b1eba846603",
        "track": "lab.20100",
        "dtime": "[2,3)",
        "dt": 2.5,
        "age": "[60,70)",
        "sex": "male",
        "count": 857,
        "mean": 106.800458402867,
        "sd": 19.2991954519696,
        "q10": 88.0468338012695,
        "q25": 94.9748764038086,
        "q50": 103.92049407959,
        "q75": 113.614028930664,
        "q90": 127.887316894531,
        "label": "20100 GLUCOSE- BLOOD"
      },
      {
        "cohort": "c_b0475e53c4b385489d065b1eba846603",
        "track": "lab.20100",
        "dtime": "[2,3)",
        "dt": 2.5,
        "age": "[60,70)",
        "sex": "female",
        "count": 893,
        "mean": 104.68267799198,
        "sd": 16.8621263468549,
        "q10": 87.4898941040039,
        "q25": 94.7966690063477,
        "q50": 102.952880859375,
        "q75": 111.093299865723,
        "q90": 122.108848571777,
        "label": "20100 GLUCOSE- BLOOD"
      },
      {
        "cohort": "c_b0475e53c4b385489d065b1eba846603",
        "track": "lab.20100",
        "dtime": "[3,4)",
        "dt": 3.5,
        "age": "[60,70)",
        "sex": "male",
        "count": 746,
        "mean": 224.612630235606,
        "sd": 3181.93067758307,
        "q10": 87.3430824279785,
        "q25": 95.3660411834717,
        "q50": 104.699180603027,
        "q75": 114.018524169922,
        "q90": 127.007141113281,
        "label": "20100 GLUCOSE- BLOOD"
      },
      {
        "cohort": "c_b0475e53c4b385489d065b1eba846603",
        "track": "lab.20100",
        "dtime": "[3,4)",
        "dt": 3.5,
        "age": "[60,70)",
        "sex": "female",
        "count": 795,
        "mean": 105.085063430498,
        "sd": 19.567851526208,
        "q10": 86.0729370117188,
        "q25": 93.0407752990723,
        "q50": 102.956062316895,
        "q75": 110.328052520752,
        "q90": 123.958166503906,
        "label": "20100 GLUCOSE- BLOOD"
      },
      {
        "cohort": "c_b0475e53c4b385489d065b1eba846603",
        "track": "lab.20100",
        "dtime": "[4,5)",
        "dt": 4.5,
        "age": "[60,70)",
        "sex": "male",
        "count": 664,
        "mean": 107.742619319134,
        "sd": 21.017143213467,
        "q10": 87.2977722167969,
        "q25": 94.9141635894775,
        "q50": 104.386566162109,
        "q75": 114.896570205688,
        "q90": 129.757713317871,
        "label": "20100 GLUCOSE- BLOOD"
      },
      {
        "cohort": "c_b0475e53c4b385489d065b1eba846603",
        "track": "lab.20100",
        "dtime": "[4,5)",
        "dt": 4.5,
        "age": "[60,70)",
        "sex": "female",
        "count": 711,
        "mean": 104.431710480638,
        "sd": 18.2824929080389,
        "q10": 86.9946060180664,
        "q25": 93.1147842407227,
        "q50": 102.035636901855,
        "q75": 110.532726287842,
        "q90": 121.308212280273,
        "label": "20100 GLUCOSE- BLOOD"
      }
    ],
    "figures": null
  },
  "id": "28afb913-ce77-4ac0-9990-a78c871c6d52"
}