{
  "data": {
    "messageType": "analysisDocument.report",
    "requestId": "cae7646c-7a3a-4702-a52e-330f2e4c05b2",
    "cohortIds": [
      "c_b0475e53c4b385489d065b1eba846603",
      "c_99e70e1c5f1b94ad5527b29e70d7125f",
      "c_56bef3eb6a1907d71a3fee360940931b"
    ],
    "type": "lab",
    "data": [
      {
        "cohort": "c_56bef3eb6a1907d71a3fee360940931b",
        "track": "lab.20100",
        "dtime": "[-5,-4)",
        "dt": -4.5,
        "age": "[60,70)",
        "sex": "male",
        "count": 191,
        "mean": 102.511385892698,
        "sd": 16.50114358464,
        "q10": 85.3893737792969,
        "q25": 91.9669914245605,
        "q50": 100.01651763916,
        "q75": 108.762672424316,
        "q90": 118.226890563965,
        "label": "20100 GLUCOSE- BLOOD"
      },
      {
        "cohort": "c_56bef3eb6a1907d71a3fee360940931b",
        "track": "lab.20100",
        "dtime": "[-5,-4)",
        "dt": -4.5,
        "age": "[60,70)",
        "sex": "female",
        "count": 289,
        "mean": 100.687599076532,
        "sd": 16.4138506539144,
        "q10": 85.0917266845703,
        "q25": 90.9200210571289,
        "q50": 98.9679260253906,
        "q75": 106.98397064209,
        "q90": 118.310827636719,
        "label": "20100 GLUCOSE- BLOOD"
      },
      {
        "cohort": "c_56bef3eb6a1907d71a3fee360940931b",
        "track": "lab.20100",
        "dtime": "[-4,-3)",
        "dt": -3.5,
        "age": "[60,70)",
        "sex": "male",
        "count": 220,
        "mean": 103.310769826716,
        "sd": 20.4423701909644,
        "q10": 85.9299392700195,
        "q25": 91.9303379058838,
        "q50": 99.609977722168,
        "q75": 110.084634780884,
        "q90": 124.355774688721,
        "label": "20100 GLUCOSE- BLOOD"
      },
      {
        "cohort": "c_56bef3eb6a1907d71a3fee360940931b",
        "track": "lab.20100",
        "dtime": "[-4,-3)",
        "dt": -3.5,
        "age": "[60,70)",
        "sex": "female",
        "count": 365,
        "mean": 100.402245320359,
        "sd": 14.9568172930598,
        "q10": 84.9431549072266,
        "q25": 90.9968490600586,
        "q50": 98.5083694458008,
        "q75": 106.036361694336,
        "q90": 117.557948303223,
        "label": "20100 GLUCOSE- BLOOD"
      },
      {
        "cohort": "c_56bef3eb6a1907d71a3fee360940931b",
        "track": "lab.20100",
        "dtime": "[-3,-2)",
        "dt": -2.5,
        "age": "[60,70)",
        "sex": "male",
        "count": 281,
        "mean": 103.587319112757,
        "sd": 19.2466604451764,
        "q10": 86.417610168457,
        "q25": 91.9830856323242,
        "q50": 100.948310852051,
        "q75": 109.962745666504,
        "q90": 118.149772644043,
        "label": "20100 GLUCOSE- BLOOD"
      },
      {
        "cohort": "c_56bef3eb6a1907d71a3fee360940931b",
        "track": "lab.20100",
        "dtime": "[-3,-2)",
        "dt": -2.5,
        "age": "[60,70)",
        "sex": "female",
        "count": 460,
        "mean": 102.060841336458,
        "sd": 15.8793763921499,
        "q10": 85.1449699401855,
        "q25": 91.9329299926758,
        "q50": 100.004024505615,
        "q75": 108.912126541138,
        "q90": 118.503771972656,
        "label": "20100 GLUCOSE- BLOOD"
      },
      {
        "cohort": "c_56bef3eb6a1907d71a3fee360940931b",
        "track": "lab.20100",
        "dtime": "[-2,-1)",
        "dt": -1.5,
        "age": "[60,70)",
        "sex": "male",
        "count": 341,
        "mean": 105.744002915547,
        "sd": 23.3565128809171,
        "q10": 87.0103302001953,
        "q25": 92.1250076293945,
        "q50": 102.369468688965,
        "q75": 111.782325744629,
        "q90": 125.321144104004,
        "label": "20100 GLUCOSE- BLOOD"
      },
      {
        "cohort": "c_56bef3eb6a1907d71a3fee360940931b",
        "track": "lab.20100",
        "dtime": "[-2,-1)",
        "dt": -1.5,
        "age": "[60,70)",
        "sex": "female",
        "count": 540,
        "mean": 102.685706682558,
        "sd": 15.6831782013157,
        "q10": 86.8606056213379,
        "q25": 93.3433456420898,
        "q50": 101.203708648682,
        "q75": 108.922479629517,
        "q90": 119.800496673584,
        "label": "20100 GLUCOSE- BLOOD"
      },
      {
        "cohort": "c_56bef3eb6a1907d71a3fee360940931b",
        "track": "lab.20100",
        "dtime": "[-1,0)",
        "dt": -0.5,
        "age": "[60,70)",
        "sex": "male",
        "count": 408,
        "mean": 110.245998102076,
        "sd": 27.2803434381206,
        "q10": 87.9422271728516,
        "q25": 95.0626411437988,
        "q50": 104.785957336426,
        "q75": 114.129495620728,
        "q90": 133.541300964355,
        "label": "20100 GLUCOSE- BLOOD"
      },
      {
        "cohort": "c_56bef3eb6a1907d71a3fee360940931b",
        "track": "lab.20100",
        "dtime": "[-1,0)",
        "dt": -0.5,
        "age": "[60,70)",
        "sex": "female",
        "count": 609,
        "mean": 104.506340440271,
        "sd": 19.0152832762621,
        "q10": 86.9608978271484,
        "q25": 94.4236831665039,
        "q50": 101.933578491211,
        "q75": 110.285804748535,
        "q90": 123.22155456543,
        "label": "20100 GLUCOSE- BLOOD"
      },
      {
        "cohort": "c_56bef3eb6a1907d71a3fee360940931b",
        "track": "lab.20100",
        "dtime": "[0,1)",
        "dt": 0.5,
        "age": "[60,70)",
        "sex": "male",
        "count": 439,
        "mean": 109.290518324033,
        "sd": 22.4891808019374,
        "q10": 88.0339691162109,
        "q25": 96.949951171875,
        "q50": 105.911834716797,
        "q75": 117.589569091797,
        "q90": 131.513949584961,
        "label": "20100 GLUCOSE- BLOOD"
      },
      {
        "cohort": "c_56bef3eb6a1907d71a3fee360940931b",
        "track": "lab.20100",
        "dtime": "[0,1)",
        "dt": 0.5,
        "age": "[60,70)",
        "sex": "female",
        "count": 630,
        "mean": 104.085816507491,
        "sd": 18.7443431618097,
        "q10": 86.3537788391113,
        "q25": 93.2734622955322,
        "q50": 101.96630859375,
        "q75": 109.980335235596,
        "q90": 119.961614990234,
        "label": "20100 GLUCOSE- BLOOD"
      },
      {
        "cohort": "c_56bef3eb6a1907d71a3fee360940931b",
        "track": "lab.20100",
        "dtime": "[1,2)",
        "dt": 1.5,
        "age": "[60,70)",
        "sex": "male",
        "count": 406,
        "mean": 109.150142303241,
        "sd": 24.0136528755979,
        "q10": 87.9113426208496,
        "q25": 96.4024505615234,
        "q50": 104.989513397217,
        "q75": 116.870801925659,
        "q90": 131.464546203613,
        "label": "20100 GLUCOSE- BLOOD"
      },
      {
        "cohort": "c_56bef3eb6a1907d71a3fee360940931b",
        "track": "lab.20100",
        "dtime": "[1,2)",
        "dt": 1.5,
        "age": "[60,70)",
        "sex": "female",
        "count": 592,
        "mean": 105.663762492103,
        "sd": 21.9447620654358,
        "q10": 87.5752708435059,
        "q25": 94.9596195220947,
        "q50": 102.965450286865,
        "q75": 111.907888412476,
        "q90": 123.053905487061,
        "label": "20100 GLUCOSE- BLOOD"
      },
      {
        "cohort": "c_56bef3eb6a1907d71a3fee360940931b",
        "track": "lab.20100",
        "dtime": "[2,3)",
        "dt": 2.5,
        "age": "[60,70)",
        "sex": "male",
        "count": 370,
        "mean": 107.808427429199,
        "sd": 18.3154385262392,
        "q10": 86.4661888122559,
        "q25": 96.0403842926025,
        "q50": 105.999145507812,
        "q75": 114.09069442749,
        "q90": 128.188952636719,
        "label": "20100 GLUCOSE- BLOOD"
      },
      {
        "cohort": "c_56bef3eb6a1907d71a3fee360940931b",
        "track": "lab.20100",
        "dtime": "[2,3)",
        "dt": 2.5,
        "age": "[60,70)",
        "sex": "female",
        "count": 531,
        "mean": 106.351874572409,
        "sd": 18.7432987343002,
        "q10": 88.9795455932617,
        "q25": 95.3360404968262,
        "q50": 103.982795715332,
        "q75": 112.878467559814,
        "q90": 125.435432434082,
        "label": "20100 GLUCOSE- BLOOD"
      },
      {
        "cohort": "c_56bef3eb6a1907d71a3fee360940931b",
        "track": "lab.20100",
        "dtime": "[3,4)",
        "dt": 3.5,
        "age": "[60,70)",
        "sex": "male",
        "count": 322,
        "mean": 110.319246517205,
        "sd": 23.1086874450262,
        "q10": 88.9518592834473,
        "q25": 99.1018562316895,
        "q50": 107.923057556152,
        "q75": 117.122459411621,
        "q90": 129.455032348633,
        "label": "20100 GLUCOSE- BLOOD"
      },
      {
        "cohort": "c_56bef3eb6a1907d71a3fee360940931b",
        "track": "lab.20100",
        "dtime": "[3,4)",
        "dt": 3.5,
        "age": "[60,70)",
        "sex": "female",
        "count": 467,
        "mean": 104.913861276761,
        "sd": 18.5045467536123,
        "q10": 87.635026550293,
        "q25": 94.3964805603027,
        "q50": 102.990493774414,
        "q75": 110.887622833252,
        "q90": 121.647500610352,
        "label": "20100 GLUCOSE- BLOOD"
      },
      {
        "cohort": "c_56bef3eb6a1907d71a3fee360940931b",
        "track": "lab.20100",
        "dtime": "[4,5)",
        "dt": 4.5,
        "age": "[60,70)",
        "sex": "male",
        "count": 293,
        "mean": 105.047293835533,
        "sd": 20.7606160209638,
        "q10": 85.9184020996094,
        "q25": 91.9986953735352,
        "q50": 103.376823425293,
        "q75": 111.167625427246,
        "q90": 125.95617980957,
        "label": "20100 GLUCOSE- BLOOD"
      },
      {
        "cohort": "c_56bef3eb6a1907d71a3fee360940931b",
        "track": "lab.20100",
        "dtime": "[4,5)",
        "dt": 4.5,
        "age": "[60,70)",
        "sex": "female",
        "count": 415,
        "mean": 103.785465047446,
        "sd": 17.4203185951774,
        "q10": 87.9981826782227,
        "q25": 94.393482208252,
        "q50": 102.106910705566,
        "q75": 109.244819641113,
        "q90": 120.630252075195,
        "label": "20100 GLUCOSE- BLOOD"
      },
      {
        "cohort": "c_99e70e1c5f1b94ad5527b29e70d7125f",
        "track": "lab.20100",
        "dtime": "[-5,-4)",
        "dt": -4.5,
        "age": "[60,70)",
        "sex": "male",
        "count": 1012,
        "mean": 104.481827268487,
        "sd": 20.738076910017,
        "q10": 86.1702781677246,
        "q25": 92.0879859924316,
        "q50": 101.917922973633,
        "q75": 111.134412765503,
        "q90": 122.301140594482,
        "label": "20100 GLUCOSE- BLOOD"
      },
      {
        "cohort": "c_99e70e1c5f1b94ad5527b29e70d7125f",
        "track": "lab.20100",
        "dtime": "[-5,-4)",
        "dt": -4.5,
        "age": "[60,70)",
        "sex": "female",
        "count": 1007,
        "mean": 101.435983394558,
        "sd": 16.2207559592878,
        "q10": 84.9202499389648,
        "q25": 91.1177940368652,
        "q50": 99.9324569702148,
        "q75": 107.05591583252,
        "q90": 119.225988769531,
        "label": "20100 GLUCOSE- BLOOD"
      },
      {
        "cohort": "c_99e70e1c5f1b94ad5527b29e70d7125f",
        "track": "lab.20100",
        "dtime": "[-4,-3)",
        "dt": -3.5,
        "age": "[60,70)",
        "sex": "male",
        "count": 1243,
        "mean": 105.153061999492,
        "sd": 19.2433809581522,
        "q10": 86.9844573974609,
        "q25": 93.9601287841797,
        "q50": 102.11548614502,
        "q75": 111.343368530273,
        "q90": 123.5865234375,
        "label": "20100 GLUCOSE- BLOOD"
      },
      {
        "cohort": "c_99e70e1c5f1b94ad5527b29e70d7125f",
        "track": "lab.20100",
        "dtime": "[-4,-3)",
        "dt": -3.5,
        "age": "[60,70)",
        "sex": "female",
        "count": 1245,
        "mean": 101.66555114501,
        "sd": 16.1855819820279,
        "q10": 84.9465209960938,
        "q25": 91.1276931762695,
        "q50": 100.062614440918,
        "q75": 108.025695800781,
        "q90": 117.552940368652,
        "label": "20100 GLUCOSE- BLOOD"
      },
      {
        "cohort": "c_99e70e1c5f1b94ad5527b29e70d7125f",
        "track": "lab.20100",
        "dtime": "[-3,-2)",
        "dt": -2.5,
        "age": "[60,70)",
        "sex": "male",
        "count": 1561,
        "mean": 106.1527709741,
        "sd": 20.387984293167,
        "q10": 87.9281692504883,
        "q25": 94.0458297729492,
        "q50": 103.682556152344,
        "q75": 113.124610900879,
        "q90": 125.63062286377,
        "label": "20100 GLUCOSE- BLOOD"
      },
      {
        "cohort": "c_99e70e1c5f1b94ad5527b29e70d7125f",
        "track": "lab.20100",
        "dtime": "[-3,-2)",
        "dt": -2.5,
        "age": "[60,70)",
        "sex": "female",
        "count": 1496,
        "mean": 103.126635898243,
        "sd": 19.2357937201053,
        "q10": 85.9011993408203,
        "q25": 92.0000839233398,
        "q50": 100.04381942749,
        "q75": 109.068607330322,
        "q90": 121.358219146729,
        "label": "20100 GLUCOSE- BLOOD"
      },
      {
        "cohort": "c_99e70e1c5f1b94ad5527b29e70d7125f",
        "track": "lab.20100",
        "dtime": "[-2,-1)",
        "dt": -1.5,
        "age": "[60,70)",
        "sex": "male",
        "count": 1731,
        "mean": 106.415047421337,
        "sd": 18.3251714894661,
        "q10": 87.9881439208984,
        "q25": 95.1855049133301,
        "q50": 103.96395111084,
        "q75": 113.155975341797,
        "q90": 125.096420288086,
        "label": "20100 GLUCOSE- BLOOD"
      },
      {
        "cohort": "c_99e70e1c5f1b94ad5527b29e70d7125f",
        "track": "lab.20100",
        "dtime": "[-2,-1)",
        "dt": -1.5,
        "age": "[60,70)",
        "sex": "female",
        "count": 1647,
        "mean": 103.387461955864,
        "sd": 18.9167264470854,
        "q10": 86.1920608520508,
        "q25": 93.0641937255859,
        "q50": 101.093780517578,
        "q75": 108.9967918396,
        "q90": 121.565512084961,
        "label": "20100 GLUCOSE- BLOOD"
      },
      {
        "cohort": "c_99e70e1c5f1b94ad5527b29e70d7125f",
        "track": "lab.20100",
        "dtime": "[-1,0)",
        "dt": -0.5,
        "age": "[60,70)",
        "sex": "male",
        "count": 1836,
        "mean": 107.611416000167,
        "sd": 21.2312265363503,
        "q10": 87.4123382568359,
        "q25": 95.947925567627,
        "q50": 104.396102905273,
        "q75": 113.767353057861,
        "q90": 128.048889160156,
        "label": "20100 GLUCOSE- BLOOD"
      },
      {
        "cohort": "c_99e70e1c5f1b94ad5527b29e70d7125f",
        "track": "lab.20100",
        "dtime": "[-1,0)",
        "dt": -0.5,
        "age": "[60,70)",
        "sex": "female",
        "count": 1771,
        "mean": 103.952783279807,
        "sd": 17.9834327231072,
        "q10": 86.9701385498047,
        "q25": 94.8001823425293,
        "q50": 102.029754638672,
        "q75": 109.159526824951,
        "q90": 118.32080078125,
        "label": "20100 GLUCOSE- BLOOD"
      },
      {
        "cohort": "c_99e70e1c5f1b94ad5527b29e70d7125f",
        "track": "lab.20100",
        "dtime": "[0,1)",
        "dt": 0.5,
        "age": "[60,70)",
        "sex": "male",
        "count": 1831,
        "mean": 107.313976167005,
        "sd": 19.7615715948449,
        "q10": 88.0210418701172,
        "q25": 94.9968147277832,
        "q50": 104.399383544922,
        "q75": 113.73641204834,
        "q90": 127.510719299316,
        "label": "20100 GLUCOSE- BLOOD"
      },
      {
        "cohort": "c_99e70e1c5f1b94ad5527b29e70d7125f",
        "track": "lab.20100",
        "dtime": "[0,1)",
        "dt": 0.5,
        "age": "[60,70)",
        "sex": "female",
        "count": 1754,
        "mean": 103.394817082613,
        "sd": 16.5466977925303,
        "q10": 86.216877746582,
        "q25": 93.9178657531738,
        "q50": 101.958484649658,
        "q75": 110.011837005615,
        "q90": 120.05422668457,
        "label": "20100 GLUCOSE- BLOOD"
      },
      {
        "cohort": "c_99e70e1c5f1b94ad5527b29e70d7125f",
        "track": "lab.20100",
        "dtime": "[1,2)",
        "dt": 1.5,
        "age": "[60,70)",
        "sex": "male",
        "count": 1600,
        "mean": 107.528774857521,
        "sd": 22.5419769409031,
        "q10": 87.965217590332,
        "q25": 95.0703563690186,
        "q50": 104.016723632812,
        "q75": 113.018577575684,
        "q90": 127.82564239502,
        "label": "20100 GLUCOSE- BLOOD"
      },
      {
        "cohort": "c_99e70e1c5f1b94ad5527b29e70d7125f",
        "track": "lab.20100",
        "dtime": "[1,2)",
        "dt": 1.5,
        "age": "[60,70)",
        "sex": "female",
        "count": 1577,
        "mean": 104.785694802042,
        "sd": 18.9975829144651,
        "q10": 86.9449615478516,
        "q25": 94.1556701660156,
        "q50": 102.332473754883,
        "q75": 110.936408996582,
        "q90": 122.332339477539,
        "label": "20100 GLUCOSE- BLOOD"
      },
      {
        "cohort": "c_99e70e1c5f1b94ad5527b29e70d7125f",
        "track": "lab.20100",
        "dtime": "[2,3)",
        "dt": 2.5,
        "age": "[60,70)",
        "sex": "male",
        "count": 1402,
        "mean": 107.215480725537,
        "sd": 21.7557176410729,
        "q10": 88.0105056762695,
        "q25": 95.0397415161133,
        "q50": 104.04838180542,
        "q75": 113.809280395508,
        "q90": 125.899038696289,
        "label": "20100 GLUCOSE- BLOOD"
      },
      {
        "cohort": "c_99e70e1c5f1b94ad5527b29e70d7125f",
        "track": "lab.20100",
        "dtime": "[2,3)",
        "dt": 2.5,
        "age": "[60,70)",
        "sex": "female",
        "count": 1383,
        "mean": 103.847369996,
        "sd": 17.1088432084299,
        "q10": 86.0968017578125,
        "q25": 93.1242752075195,
        "q50": 101.906837463379,
        "q75": 109.949928283691,
        "q90": 121.970584106445,
        "label": "20100 GLUCOSE- BLOOD"
      },
      {
        "cohort": "c_99e70e1c5f1b94ad5527b29e70d7125f",
        "track": "lab.20100",
        "dtime": "[3,4)",
        "dt": 3.5,
        "age": "[60,70)",
        "sex": "male",
        "count": 1213,
        "mean": 106.69598110982,
        "sd": 18.0805126294853,
        "q10": 87.9478134155273,
        "q25": 94.9696197509766,
        "q50": 104.924949645996,
        "q75": 113.909233093262,
        "q90": 126.51136932373,
        "label": "20100 GLUCOSE- BLOOD"
      },
      {
        "cohort": "c_99e70e1c5f1b94ad5527b29e70d7125f",
        "track": "lab.20100",
        "dtime": "[3,4)",
        "dt": 3.5,
        "age": "[60,70)",
        "sex": "female",
        "count": 1190,
        "mean": 104.441695484193,
        "sd": 16.4148447283678,
        "q10": 87.0629440307617,
        "q25": 94.9243907928467,
        "q50": 102.918216705322,
        "q75": 110.789093017578,
        "q90": 121.882321929932,
        "label": "20100 GLUCOSE- BLOOD"
      },
      {
        "cohort": "c_99e70e1c5f1b94ad5527b29e70d7125f",
        "track": "lab.20100",
        "dtime": "[4,5)",
        "dt": 4.5,
        "age": "[60,70)",
        "sex": "male",
        "count": 1053,
        "mean": 106.928685564148,
        "sd": 20.8868382632703,
        "q10": 86.9090591430664,
        "q25": 94.1697540283203,
        "q50": 104.406692504883,
        "q75": 114.188812255859,
        "q90": 127.004890441895,
        "label": "20100 GLUCOSE- BLOOD"
      },
      {
        "cohort": "c_99e70e1c5f1b94ad5527b29e70d7125f",
        "track": "lab.20100",
        "dtime": "[4,5)",
        "dt": 4.5,
        "age": "[60,70)",
        "sex": "female",
        "count": 1048,
        "mean": 103.758815015545,
        "sd": 17.5699814714047,
        "q10": 86.2142189025879,
        "q25": 93.5037803649902,
        "q50": 102.003200531006,
        "q75": 110.281667709351,
        "q90": 120.474780273437,
        "label": "20100 GLUCOSE- BLOOD"
      },
      {
        "cohort": "c_b0475e53c4b385489d065b1eba846603",
        "track": "lab.20100",
        "dtime": "[-5,-4)",
        "dt": -4.5,
        "age": "[60,70)",
        "sex": "male",
        "count": 549,
        "mean": 103.939021876601,
        "sd": 18.4365860790798,
        "q10": 85.9813491821289,
        "q25": 92.9820938110352,
        "q50": 101.210632324219,
        "q75": 111.292449951172,
        "q90": 122.223243713379,
        "label": "20100 GLUCOSE- BLOOD"
      },
      {
        "cohort": "c_b0475e53c4b385489d065b1eba846603",
        "track": "lab.20100",
        "dtime": "[-5,-4)",
        "dt": -4.5,
        "age": "[60,70)",
        "sex": "female",
        "count": 658,
        "mean": 101.455421250642,
        "sd": 15.7937348321959,
        "q10": 85.122248840332,
        "q25": 91.0637741088867,
        "q50": 100.069778442383,
        "q75": 108.234683990479,
        "q90": 117.013473510742,
        "label": "20100 GLUCOSE- BLOOD"
      },
      {
        "cohort": "c_b0475e53c4b385489d065b1eba846603",
        "track": "lab.20100",
        "dtime": "[-4,-3)",
        "dt": -3.5,
        "age": "[60,70)",
        "sex": "male",
        "count": 716,
        "mean": 106.09827593585,
        "sd": 20.5249887572187,
        "q10": 87.2002334594727,
        "q25": 94.2583351135254,
        "q50": 102.685241699219,
        "q75": 112.889141082764,
        "q90": 127.191497802734,
        "label": "20100 GLUCOSE- BLOOD"
      },
      {
        "cohort": "c_b0475e53c4b385489d065b1eba846603",
        "track": "lab.20100",
        "dtime": "[-4,-3)",
        "dt": -3.5,
        "age": "[60,70)",
        "sex": "female",
        "count": 805,
        "mean": 102.023994322593,
        "sd": 17.6904011605704,
        "q10": 84.9727828979492,
        "q25": 91.9306640625,
        "q50": 100.04712677002,
        "q75": 108.168281555176,
        "q90": 117.522079467773,
        "label": "20100 GLUCOSE- BLOOD"
      },
      {
        "cohort": "c_b0475e53c4b385489d065b1eba846603",
        "track": "lab.20100",
        "dtime": "[-3,-2)",
        "dt": -2.5,
        "age": "[60,70)",
        "sex": "male",
        "count": 914,
        "mean": 105.142123725273,
        "sd": 17.0086603178312,
        "q10": 87.0870491027832,
        "q25": 94.9376907348633,
        "q50": 103.939670562744,
        "q75": 111.106742858887,
        "q90": 123.206565093994,
        "label": "20100 GLUCOSE- BLOOD"
      },
      {
        "cohort": "c_b0475e53c4b385489d065b1eba846603",
        "track": "lab.20100",
        "dtime": "[-3,-2)",
        "dt": -2.5,
        "age": "[60,70)",
        "sex": "female",
        "count": 986,
        "mean": 103.252373035733,
        "sd": 17.7028377770803,
        "q10": 86.9174880981445,
        "q25": 92.9698047637939,
        "q50": 101.151973724365,
        "q75": 109.215753555298,
        "q90": 120.707809448242,
        "label": "20100 GLUCOSE- BLOOD"
      },
      {
        "cohort": "c_b0475e53c4b385489d065b1eba846603",
        "track": "lab.20100",
        "dtime": "[-2,-1)",
        "dt": -1.5,
        "age": "[60,70)",
        "sex": "male",
        "count": 1001,
        "mean": 106.790858380206,
        "sd": 20.8130427299186,
        "q10": 86.985481262207,
        "q25": 94.6994476318359,
        "q50": 103.957611083984,
        "q75": 113.225738525391,
        "q90": 125.943801879883,
        "label": "20100 GLUCOSE- BLOOD"
      },
      {
        "cohort": "c_b0475e53c4b385489d065b1eba846603",
        "track": "lab.20100",
        "dtime": "[-2,-1)",
        "dt": -1.5,
        "age": "[60,70)",
        "sex": "female",
        "count": 1054,
        "mean": 102.75742081311,
        "sd": 15.5523099931558,
        "q10": 86.0348480224609,
        "q25": 93.0495204925537,
        "q50": 101.0696144104,
        "q75": 109.041564941406,
        "q90": 119.05771484375,
        "label": "20100 GLUCOSE- BLOOD"
      },
      {
        "cohort": "c_b0475e53c4b385489d065b1eba846603",
        "track": "lab.20100",
        "dtime": "[-1,0)",
        "dt": -0.5,
        "age": "[60,70)",
        "sex": "male",
        "count": 1078,
        "mean": 108.467721691379,
        "sd": 24.0884201820563,
        "q10": 88.9531791687012,
        "q25": 96.3428707122803,
        "q50": 104.992385864258,
        "q75": 113.997892379761,
        "q90": 128.032571411133,
        "label": "20100 GLUCOSE- BLOOD"
      },
      {
        "cohort": "c_b0475e53c4b385489d065b1eba846603",
        "track": "lab.20100",
        "dtime": "[-1,0)",
        "dt": -0.5,
        "age": "[60,70)",
        "sex": "female",
        "count": 1110,
        "mean": 103.695388302502,
        "sd": 18.8867925283054,
        "q10": 86.4980911254883,
        "q25": 94.0468730926514,
        "q50": 101.89720916748,
        "q75": 109.703990936279,
        "q90": 120.563928222656,
        "label": "20100 GLUCOSE- BLOOD"
      },
      {
        "cohort": "c_b0475e53c4b385489d065b1eba846603",
        "track": "lab.20100",
        "dtime": "[0,1)",
        "dt": 0.5,
        "age": "[60,70)",
        "sex": "male",
        "count": 1067,
        "mean": 106.33047572228,
        "sd": 20.985618959789,
        "q10": 87.0895309448242,
        "q25": 94.2799911499023,
        "q50": 103.944496154785,
        "q75": 112.12353515625,
        "q90": 125.373759460449,
        "label": "20100 GLUCOSE- BLOOD"
      },
      {
        "cohort": "c_b0475e53c4b385489d065b1eba846603",
        "track": "lab.20100",
        "dtime": "[0,1)",
        "dt": 0.5,
        "age": "[60,70)",
        "sex": "female",
        "count": 1116,
        "mean": 103.202125795426,
        "sd": 17.0907350275561,
        "q10": 86.4416885375977,
        "q25": 94.0105133056641,
        "q50": 101.026496887207,
        "q75": 109.318153381348,
        "q90": 118.639591217041,
        "label": "20100 GLUCOSE- BLOOD"
      },
      {
        "cohort": "c_b0475e53c4b385489d065b1eba846603",
        "track": "lab.20100",
        "dtime": "[1,2)",
        "dt": 1.5,
        "age": "[60,70)",
        "sex": "male",
        "count": 961,
        "mean": 107.715882296369,
        "sd": 22.6315228280077,
        "q10": 87.0896072387695,
        "q25": 95.4065628051758,
        "q50": 105.062942504883,
        "q75": 114.010864257812,
        "q90": 126.058349609375,
        "label": "20100 GLUCOSE- BLOOD"
      },
      {
        "cohort": "c_b0475e53c4b385489d065b1eba846603",
        "track": "lab.20100",
        "dtime": "[1,2)",
        "dt": 1.5,
        "age": "[60,70)",
        "sex": "female",
        "count": 999,
        "mean": 105.247364681882,
        "sd": 21.1241845452858,
        "q10": 86.7930969238281,
        "q25": 93.9642028808594,
        "q50": 101.981666564941,
        "q75": 110.918212890625,
        "q90": 124.625059509277,
        "label": "20100 GLUCOSE- BLOOD"
      },
      {
        "cohort": "c_b0475e53c4b385489d065b1eba846603",
        "track": "lab.20100",
        "dtime": "[2,3)",
        "dt": 2.5,
        "age": "[60,70)",
        "sex": "male",
        "count": 857,
        "mean": 107.392079356671,
        "sd": 18.9890879871529,
        "q10": 87.9279434204102,
        "q25": 95.9337310791016,
        "q50": 104.210327148438,
        "q75": 115.088996887207,
        "q90": 128.728604125977,
        "label": "20100 GLUCOSE- BLOOD"
      },
      {
        "cohort": "c_b0475e53c4b385489d065b1eba846603",
        "track": "lab.20100",
        "dtime": "[2,3)",
        "dt": 2.5,
        "age": "[60,70)",
        "sex": "female",
        "count": 893,
        "mean": 103.796370315125,
        "sd": 15.2123078331302,
        "q10": 85.9913589477539,
        "q25": 94.1112823486328,
        "q50": 102.303001403809,
        "q75": 110.699409484863,
        "q90": 121.912794494629,
        "label": "20100 GLUCOSE- BLOOD"
      },
      {
        "cohort": "c_b0475e53c4b385489d065b1eba846603",
        "track": "lab.20100",
        "dtime": "[3,4)",
        "dt": 3.5,
        "age": "[60,70)",
        "sex": "male",
        "count": 746,
        "mean": 224.10840130108,
        "sd": 3181.92410315299,
        "q10": 86.9848327636719,
        "q25": 95.0195732116699,
        "q50": 104.988479614258,
        "q75": 114.957893371582,
        "q90": 126.446369171143,
        "label": "20100 GLUCOSE- BLOOD"
      },
      {
        "cohort": "c_b0475e53c4b385489d065b1eba846603",
        "track": "lab.20100",
        "dtime": "[3,4)",
        "dt": 3.5,
        "age": "[60,70)",
        "sex": "female",
        "count": 795,
        "mean": 104.199004541553,
        "sd": 18.4842710424083,
        "q10": 85.9465789794922,
        "q25": 93.0701332092285,
        "q50": 102.161270141602,
        "q75": 110.348194122314,
        "q90": 123.016091918945,
        "label": "20100 GLUCOSE- BLOOD"
      },
      {
        "cohort": "c_b0475e53c4b385489d065b1eba846603",
        "track": "lab.20100",
        "dtime": "[4,5)",
        "dt": 4.5,
        "age": "[60,70)",
        "sex": "male",
        "count": 664,
        "mean": 109.080852715366,
        "sd": 21.5800012478613,
        "q10": 88.1007789611816,
        "q25": 95.9812526702881,
        "q50": 105.785526275635,
        "q75": 115.325931549072,
        "q90": 130.854005432129,
        "label": "20100 GLUCOSE- BLOOD"
      },
      {
        "cohort": "c_b0475e53c4b385489d065b1eba846603",
        "track": "lab.20100",
        "dtime": "[4,5)",
        "dt": 4.5,
        "age": "[60,70)",
        "sex": "female",
        "count": 711,
        "mean": 103.862708455232,
        "sd": 14.9458848419709,
        "q10": 87.0165328979492,
        "q25": 93.0610237121582,
        "q50": 102.223785400391,
        "q75": 110.857746124268,
        "q90": 121.321266174316,
        "label": "20100 GLUCOSE- BLOOD"
      }
    ],
    "figures": null
  },
  "id": "cae7646c-7a3a-4702-a52e-330f2e4c05b2"
}