{
  "data": {
    "messageType": "analysisDocument.report",
    "requestId": "e3bc1b7a-5f6b-447e-95da-46a2207646ab",
    "cohortIds": [
      "c_b0475e53c4b385489d065b1eba846603",
      "c_99e70e1c5f1b94ad5527b29e70d7125f",
      "c_56bef3eb6a1907d71a3fee360940931b"
    ],
    "type": "lab",
    "data": [
      {
        "cohort": "c_56bef3eb6a1907d71a3fee360940931b",
        "track": "lab.20100",
        "dtime": "[-5,-4)",
        "dt": -4.5,
        "age": "[60,70)",
        "sex": "male",
        "count": 191,
        "mean": 102.09735894328,
        "sd": 18.6579944381364,
        "q10": 84.3751449584961,
        "q25": 91.9429702758789,
        "q50": 99.1554336547852,
        "q75": 107.029815673828,
        "q90": 117.289024353027,
        "label": "20100 GLUCOSE- BLOOD"
      },
      {
        "cohort": "c_56bef3eb6a1907d71a3fee360940931b",
        "track": "lab.20100",
        "dtime": "[-5,-4)",
        "dt": -4.5,
        "age": "[60,70)",
        "sex": "female",
        "count": 289,
        "mean": 99.905632019043,
        "sd": 14.8281270076306,
        "q10": 84.8112411499023,
        "q25": 90.901725769043,
        "q50": 98.087158203125,
        "q75": 105.981826782227,
        "q90": 117.219917297363,
        "label": "20100 GLUCOSE- BLOOD"
      },
      {
        "cohort": "c_56bef3eb6a1907d71a3fee360940931b",
        "track": "lab.20100",
        "dtime": "[-4,-3)",
        "dt": -3.5,
        "age": "[60,70)",
        "sex": "male",
        "count": 220,
        "mean": 103.921041419289,
        "sd": 21.6437920206256,
        "q10": 85.2202529907227,
        "q25": 91.9303379058838,
        "q50": 99.986988067627,
        "q75": 109.31467628479,
        "q90": 126.37635269165,
        "label": "20100 GLUCOSE- BLOOD"
      },
      {
        "cohort": "c_56bef3eb6a1907d71a3fee360940931b",
        "track": "lab.20100",
        "dtime": "[-4,-3)",
        "dt": -3.5,
        "age": "[60,70)",
        "sex": "female",
        "count": 365,
        "mean": 100.895533250783,
        "sd": 15.1879057316046,
        "q10": 85.9506149291992,
        "q25": 91.0113220214844,
        "q50": 99.0959701538086,
        "q75": 106.329292297363,
        "q90": 117.557948303223,
        "label": "20100 GLUCOSE- BLOOD"
      },
      {
        "cohort": "c_56bef3eb6a1907d71a3fee360940931b",
        "track": "lab.20100",
        "dtime": "[-3,-2)",
        "dt": -2.5,
        "age": "[60,70)",
        "sex": "male",
        "count": 281,
        "mean": 102.898061799833,
        "sd": 17.7944580398725,
        "q10": 85.9923553466797,
        "q25": 91.9528732299805,
        "q50": 100.903099060059,
        "q75": 110.026237487793,
        "q90": 119.083137512207,
        "label": "20100 GLUCOSE- BLOOD"
      },
      {
        "cohort": "c_56bef3eb6a1907d71a3fee360940931b",
        "track": "lab.20100",
        "dtime": "[-3,-2)",
        "dt": -2.5,
        "age": "[60,70)",
        "sex": "female",
        "count": 460,
        "mean": 101.524746090433,
        "sd": 15.5550694531692,
        "q10": 84.1911117553711,
        "q25": 90.1318397521973,
        "q50": 100.075626373291,
        "q75": 108.916114807129,
        "q90": 118.334422302246,
        "label": "20100 GLUCOSE- BLOOD"
      },
      {
        "cohort": "c_56bef3eb6a1907d71a3fee360940931b",
        "track": "lab.20100",
        "dtime": "[-2,-1)",
        "dt": -1.5,
        "age": "[60,70)",
        "sex": "male",
        "count": 341,
        "mean": 105.473994548719,
        "sd": 19.9136883236602,
        "q10": 86.9003295898438,
        "q25": 93.0702743530273,
        "q50": 103.942749023438,
        "q75": 111.668823242188,
        "q90": 126.76708984375,
        "label": "20100 GLUCOSE- BLOOD"
      },
      {
        "cohort": "c_56bef3eb6a1907d71a3fee360940931b",
        "track": "lab.20100",
        "dtime": "[-2,-1)",
        "dt": -1.5,
        "age": "[60,70)",
        "sex": "female",
        "count": 540,
        "mean": 102.855597404197,
        "sd": 15.1618062844705,
        "q10": 86.9624244689941,
        "q25": 93.784158706665,
        "q50": 101.739185333252,
        "q75": 108.981290817261,
        "q90": 119.485321044922,
        "label": "20100 GLUCOSE- BLOOD"
      },
      {
        "cohort": "c_56bef3eb6a1907d71a3fee360940931b",
        "track": "lab.20100",
        "dtime": "[-1,0)",
        "dt": -0.5,
        "age": "[60,70)",
        "sex": "male",
        "count": 408,
        "mean": 108.815959481632,
        "sd": 24.6743253160545,
        "q10": 89.7498382568359,
        "q25": 96.7324924468994,
        "q50": 104.755935668945,
        "q75": 113.467018127441,
        "q90": 128.739414978027,
        "label": "20100 GLUCOSE- BLOOD"
      },
      {
        "cohort": "c_56bef3eb6a1907d71a3fee360940931b",
        "track": "lab.20100",
        "dtime": "[-1,0)",
        "dt": -0.5,
        "age": "[60,70)",
        "sex": "female",
        "count": 609,
        "mean": 104.885671405761,
        "sd": 19.7761037281217,
        "q10": 87.9431304931641,
        "q25": 94.9259262084961,
        "q50": 101.962417602539,
        "q75": 110.600662231445,
        "q90": 121.187966918945,
        "label": "20100 GLUCOSE- BLOOD"
      },
      {
        "cohort": "c_56bef3eb6a1907d71a3fee360940931b",
        "track": "lab.20100",
        "dtime": "[0,1)",
        "dt": 0.5,
        "age": "[60,70)",
        "sex": "male",
        "count": 439,
        "mean": 109.589946825032,
        "sd": 21.1443015229084,
        "q10": 88.9674835205078,
        "q25": 98.000732421875,
        "q50": 105.933288574219,
        "q75": 116.625171661377,
        "q90": 131.574008178711,
        "label": "20100 GLUCOSE- BLOOD"
      },
      {
        "cohort": "c_56bef3eb6a1907d71a3fee360940931b",
        "track": "lab.20100",
        "dtime": "[0,1)",
        "dt": 0.5,
        "age": "[60,70)",
        "sex": "female",
        "count": 630,
        "mean": 102.882081785656,
        "sd": 16.8424742174042,
        "q10": 86.0388458251953,
        "q25": 92.1050338745117,
        "q50": 101.9391746521,
        "q75": 109.781633377075,
        "q90": 117.933576202393,
        "label": "20100 GLUCOSE- BLOOD"
      },
      {
        "cohort": "c_56bef3eb6a1907d71a3fee360940931b",
        "track": "lab.20100",
        "dtime": "[1,2)",
        "dt": 1.5,
        "age": "[60,70)",
        "sex": "male",
        "count": 406,
        "mean": 109.522354821266,
        "sd": 24.0035210626197,
        "q10": 89.162223815918,
        "q25": 97.9164009094238,
        "q50": 105.080993652344,
        "q75": 115.1985912323,
        "q90": 131.963684082031,
        "label": "20100 GLUCOSE- BLOOD"
      },
      {
        "cohort": "c_56bef3eb6a1907d71a3fee360940931b",
        "track": "lab.20100",
        "dtime": "[1,2)",
        "dt": 1.5,
        "age": "[60,70)",
        "sex": "female",
        "count": 592,
        "mean": 105.139012143419,
        "sd": 21.7525157740044,
        "q10": 85.9250152587891,
        "q25": 93.9231033325195,
        "q50": 102.142406463623,
        "q75": 111.845975875854,
        "q90": 121.890557861328,
        "label": "20100 GLUCOSE- BLOOD"
      },
      {
        "cohort": "c_56bef3eb6a1907d71a3fee360940931b",
        "track": "lab.20100",
        "dtime": "[2,3)",
        "dt": 2.5,
        "age": "[60,70)",
        "sex": "male",
        "count": 370,
        "mean": 108.924175963531,
        "sd": 21.1527640372582,
        "q10": 86.9688209533691,
        "q25": 96.9463329315186,
        "q50": 106.121612548828,
        "q75": 114.909008026123,
        "q90": 130.110140991211,
        "label": "20100 GLUCOSE- BLOOD"
      },
      {
        "cohort": "c_56bef3eb6a1907d71a3fee360940931b",
        "track": "lab.20100",
        "dtime": "[2,3)",
        "dt": 2.5,
        "age": "[60,70)",
        "sex": "female",
        "count": 531,
        "mean": 106.10882443358,
        "sd": 18.5731574154928,
        "q10": 88.9006881713867,
        "q25": 95.1943893432617,
        "q50": 103.327537536621,
        "q75": 112.938709259033,
        "q90": 124.138832092285,
        "label": "20100 GLUCOSE- BLOOD"
      },
      {
        "cohort": "c_56bef3eb6a1907d71a3fee360940931b",
        "track": "lab.20100",
        "dtime": "[3,4)",
        "dt": 3.5,
        "age": "[60,70)",
        "sex": "male",
        "count": 322,
        "mean": 109.603668449828,
        "sd": 20.3605901844523,
        "q10": 87.9390815734863,
        "q25": 96.9969463348389,
        "q50": 106.309944152832,
        "q75": 117.286127090454,
        "q90": 130.932095336914,
        "label": "20100 GLUCOSE- BLOOD"
      },
      {
        "cohort": "c_56bef3eb6a1907d71a3fee360940931b",
        "track": "lab.20100",
        "dtime": "[3,4)",
        "dt": 3.5,
        "age": "[60,70)",
        "sex": "female",
        "count": 467,
        "mean": 105.886951699757,
        "sd": 18.2343625644235,
        "q10": 87.0905288696289,
        "q25": 94.925708770752,
        "q50": 103.971908569336,
        "q75": 112.024669647217,
        "q90": 123.102990722656,
        "label": "20100 GLUCOSE- BLOOD"
      },
      {
        "cohort": "c_56bef3eb6a1907d71a3fee360940931b",
        "track": "lab.20100",
        "dtime": "[4,5)",
        "dt": 4.5,
        "age": "[60,70)",
        "sex": "male",
        "count": 293,
        "mean": 106.298141479492,
        "sd": 20.9554829646817,
        "q10": 86.9969436645508,
        "q25": 94.2695465087891,
        "q50": 103.931343078613,
        "q75": 111.219200134277,
        "q90": 126.938171386719,
        "label": "20100 GLUCOSE- BLOOD"
      },
      {
        "cohort": "c_56bef3eb6a1907d71a3fee360940931b",
        "track": "lab.20100",
        "dtime": "[4,5)",
        "dt": 4.5,
        "age": "[60,70)",
        "sex": "female",
        "count": 415,
        "mean": 104.281191299622,
        "sd": 18.4762838016566,
        "q10": 87.1619003295899,
        "q25": 93.9255981445312,
        "q50": 101.969421386719,
        "q75": 111.09440612793,
        "q90": 121.851742553711,
        "label": "20100 GLUCOSE- BLOOD"
      },
      {
        "cohort": "c_99e70e1c5f1b94ad5527b29e70d7125f",
        "track": "lab.20100",
        "dtime": "[-5,-4)",
        "dt": -4.5,
        "age": "[60,70)",
        "sex": "male",
        "count": 1012,
        "mean": 104.551021413841,
        "sd": 19.0194993537125,
        "q10": 86.2017852783203,
        "q25": 93.0022869110107,
        "q50": 102.862682342529,
        "q75": 111.944805145264,
        "q90": 123.246084594727,
        "label": "20100 GLUCOSE- BLOOD"
      },
      {
        "cohort": "c_99e70e1c5f1b94ad5527b29e70d7125f",
        "track": "lab.20100",
        "dtime": "[-5,-4)",
        "dt": -4.5,
        "age": "[60,70)",
        "sex": "female",
        "count": 1007,
        "mean": 101.437620388361,
        "sd": 16.4391951731578,
        "q10": 84.3148788452148,
        "q25": 90.9918365478516,
        "q50": 99.2742156982422,
        "q75": 107.019756317139,
        "q90": 119.232800292969,
        "label": "20100 GLUCOSE- BLOOD"
      },
      {
        "cohort": "c_99e70e1c5f1b94ad5527b29e70d7125f",
        "track": "lab.20100",
        "dtime": "[-4,-3)",
        "dt": -3.5,
        "age": "[60,70)",
        "sex": "male",
        "count": 1243,
        "mean": 105.097502017155,
        "sd": 19.0933859447986,
        "q10": 87.0112533569336,
        "q25": 94.0277824401855,
        "q50": 102.921348571777,
        "q75": 111.1376953125,
        "q90": 123.402488708496,
        "label": "20100 GLUCOSE- BLOOD"
      },
      {
        "cohort": "c_99e70e1c5f1b94ad5527b29e70d7125f",
        "track": "lab.20100",
        "dtime": "[-4,-3)",
        "dt": -3.5,
        "age": "[60,70)",
        "sex": "female",
        "count": 1245,
        "mean": 101.469191162845,
        "sd": 16.0087455593808,
        "q10": 84.9725402832031,
        "q25": 91.1426162719727,
        "q50": 100.010231018066,
        "q75": 107.980895996094,
        "q90": 116.692085266113,
        "label": "20100 GLUCOSE- BLOOD"
      },
      {
        "cohort": "c_99e70e1c5f1b94ad5527b29e70d7125f",
        "track": "lab.20100",
        "dtime": "[-3,-2)",
        "dt": -2.5,
        "age": "[60,70)",
        "sex": "male",
        "count": 1561,
        "mean": 105.785305082454,
        "sd": 20.1822875840099,
        "q10": 87.3909454345703,
        "q25": 93.9817276000977,
        "q50": 103.682556152344,
        "q75": 113.051231384277,
        "q90": 124.111320495605,
        "label": "20100 GLUCOSE- BLOOD"
      },
      {
        "cohort": "c_99e70e1c5f1b94ad5527b29e70d7125f",
        "track": "lab.20100",
        "dtime": "[-3,-2)",
        "dt": -2.5,
        "age": "[60,70)",
        "sex": "female",
        "count": 1496,
        "mean": 102.96329240748,
        "sd": 18.540965829943,
        "q10": 85.9862174987793,
        "q25": 92.0784130096436,
        "q50": 100.074760437012,
        "q75": 109.064041137695,
        "q90": 120.762351989746,
        "label": "20100 GLUCOSE- BLOOD"
      },
      {
        "cohort": "c_99e70e1c5f1b94ad5527b29e70d7125f",
        "track": "lab.20100",
        "dtime": "[-2,-1)",
        "dt": -1.5,
        "age": "[60,70)",
        "sex": "male",
        "count": 1731,
        "mean": 106.607294262248,
        "sd": 19.0983486490717,
        "q10": 87.9636077880859,
        "q25": 95.0724906921387,
        "q50": 103.987983703613,
        "q75": 113.354679107666,
        "q90": 125.728828430176,
        "label": "20100 GLUCOSE- BLOOD"
      },
      {
        "cohort": "c_99e70e1c5f1b94ad5527b29e70d7125f",
        "track": "lab.20100",
        "dtime": "[-2,-1)",
        "dt": -1.5,
        "age": "[60,70)",
        "sex": "female",
        "count": 1647,
        "mean": 103.344904799424,
        "sd": 18.4348911130104,
        "q10": 86.9056579589844,
        "q25": 93.4640655517578,
        "q50": 101.183433532715,
        "q75": 108.991622924805,
        "q90": 120.33920135498,
        "label": "20100 GLUCOSE- BLOOD"
      },
      {
        "cohort": "c_99e70e1c5f1b94ad5527b29e70d7125f",
        "track": "lab.20100",
        "dtime": "[-1,0)",
        "dt": -0.5,
        "age": "[60,70)",
        "sex": "male",
        "count": 1836,
        "mean": 107.782366769246,
        "sd": 20.5198002671922,
        "q10": 87.966381072998,
        "q25": 95.999605178833,
        "q50": 104.915412902832,
        "q75": 114.21502494812,
        "q90": 128.176330566406,
        "label": "20100 GLUCOSE- BLOOD"
      },
      {
        "cohort": "c_99e70e1c5f1b94ad5527b29e70d7125f",
        "track": "lab.20100",
        "dtime": "[-1,0)",
        "dt": -0.5,
        "age": "[60,70)",
        "sex": "female",
        "count": 1771,
        "mean": 103.996915079523,
        "sd": 16.4925599096112,
        "q10": 87.9010238647461,
        "q25": 95.0441360473633,
        "q50": 102.01651763916,
        "q75": 109.531707763672,
        "q90": 119.220710754395,
        "label": "20100 GLUCOSE- BLOOD"
      },
      {
        "cohort": "c_99e70e1c5f1b94ad5527b29e70d7125f",
        "track": "lab.20100",
        "dtime": "[0,1)",
        "dt": 0.5,
        "age": "[60,70)",
        "sex": "male",
        "count": 1831,
        "mean": 119.930033433249,
        "sd": 519.466201753026,
        "q10": 88.9066696166992,
        "q25": 95.3758392333984,
        "q50": 104.944816589355,
        "q75": 115.037063598633,
        "q90": 127.091667175293,
        "label": "20100 GLUCOSE- BLOOD"
      },
      {
        "cohort": "c_99e70e1c5f1b94ad5527b29e70d7125f",
        "track": "lab.20100",
        "dtime": "[0,1)",
        "dt": 0.5,
        "age": "[60,70)",
        "sex": "female",
        "count": 1754,
        "mean": 104.182930782148,
        "sd": 17.3936932558699,
        "q10": 86.9167121887207,
        "q25": 94.3368625640869,
        "q50": 102.074359893799,
        "q75": 110.548585891724,
        "q90": 121.492398071289,
        "label": "20100 GLUCOSE- BLOOD"
      },
      {
        "cohort": "c_99e70e1c5f1b94ad5527b29e70d7125f",
        "track": "lab.20100",
        "dtime": "[1,2)",
        "dt": 1.5,
        "age": "[60,70)",
        "sex": "male",
        "count": 1600,
        "mean": 107.954924721718,
        "sd": 22.0888231147737,
        "q10": 88.2960464477539,
        "q25": 95.3316383361816,
        "q50": 104.166324615479,
        "q75": 114.328905105591,
        "q90": 128.296699523926,
        "label": "20100 GLUCOSE- BLOOD"
      },
      {
        "cohort": "c_99e70e1c5f1b94ad5527b29e70d7125f",
        "track": "lab.20100",
        "dtime": "[1,2)",
        "dt": 1.5,
        "age": "[60,70)",
        "sex": "female",
        "count": 1577,
        "mean": 104.010755902994,
        "sd": 17.6369163100318,
        "q10": 86.9115997314453,
        "q25": 93.9577331542969,
        "q50": 102.060195922852,
        "q75": 110.255874633789,
        "q90": 121.129266357422,
        "label": "20100 GLUCOSE- BLOOD"
      },
      {
        "cohort": "c_99e70e1c5f1b94ad5527b29e70d7125f",
        "track": "lab.20100",
        "dtime": "[2,3)",
        "dt": 2.5,
        "age": "[60,70)",
        "sex": "male",
        "count": 1402,
        "mean": 107.461962323046,
        "sd": 22.3010353806315,
        "q10": 87.2873886108398,
        "q25": 94.9801235198975,
        "q50": 104.304817199707,
        "q75": 113.957164764404,
        "q90": 127.887370300293,
        "label": "20100 GLUCOSE- BLOOD"
      },
      {
        "cohort": "c_99e70e1c5f1b94ad5527b29e70d7125f",
        "track": "lab.20100",
        "dtime": "[2,3)",
        "dt": 2.5,
        "age": "[60,70)",
        "sex": "female",
        "count": 1383,
        "mean": 103.636663090726,
        "sd": 17.004052266466,
        "q10": 86.1634140014648,
        "q25": 93.2199211120605,
        "q50": 101.922920227051,
        "q75": 110.065990447998,
        "q90": 120.750117492676,
        "label": "20100 GLUCOSE- BLOOD"
      },
      {
        "cohort": "c_99e70e1c5f1b94ad5527b29e70d7125f",
        "track": "lab.20100",
        "dtime": "[3,4)",
        "dt": 3.5,
        "age": "[60,70)",
        "sex": "male",
        "count": 1213,
        "mean": 107.093461039041,
        "sd": 22.4699291101533,
        "q10": 88.0478393554688,
        "q25": 95.2351684570312,
        "q50": 105.009201049805,
        "q75": 113.588829040527,
        "q90": 126.137825012207,
        "label": "20100 GLUCOSE- BLOOD"
      },
      {
        "cohort": "c_99e70e1c5f1b94ad5527b29e70d7125f",
        "track": "lab.20100",
        "dtime": "[3,4)",
        "dt": 3.5,
        "age": "[60,70)",
        "sex": "female",
        "count": 1190,
        "mean": 104.861385723723,
        "sd": 17.397995348366,
        "q10": 86.9236373901367,
        "q25": 94.734992980957,
        "q50": 102.948402404785,
        "q75": 111.921255111694,
        "q90": 123.30224609375,
        "label": "20100 GLUCOSE- BLOOD"
      },
      {
        "cohort": "c_99e70e1c5f1b94ad5527b29e70d7125f",
        "track": "lab.20100",
        "dtime": "[4,5)",
        "dt": 4.5,
        "age": "[60,70)",
        "sex": "male",
        "count": 1053,
        "mean": 106.647096059714,
        "sd": 19.2509468176244,
        "q10": 86.9094192504883,
        "q25": 94.498649597168,
        "q50": 104.618721008301,
        "q75": 113.364753723145,
        "q90": 125.937159729004,
        "label": "20100 GLUCOSE- BLOOD"
      },
      {
        "cohort": "c_99e70e1c5f1b94ad5527b29e70d7125f",
        "track": "lab.20100",
        "dtime": "[4,5)",
        "dt": 4.5,
        "age": "[60,70)",
        "sex": "female",
        "count": 1048,
        "mean": 103.946975766247,
        "sd": 21.1381372486698,
        "q10": 86.0809463500977,
        "q25": 93.7305870056152,
        "q50": 102.086437225342,
        "q75": 110.303091049194,
        "q90": 119.792487335205,
        "label": "20100 GLUCOSE- BLOOD"
      },
      {
        "cohort": "c_b0475e53c4b385489d065b1eba846603",
        "track": "lab.20100",
        "dtime": "[-5,-4)",
        "dt": -4.5,
        "age": "[60,70)",
        "sex": "male",
        "count": 549,
        "mean": 105.049797878022,
        "sd": 19.0389125964768,
        "q10": 87.0230712890625,
        "q25": 93.2488555908203,
        "q50": 102.92147064209,
        "q75": 111.84300994873,
        "q90": 124.005928039551,
        "label": "20100 GLUCOSE- BLOOD"
      },
      {
        "cohort": "c_b0475e53c4b385489d065b1eba846603",
        "track": "lab.20100",
        "dtime": "[-5,-4)",
        "dt": -4.5,
        "age": "[60,70)",
        "sex": "female",
        "count": 658,
        "mean": 101.193495208369,
        "sd": 15.2667310517929,
        "q10": 85.0867790222168,
        "q25": 91.0456600189209,
        "q50": 100.448787689209,
        "q75": 108.174968719482,
        "q90": 116.949141693115,
        "label": "20100 GLUCOSE- BLOOD"
      },
      {
        "cohort": "c_b0475e53c4b385489d065b1eba846603",
        "track": "lab.20100",
        "dtime": "[-4,-3)",
        "dt": -3.5,
        "age": "[60,70)",
        "sex": "male",
        "count": 716,
        "mean": 106.226997652533,
        "sd": 20.6077553729527,
        "q10": 87.5524635314941,
        "q25": 94.1313209533691,
        "q50": 103.140941619873,
        "q75": 112.30099105835,
        "q90": 125.655548095703,
        "label": "20100 GLUCOSE- BLOOD"
      },
      {
        "cohort": "c_b0475e53c4b385489d065b1eba846603",
        "track": "lab.20100",
        "dtime": "[-4,-3)",
        "dt": -3.5,
        "age": "[60,70)",
        "sex": "female",
        "count": 805,
        "mean": 102.672532217843,
        "sd": 20.6044061971246,
        "q10": 85.9409866333008,
        "q25": 92.1415786743164,
        "q50": 100.050270080566,
        "q75": 107.93724822998,
        "q90": 120.493153381348,
        "label": "20100 GLUCOSE- BLOOD"
      },
      {
        "cohort": "c_b0475e53c4b385489d065b1eba846603",
        "track": "lab.20100",
        "dtime": "[-3,-2)",
        "dt": -2.5,
        "age": "[60,70)",
        "sex": "male",
        "count": 914,
        "mean": 105.882390779792,
        "sd": 18.7344128583049,
        "q10": 87.0829231262207,
        "q25": 94.5253162384033,
        "q50": 103.649024963379,
        "q75": 111.936372756958,
        "q90": 124.353061676025,
        "label": "20100 GLUCOSE- BLOOD"
      },
      {
        "cohort": "c_b0475e53c4b385489d065b1eba846603",
        "track": "lab.20100",
        "dtime": "[-3,-2)",
        "dt": -2.5,
        "age": "[60,70)",
        "sex": "female",
        "count": 986,
        "mean": 102.776503858895,
        "sd": 19.6031074793604,
        "q10": 85.0991706848145,
        "q25": 91.9785671234131,
        "q50": 100.915912628174,
        "q75": 108.91508102417,
        "q90": 119.922672271729,
        "label": "20100 GLUCOSE- BLOOD"
      },
      {
        "cohort": "c_b0475e53c4b385489d065b1eba846603",
        "track": "lab.20100",
        "dtime": "[-2,-1)",
        "dt": -1.5,
        "age": "[60,70)",
        "sex": "male",
        "count": 1001,
        "mean": 107.292773152446,
        "sd": 21.2472411650165,
        "q10": 86.9916687011719,
        "q25": 94.9346542358398,
        "q50": 104.223625183105,
        "q75": 113.967109680176,
        "q90": 128.901306152344,
        "label": "20100 GLUCOSE- BLOOD"
      },
      {
        "cohort": "c_b0475e53c4b385489d065b1eba846603",
        "track": "lab.20100",
        "dtime": "[-2,-1)",
        "dt": -1.5,
        "age": "[60,70)",
        "sex": "female",
        "count": 1054,
        "mean": 103.683823804475,
        "sd": 19.700635048644,
        "q10": 85.985343170166,
        "q25": 93.0644702911377,
        "q50": 101.219345092773,
        "q75": 109.956331253052,
        "q90": 120.08690032959,
        "label": "20100 GLUCOSE- BLOOD"
      },
      {
        "cohort": "c_b0475e53c4b385489d065b1eba846603",
        "track": "lab.20100",
        "dtime": "[-1,0)",
        "dt": -0.5,
        "age": "[60,70)",
        "sex": "male",
        "count": 1078,
        "mean": 107.965533707712,
        "sd": 23.2569958969051,
        "q10": 88.0360427856445,
        "q25": 96.0362606048584,
        "q50": 104.15735244751,
        "q75": 113.465709686279,
        "q90": 125.947510528564,
        "label": "20100 GLUCOSE- BLOOD"
      },
      {
        "cohort": "c_b0475e53c4b385489d065b1eba846603",
        "track": "lab.20100",
        "dtime": "[-1,0)",
        "dt": -0.5,
        "age": "[60,70)",
        "sex": "female",
        "count": 1110,
        "mean": 103.556017623077,
        "sd": 18.0206432135022,
        "q10": 86.1289680480957,
        "q25": 92.9954814910889,
        "q50": 101.23766708374,
        "q75": 109.977533340454,
        "q90": 121.322210693359,
        "label": "20100 GLUCOSE- BLOOD"
      },
      {
        "cohort": "c_b0475e53c4b385489d065b1eba846603",
        "track": "lab.20100",
        "dtime": "[0,1)",
        "dt": 0.5,
        "age": "[60,70)",
        "sex": "male",
        "count": 1067,
        "mean": 107.0402001557,
        "sd": 21.9892555515485,
        "q10": 87.2597946166992,
        "q25": 94.2214164733887,
        "q50": 104.054161071777,
        "q75": 113.566989898682,
        "q90": 126.13127746582,
        "label": "20100 GLUCOSE- BLOOD"
      },
      {
        "cohort": "c_b0475e53c4b385489d065b1eba846603",
        "track": "lab.20100",
        "dtime": "[0,1)",
        "dt": 0.5,
        "age": "[60,70)",
        "sex": "female",
        "count": 1116,
        "mean": 103.9165832082,
        "sd": 19.0359293771411,
        "q10": 86.9220390319824,
        "q25": 93.9941234588623,
        "q50": 101.99015045166,
        "q75": 110.196334838867,
        "q90": 119.858509063721,
        "label": "20100 GLUCOSE- BLOOD"
      },
      {
        "cohort": "c_b0475e53c4b385489d065b1eba846603",
        "track": "lab.20100",
        "dtime": "[1,2)",
        "dt": 1.5,
        "age": "[60,70)",
        "sex": "male",
        "count": 961,
        "mean": 107.916104756334,
        "sd": 23.9086542102914,
        "q10": 87.980339050293,
        "q25": 95.9561767578125,
        "q50": 104.991455078125,
        "q75": 113.405853271484,
        "q90": 125.921020507812,
        "label": "20100 GLUCOSE- BLOOD"
      },
      {
        "cohort": "c_b0475e53c4b385489d065b1eba846603",
        "track": "lab.20100",
        "dtime": "[1,2)",
        "dt": 1.5,
        "age": "[60,70)",
        "sex": "female",
        "count": 999,
        "mean": 104.487464752045,
        "sd": 18.2070053026331,
        "q10": 86.3503784179688,
        "q25": 93.3175926208496,
        "q50": 102.018402099609,
        "q75": 111.227531433105,
        "q90": 122.127784729004,
        "label": "20100 GLUCOSE- BLOOD"
      },
      {
        "cohort": "c_b0475e53c4b385489d065b1eba846603",
        "track": "lab.20100",
        "dtime": "[2,3)",
        "dt": 2.5,
        "age": "[60,70)",
        "sex": "male",
        "count": 857,
        "mean": 108.484430453324,
        "sd": 22.6554805319239,
        "q10": 88.1232635498047,
        "q25": 96.2100677490234,
        "q50": 104.961814880371,
        "q75": 114.388114929199,
        "q90": 128.745166015625,
        "label": "20100 GLUCOSE- BLOOD"
      },
      {
        "cohort": "c_b0475e53c4b385489d065b1eba846603",
        "track": "lab.20100",
        "dtime": "[2,3)",
        "dt": 2.5,
        "age": "[60,70)",
        "sex": "female",
        "count": 893,
        "mean": 105.02917214337,
        "sd": 21.626831067448,
        "q10": 86.6600036621094,
        "q25": 93.9347076416016,
        "q50": 102.904342651367,
        "q75": 111.654815673828,
        "q90": 123.356874084473,
        "label": "20100 GLUCOSE- BLOOD"
      },
      {
        "cohort": "c_b0475e53c4b385489d065b1eba846603",
        "track": "lab.20100",
        "dtime": "[3,4)",
        "dt": 3.5,
        "age": "[60,70)",
        "sex": "male",
        "count": 746,
        "mean": 222.796662215573,
        "sd": 3181.95009125521,
        "q10": 86.9219551086426,
        "q25": 94.9373302459717,
        "q50": 104.165336608887,
        "q75": 113.116800308228,
        "q90": 124.444995880127,
        "label": "20100 GLUCOSE- BLOOD"
      },
      {
        "cohort": "c_b0475e53c4b385489d065b1eba846603",
        "track": "lab.20100",
        "dtime": "[3,4)",
        "dt": 3.5,
        "age": "[60,70)",
        "sex": "female",
        "count": 795,
        "mean": 104.711012114519,
        "sd": 19.4354553967514,
        "q10": 86.8742858886719,
        "q25": 93.4300231933594,
        "q50": 102.191719055176,
        "q75": 110.524475097656,
        "q90": 122.194430541992,
        "label": "20100 GLUCOSE- BLOOD"
      },
      {
        "cohort": "c_b0475e53c4b385489d065b1eba846603",
        "track": "lab.20100",
        "dtime": "[4,5)",
        "dt": 4.5,
        "age": "[60,70)",
        "sex": "male",
        "count": 664,
        "mean": 107.145479478032,
        "sd": 20.3182818231604,
        "q10": 86.9886772155762,
        "q25": 94.3290119171143,
        "q50": 103.990528106689,
        "q75": 114.672576904297,
        "q90": 129.933473205566,
        "label": "20100 GLUCOSE- BLOOD"
      },
      {
        "cohort": "c_b0475e53c4b385489d065b1eba846603",
        "track": "lab.20100",
        "dtime": "[4,5)",
        "dt": 4.5,
        "age": "[60,70)",
        "sex": "female",
        "count": 711,
        "mean": 104.324361734082,
        "sd": 17.2554365176776,
        "q10": 87.9720764160156,
        "q25": 93.2948417663574,
        "q50": 101.994438171387,
        "q75": 110.966419219971,
        "q90": 122.378944396973,
        "label": "20100 GLUCOSE- BLOOD"
      }
    ],
    "figures": null
  },
  "id": "df876597-e0ca-4fd1-a792-4e38f67fcb4e"
}