{
  "data": {
    "type": "prevalence",
    "data": null,
    "figures": {
      "data": [
        {
          "x": [
            10,
            25,
            35,
            45,
            55,
            65,
            75,
            100
          ],
          "y": [
            0,
            9.83668538881052e-06,
            4.99563105915945e-05,
            9.84295892167431e-05,
            0.000490676628951569,
            0.000954928245244238,
            0.00158230152631508,
            0.00358881127684666
          ],
          "text": [
            "age_mid:  10<br />est: 0.000000e+00<br />lwr.ci: 0.000000e+00<br />upr.ci: 0.000000e+00<br />sex: male",
            "age_mid:  25<br />est: 9.836685e-06<br />lwr.ci: 8.949277e-06<br />upr.ci: 1.072409e-05<br />sex: male",
            "age_mid:  35<br />est: 4.995631e-05<br />lwr.ci: 4.813942e-05<br />upr.ci: 5.177320e-05<br />sex: male",
            "age_mid:  45<br />est: 9.842959e-05<br />lwr.ci: 9.534650e-05<br />upr.ci: 1.015127e-04<br />sex: male",
            "age_mid:  55<br />est: 4.906766e-04<br />lwr.ci: 4.831212e-04<br />upr.ci: 4.982321e-04<br />sex: male",
            "age_mid:  65<br />est: 9.549282e-04<br />lwr.ci: 9.424487e-04<br />upr.ci: 9.674078e-04<br />sex: male",
            "age_mid:  75<br />est: 1.582302e-03<br />lwr.ci: 1.558027e-03<br />upr.ci: 1.606576e-03<br />sex: male",
            "age_mid: 100<br />est: 3.588811e-03<br />lwr.ci: 3.509075e-03<br />upr.ci: 3.668547e-03<br />sex: male"
          ],
          "type": "scatter",
          "mode": "lines",
          "opacity": 1,
          "line": {
            "color": "rgba(51,102,204,1)",
            "width": 3.77952755905512,
            "dash": "solid"
          },
          "error_y": {
            "array": [
              0,
              8.87408812194787e-07,
              1.81689275829751e-06,
              3.08309215158059e-06,
              7.5554410469569e-06,
              1.24795858014122e-05,
              2.42746493673192e-05,
              7.97361222990155e-05
            ],
            "arrayminus": [
              0,
              8.87408812194787e-07,
              1.81689275829751e-06,
              3.08309215158059e-06,
              7.55544104695684e-06,
              1.24795858014122e-05,
              2.42746493673192e-05,
              7.97361222990155e-05
            ],
            "type": "data",
            "width": 1.92019201920192,
            "symmetric": false,
            "color": "rgba(51,102,204,1)"
          },
          "name": "male",
          "legendgroup": "male",
          "showlegend": true,
          "xaxis": "x",
          "yaxis": "y",
          "hoverinfo": "text",
          "hoveron": "points",
          "frame": null
        },
        {
          "x": [
            10,
            25,
            35,
            45,
            55,
            65,
            75,
            100
          ],
          "y": [
            0,
            6.67471775725801e-06,
            3.42141174744763e-05,
            5.07057168672745e-05,
            0.000352410654244063,
            0.000753043207379115,
            0.00113578110713317,
            0.00230374801067562
          ],
          "text": [
            "age_mid:  10<br />est: 0.000000e+00<br />lwr.ci: 0.000000e+00<br />upr.ci: 0.000000e+00<br />sex: female",
            "age_mid:  25<br />est: 6.674718e-06<br />lwr.ci: 5.906507e-06<br />upr.ci: 7.442929e-06<br />sex: female",
            "age_mid:  35<br />est: 3.421412e-05<br />lwr.ci: 3.265801e-05<br />upr.ci: 3.577023e-05<br />sex: female",
            "age_mid:  45<br />est: 5.070572e-05<br />lwr.ci: 4.855896e-05<br />upr.ci: 5.285247e-05<br />sex: female",
            "age_mid:  55<br />est: 3.524107e-04<br />lwr.ci: 3.465157e-04<br />upr.ci: 3.583056e-04<br />sex: female",
            "age_mid:  65<br />est: 7.530432e-04<br />lwr.ci: 7.430760e-04<br />upr.ci: 7.630104e-04<br />sex: female",
            "age_mid:  75<br />est: 1.135781e-03<br />lwr.ci: 1.119298e-03<br />upr.ci: 1.152264e-03<br />sex: female",
            "age_mid: 100<br />est: 2.303748e-03<br />lwr.ci: 2.261461e-03<br />upr.ci: 2.346035e-03<br />sex: female"
          ],
          "type": "scatter",
          "mode": "lines",
          "opacity": 1,
          "line": {
            "color": "rgba(220,57,18,1)",
            "width": 3.77952755905512,
            "dash": "solid"
          },
          "error_y": {
            "array": [
              0,
              7.682110482431e-07,
              1.55610913326435e-06,
              2.14675716799772e-06,
              5.89495138098397e-06,
              9.96720301468389e-06,
              1.64829025666533e-05,
              4.22869665224531e-05
            ],
            "arrayminus": [
              0,
              7.682110482431e-07,
              1.55610913326435e-06,
              2.14675716799772e-06,
              5.89495138098397e-06,
              9.96720301468389e-06,
              1.64829025666533e-05,
              4.22869665224531e-05
            ],
            "type": "data",
            "width": 1.92019201920192,
            "symmetric": false,
            "color": "rgba(220,57,18,1)"
          },
          "name": "female",
          "legendgroup": "female",
          "showlegend": true,
          "xaxis": "x",
          "yaxis": "y",
          "hoverinfo": "text",
          "hoveron": "points",
          "frame": null
        }
      ],
      "layout": {
        "margin": {
          "t": 25.7412480974125,
          "r": 7.30593607305936,
          "b": 39.6955859969559,
          "l": 54.7945205479452
        },
        "plot_bgcolor": "rgba(255,255,255,1)",
        "paper_bgcolor": "rgba(255,255,255,1)",
        "font": {
          "color": "rgba(0,0,0,1)",
          "family": "",
          "size": 14.6118721461187
        },
        "xaxis": {
          "domain": [
            0,
            1
          ],
          "automargin": true,
          "type": "linear",
          "autorange": false,
          "range": [
            5.005,
            104.995
          ],
          "tickmode": "array",
          "ticktext": [
            "25",
            "50",
            "75",
            "100"
          ],
          "tickvals": [
            25,
            50,
            75,
            100
          ],
          "categoryorder": "array",
          "categoryarray": [
            "25",
            "50",
            "75",
            "100"
          ],
          "nticks": null,
          "ticks": "outside",
          "tickcolor": "rgba(51,51,51,1)",
          "ticklen": 3.65296803652968,
          "tickwidth": 0.66417600664176,
          "showticklabels": true,
          "tickfont": {
            "color": "rgba(77,77,77,1)",
            "family": "",
            "size": 11.689497716895
          },
          "tickangle": 0,
          "showline": false,
          "linecolor": null,
          "linewidth": 0,
          "showgrid": true,
          "gridcolor": "rgba(235,235,235,1)",
          "gridwidth": 0.66417600664176,
          "zeroline": false,
          "anchor": "y",
          "title": {
            "text": "Age",
            "font": {
              "color": "rgba(0,0,0,1)",
              "family": "",
              "size": 14.6118721461187
            }
          },
          "hoverformat": ".2f"
        },
        "yaxis": {
          "domain": [
            0,
            1
          ],
          "automargin": true,
          "type": "linear",
          "autorange": false,
          "range": [
            -0.000183427369957284,
            0.00385197476910296
          ],
          "tickmode": "array",
          "ticktext": [
            "0.000",
            "0.001",
            "0.002",
            "0.003"
          ],
          "tickvals": [
            0,
            0.001,
            0.002,
            0.003
          ],
          "categoryorder": "array",
          "categoryarray": [
            "0.000",
            "0.001",
            "0.002",
            "0.003"
          ],
          "nticks": null,
          "ticks": "outside",
          "tickcolor": "rgba(51,51,51,1)",
          "ticklen": 3.65296803652968,
          "tickwidth": 0.66417600664176,
          "showticklabels": true,
          "tickfont": {
            "color": "rgba(77,77,77,1)",
            "family": "",
            "size": 11.689497716895
          },
          "tickangle": 0,
          "showline": false,
          "linecolor": null,
          "linewidth": 0,
          "showgrid": true,
          "gridcolor": "rgba(235,235,235,1)",
          "gridwidth": 0.66417600664176,
          "zeroline": false,
          "anchor": "x",
          "title": {
            "text": "Prevalence",
            "font": {
              "color": "rgba(0,0,0,1)",
              "family": "",
              "size": 14.6118721461187
            }
          },
          "hoverformat": ".2f"
        },
        "shapes": [
          {
            "type": "rect",
            "fillcolor": "transparent",
            "line": {
              "color": "rgba(51,51,51,1)",
              "width": 0.66417600664176,
              "linetype": "solid"
            },
            "yref": "paper",
            "xref": "paper",
            "x0": 0,
            "x1": 1,
            "y0": 0,
            "y1": 1
          }
        ],
        "showlegend": true,
        "legend": {
          "bgcolor": "rgba(255,255,255,1)",
          "bordercolor": "transparent",
          "borderwidth": 1.88976377952756,
          "font": {
            "color": "rgba(0,0,0,1)",
            "family": "",
            "size": 11.689497716895
          },
          "title": {
            "text": "",
            "font": {
              "color": "rgba(0,0,0,1)",
              "family": "",
              "size": 14.6118721461187
            }
          }
        },
        "hovermode": "closest",
        "barmode": "relative"
      }
    },
    "messageType": "chronicDiseaseCohorts.report",
    "requestId": "f25119e9-b260-4ac3-a7fb-662c365d8673",
    "cohortId": "c_edbee38d9f7f9c93ea8c706c6304b4e7"
  },
  "id": "d056960a-91bc-49cd-881e-d8077cb55f31"
}