{
  "messageType": "chronicDiseaseCohorts.genReport",
  "cohortId": "c_4e119a7b3d6488e8bfae3b8a184279f2",
  "report": {
    "type": "age_gender",
    "timeScope": [
      {
        "day": 1,
        "month": 1,
        "year": 2004
      },
      {
        "day": 1,
        "month": 1,
        "year": 2018
      }
    ],
    "ageBreaks": [
      0,
      20,
      30,
      40,
      50,
      60,
      70,
      80,
      120
    ],
    "colors": {
      "male": "#3366cc",
      "female": "#dc3912"
    }
  }
}