{
  "data": {
    "messageType": "analysisDocument.report",
    "requestId": "1590c853-d9f4-4cab-a0df-218d1c86f198",
    "NA": null,
    "cohortIds": [
      "c_79b7bedd53776ecb75c2c8e42b01997f",
      "c_304ba6a56f0a55408fffeb33c57eb6cc",
      "c_3fec116466a007cbef77008da3eaedc9",
      "c_7a43cf1b93cde9ef4db07e1a5013111f"
    ],
    "type": "age_gender",
    "data": null,
    "figures": {
      "data": [
        {
          "orientation": "v",
          "width": [
            0.225,
            0.225,
            0.225000000000001,
            0.225000000000001,
            0.225,
            0.225,
            0.225,
            0.225
          ],
          "base": [
            0,
            0,
            0,
            0,
            0,
            0,
            0,
            0
          ],
          "x": [
            0.6625,
            1.6625,
            2.6625,
            3.6625,
            4.6625,
            5.6625,
            6.6625,
            7.6625
          ],
          "y": [
            0,
            431,
            798,
            1182,
            1793,
            1330,
            481,
            82
          ],
          "text": [
            "age: [0,20)<br />n:    0<br />cohort: cohort.5Fc.5F79b7bedd53776ecb75c2c8e42b01997f",
            "age: [20,30)<br />n:  431<br />cohort: cohort.5Fc.5F79b7bedd53776ecb75c2c8e42b01997f",
            "age: [30,40)<br />n:  798<br />cohort: cohort.5Fc.5F79b7bedd53776ecb75c2c8e42b01997f",
            "age: [40,50)<br />n: 1182<br />cohort: cohort.5Fc.5F79b7bedd53776ecb75c2c8e42b01997f",
            "age: [50,60)<br />n: 1793<br />cohort: cohort.5Fc.5F79b7bedd53776ecb75c2c8e42b01997f",
            "age: [60,70)<br />n: 1330<br />cohort: cohort.5Fc.5F79b7bedd53776ecb75c2c8e42b01997f",
            "age: [70,80)<br />n:  481<br />cohort: cohort.5Fc.5F79b7bedd53776ecb75c2c8e42b01997f",
            "age: [80,120)<br />n:   82<br />cohort: cohort.5Fc.5F79b7bedd53776ecb75c2c8e42b01997f"
          ],
          "type": "bar",
          "textposition": "none",
          "marker": {
            "autocolorscale": false,
            "color": "rgba(255,0,0,1)",
            "line": {
              "width": 1.88976377952756,
              "color": "transparent"
            }
          },
          "name": "cohort.5Fc.5F79b7bedd53776ecb75c2c8e42b01997f",
          "legendgroup": "cohort.5Fc.5F79b7bedd53776ecb75c2c8e42b01997f",
          "showlegend": true,
          "xaxis": "x",
          "yaxis": "y",
          "hoverinfo": "text",
          "frame": null,
          "cohortId": "DIABETES_WITH_KETOACIDOSIS"
        },
        {
          "orientation": "v",
          "width": [
            0.225,
            0.225,
            0.225000000000001,
            0.225000000000001,
            0.225,
            0.225,
            0.225,
            0.225
          ],
          "base": [
            0,
            0,
            0,
            0,
            0,
            0,
            0,
            0
          ],
          "x": [
            0.6625,
            1.6625,
            2.6625,
            3.6625,
            4.6625,
            5.6625,
            6.6625,
            7.6625
          ],
          "y": [
            0,
            263,
            391,
            1034,
            2068,
            1492,
            737,
            123
          ],
          "text": [
            "age: [0,20)<br />n:    0<br />cohort: cohort.5Fc.5F79b7bedd53776ecb75c2c8e42b01997f",
            "age: [20,30)<br />n:  263<br />cohort: cohort.5Fc.5F79b7bedd53776ecb75c2c8e42b01997f",
            "age: [30,40)<br />n:  391<br />cohort: cohort.5Fc.5F79b7bedd53776ecb75c2c8e42b01997f",
            "age: [40,50)<br />n: 1034<br />cohort: cohort.5Fc.5F79b7bedd53776ecb75c2c8e42b01997f",
            "age: [50,60)<br />n: 2068<br />cohort: cohort.5Fc.5F79b7bedd53776ecb75c2c8e42b01997f",
            "age: [60,70)<br />n: 1492<br />cohort: cohort.5Fc.5F79b7bedd53776ecb75c2c8e42b01997f",
            "age: [70,80)<br />n:  737<br />cohort: cohort.5Fc.5F79b7bedd53776ecb75c2c8e42b01997f",
            "age: [80,120)<br />n:  123<br />cohort: cohort.5Fc.5F79b7bedd53776ecb75c2c8e42b01997f"
          ],
          "type": "bar",
          "textposition": "none",
          "marker": {
            "autocolorscale": false,
            "color": "rgba(255,0,0,1)",
            "line": {
              "width": 1.88976377952756,
              "color": "transparent"
            }
          },
          "name": "cohort.5Fc.5F79b7bedd53776ecb75c2c8e42b01997f",
          "legendgroup": "cohort.5Fc.5F79b7bedd53776ecb75c2c8e42b01997f",
          "showlegend": false,
          "xaxis": "x2",
          "yaxis": "y",
          "hoverinfo": "text",
          "frame": null,
          "cohortId": "DIABETES_WITH_KETOACIDOSIS"
        },
        {
          "orientation": "v",
          "width": [
            0.225,
            0.225,
            0.225,
            0.225,
            0.225,
            0.225,
            0.225,
            0.225
          ],
          "base": [
            0,
            0,
            0,
            0,
            0,
            0,
            0,
            0
          ],
          "x": [
            0.8875,
            1.8875,
            2.8875,
            3.8875,
            4.8875,
            5.8875,
            6.8875,
            7.8875
          ],
          "y": [
            0,
            28,
            128,
            387,
            1065,
            1150,
            774,
            181
          ],
          "text": [
            "age: [0,20)<br />n:    0<br />cohort: cohort.5Fc.5F304ba6a56f0a55408fffeb33c57eb6cc",
            "age: [20,30)<br />n:   28<br />cohort: cohort.5Fc.5F304ba6a56f0a55408fffeb33c57eb6cc",
            "age: [30,40)<br />n:  128<br />cohort: cohort.5Fc.5F304ba6a56f0a55408fffeb33c57eb6cc",
            "age: [40,50)<br />n:  387<br />cohort: cohort.5Fc.5F304ba6a56f0a55408fffeb33c57eb6cc",
            "age: [50,60)<br />n: 1065<br />cohort: cohort.5Fc.5F304ba6a56f0a55408fffeb33c57eb6cc",
            "age: [60,70)<br />n: 1150<br />cohort: cohort.5Fc.5F304ba6a56f0a55408fffeb33c57eb6cc",
            "age: [70,80)<br />n:  774<br />cohort: cohort.5Fc.5F304ba6a56f0a55408fffeb33c57eb6cc",
            "age: [80,120)<br />n:  181<br />cohort: cohort.5Fc.5F304ba6a56f0a55408fffeb33c57eb6cc"
          ],
          "type": "bar",
          "textposition": "none",
          "marker": {
            "autocolorscale": false,
            "color": "rgba(255,0,0,1)",
            "line": {
              "width": 1.88976377952756,
              "color": "transparent"
            }
          },
          "name": "cohort.5Fc.5F304ba6a56f0a55408fffeb33c57eb6cc",
          "legendgroup": "cohort.5Fc.5F304ba6a56f0a55408fffeb33c57eb6cc",
          "showlegend": true,
          "xaxis": "x",
          "yaxis": "y",
          "hoverinfo": "text",
          "frame": null,
          "cohortId": "DIABETES_WITH_NEUROLOGICAL_MANIFESTATIONS"
        },
        {
          "orientation": "v",
          "width": [
            0.225,
            0.225,
            0.225,
            0.225,
            0.225,
            0.225,
            0.225,
            0.225
          ],
          "base": [
            0,
            0,
            0,
            0,
            0,
            0,
            0,
            0
          ],
          "x": [
            0.8875,
            1.8875,
            2.8875,
            3.8875,
            4.8875,
            5.8875,
            6.8875,
            7.8875
          ],
          "y": [
            0,
            34,
            112,
            306,
            1087,
            1216,
            1351,
            465
          ],
          "text": [
            "age: [0,20)<br />n:    0<br />cohort: cohort.5Fc.5F304ba6a56f0a55408fffeb33c57eb6cc",
            "age: [20,30)<br />n:   34<br />cohort: cohort.5Fc.5F304ba6a56f0a55408fffeb33c57eb6cc",
            "age: [30,40)<br />n:  112<br />cohort: cohort.5Fc.5F304ba6a56f0a55408fffeb33c57eb6cc",
            "age: [40,50)<br />n:  306<br />cohort: cohort.5Fc.5F304ba6a56f0a55408fffeb33c57eb6cc",
            "age: [50,60)<br />n: 1087<br />cohort: cohort.5Fc.5F304ba6a56f0a55408fffeb33c57eb6cc",
            "age: [60,70)<br />n: 1216<br />cohort: cohort.5Fc.5F304ba6a56f0a55408fffeb33c57eb6cc",
            "age: [70,80)<br />n: 1351<br />cohort: cohort.5Fc.5F304ba6a56f0a55408fffeb33c57eb6cc",
            "age: [80,120)<br />n:  465<br />cohort: cohort.5Fc.5F304ba6a56f0a55408fffeb33c57eb6cc"
          ],
          "type": "bar",
          "textposition": "none",
          "marker": {
            "autocolorscale": false,
            "color": "rgba(255,0,0,1)",
            "line": {
              "width": 1.88976377952756,
              "color": "transparent"
            }
          },
          "name": "cohort.5Fc.5F304ba6a56f0a55408fffeb33c57eb6cc",
          "legendgroup": "cohort.5Fc.5F304ba6a56f0a55408fffeb33c57eb6cc",
          "showlegend": false,
          "xaxis": "x2",
          "yaxis": "y",
          "hoverinfo": "text",
          "frame": null,
          "cohortId": "DIABETES_WITH_NEUROLOGICAL_MANIFESTATIONS"
        },
        {
          "orientation": "v",
          "width": [
            0.225,
            0.225,
            0.225,
            0.225,
            0.225,
            0.225,
            0.225,
            0.225000000000001
          ],
          "base": [
            0,
            0,
            0,
            0,
            0,
            0,
            0,
            0
          ],
          "x": [
            1.1125,
            2.1125,
            3.1125,
            4.1125,
            5.1125,
            6.1125,
            7.1125,
            8.1125
          ],
          "y": [
            0,
            14,
            140,
            465,
            1466,
            1962,
            1183,
            219
          ],
          "text": [
            "age: [0,20)<br />n:    0<br />cohort: cohort.5Fc.5F3fec116466a007cbef77008da3eaedc9",
            "age: [20,30)<br />n:   14<br />cohort: cohort.5Fc.5F3fec116466a007cbef77008da3eaedc9",
            "age: [30,40)<br />n:  140<br />cohort: cohort.5Fc.5F3fec116466a007cbef77008da3eaedc9",
            "age: [40,50)<br />n:  465<br />cohort: cohort.5Fc.5F3fec116466a007cbef77008da3eaedc9",
            "age: [50,60)<br />n: 1466<br />cohort: cohort.5Fc.5F3fec116466a007cbef77008da3eaedc9",
            "age: [60,70)<br />n: 1962<br />cohort: cohort.5Fc.5F3fec116466a007cbef77008da3eaedc9",
            "age: [70,80)<br />n: 1183<br />cohort: cohort.5Fc.5F3fec116466a007cbef77008da3eaedc9",
            "age: [80,120)<br />n:  219<br />cohort: cohort.5Fc.5F3fec116466a007cbef77008da3eaedc9"
          ],
          "type": "bar",
          "textposition": "none",
          "marker": {
            "autocolorscale": false,
            "color": "rgba(255,0,0,1)",
            "line": {
              "width": 1.88976377952756,
              "color": "transparent"
            }
          },
          "name": "cohort.5Fc.5F3fec116466a007cbef77008da3eaedc9",
          "legendgroup": "cohort.5Fc.5F3fec116466a007cbef77008da3eaedc9",
          "showlegend": true,
          "xaxis": "x",
          "yaxis": "y",
          "hoverinfo": "text",
          "frame": null,
          "cohortId": "DIABETES_WITH_OPHTHALMIC_MANIFESTATIONS"
        },
        {
          "orientation": "v",
          "width": [
            0.225,
            0.225,
            0.225,
            0.225,
            0.225,
            0.225,
            0.225,
            0.225000000000001
          ],
          "base": [
            0,
            0,
            0,
            0,
            0,
            0,
            0,
            0
          ],
          "x": [
            1.1125,
            2.1125,
            3.1125,
            4.1125,
            5.1125,
            6.1125,
            7.1125,
            8.1125
          ],
          "y": [
            0,
            37,
            104,
            423,
            1220,
            1908,
            1898,
            483
          ],
          "text": [
            "age: [0,20)<br />n:    0<br />cohort: cohort.5Fc.5F3fec116466a007cbef77008da3eaedc9",
            "age: [20,30)<br />n:   37<br />cohort: cohort.5Fc.5F3fec116466a007cbef77008da3eaedc9",
            "age: [30,40)<br />n:  104<br />cohort: cohort.5Fc.5F3fec116466a007cbef77008da3eaedc9",
            "age: [40,50)<br />n:  423<br />cohort: cohort.5Fc.5F3fec116466a007cbef77008da3eaedc9",
            "age: [50,60)<br />n: 1220<br />cohort: cohort.5Fc.5F3fec116466a007cbef77008da3eaedc9",
            "age: [60,70)<br />n: 1908<br />cohort: cohort.5Fc.5F3fec116466a007cbef77008da3eaedc9",
            "age: [70,80)<br />n: 1898<br />cohort: cohort.5Fc.5F3fec116466a007cbef77008da3eaedc9",
            "age: [80,120)<br />n:  483<br />cohort: cohort.5Fc.5F3fec116466a007cbef77008da3eaedc9"
          ],
          "type": "bar",
          "textposition": "none",
          "marker": {
            "autocolorscale": false,
            "color": "rgba(255,0,0,1)",
            "line": {
              "width": 1.88976377952756,
              "color": "transparent"
            }
          },
          "name": "cohort.5Fc.5F3fec116466a007cbef77008da3eaedc9",
          "legendgroup": "cohort.5Fc.5F3fec116466a007cbef77008da3eaedc9",
          "showlegend": false,
          "xaxis": "x2",
          "yaxis": "y",
          "hoverinfo": "text",
          "frame": null,
          "cohortId": "DIABETES_WITH_OPHTHALMIC_MANIFESTATIONS"
        },
        {
          "orientation": "v",
          "width": [
            0.225,
            0.225,
            0.225000000000001,
            0.225,
            0.225,
            0.225,
            0.225,
            0.225000000000001
          ],
          "base": [
            0,
            0,
            0,
            0,
            0,
            0,
            0,
            0
          ],
          "x": [
            1.3375,
            2.3375,
            3.3375,
            4.3375,
            5.3375,
            6.3375,
            7.3375,
            8.3375
          ],
          "y": [
            0,
            61,
            248,
            561,
            875,
            485,
            204,
            42
          ],
          "text": [
            "age: [0,20)<br />n:    0<br />cohort: cohort.5Fc.5F7a43cf1b93cde9ef4db07e1a5013111f",
            "age: [20,30)<br />n:   61<br />cohort: cohort.5Fc.5F7a43cf1b93cde9ef4db07e1a5013111f",
            "age: [30,40)<br />n:  248<br />cohort: cohort.5Fc.5F7a43cf1b93cde9ef4db07e1a5013111f",
            "age: [40,50)<br />n:  561<br />cohort: cohort.5Fc.5F7a43cf1b93cde9ef4db07e1a5013111f",
            "age: [50,60)<br />n:  875<br />cohort: cohort.5Fc.5F7a43cf1b93cde9ef4db07e1a5013111f",
            "age: [60,70)<br />n:  485<br />cohort: cohort.5Fc.5F7a43cf1b93cde9ef4db07e1a5013111f",
            "age: [70,80)<br />n:  204<br />cohort: cohort.5Fc.5F7a43cf1b93cde9ef4db07e1a5013111f",
            "age: [80,120)<br />n:   42<br />cohort: cohort.5Fc.5F7a43cf1b93cde9ef4db07e1a5013111f"
          ],
          "type": "bar",
          "textposition": "none",
          "marker": {
            "autocolorscale": false,
            "color": "rgba(255,0,0,1)",
            "line": {
              "width": 1.88976377952756,
              "color": "transparent"
            }
          },
          "name": "cohort.5Fc.5F7a43cf1b93cde9ef4db07e1a5013111f",
          "legendgroup": "cohort.5Fc.5F7a43cf1b93cde9ef4db07e1a5013111f",
          "showlegend": true,
          "xaxis": "x",
          "yaxis": "y",
          "hoverinfo": "text",
          "frame": null,
          "cohortId": "DIABETES_WITH_OTHER_SPECIFIED_MANIFESTATIONS"
        },
        {
          "orientation": "v",
          "width": [
            0.225,
            0.225,
            0.225000000000001,
            0.225,
            0.225,
            0.225,
            0.225,
            0.225000000000001
          ],
          "base": [
            0,
            0,
            0,
            0,
            0,
            0,
            0,
            0
          ],
          "x": [
            1.3375,
            2.3375,
            3.3375,
            4.3375,
            5.3375,
            6.3375,
            7.3375,
            8.3375
          ],
          "y": [
            0,
            64,
            155,
            433,
            892,
            700,
            460,
            103
          ],
          "text": [
            "age: [0,20)<br />n:    0<br />cohort: cohort.5Fc.5F7a43cf1b93cde9ef4db07e1a5013111f",
            "age: [20,30)<br />n:   64<br />cohort: cohort.5Fc.5F7a43cf1b93cde9ef4db07e1a5013111f",
            "age: [30,40)<br />n:  155<br />cohort: cohort.5Fc.5F7a43cf1b93cde9ef4db07e1a5013111f",
            "age: [40,50)<br />n:  433<br />cohort: cohort.5Fc.5F7a43cf1b93cde9ef4db07e1a5013111f",
            "age: [50,60)<br />n:  892<br />cohort: cohort.5Fc.5F7a43cf1b93cde9ef4db07e1a5013111f",
            "age: [60,70)<br />n:  700<br />cohort: cohort.5Fc.5F7a43cf1b93cde9ef4db07e1a5013111f",
            "age: [70,80)<br />n:  460<br />cohort: cohort.5Fc.5F7a43cf1b93cde9ef4db07e1a5013111f",
            "age: [80,120)<br />n:  103<br />cohort: cohort.5Fc.5F7a43cf1b93cde9ef4db07e1a5013111f"
          ],
          "type": "bar",
          "textposition": "none",
          "marker": {
            "autocolorscale": false,
            "color": "rgba(255,0,0,1)",
            "line": {
              "width": 1.88976377952756,
              "color": "transparent"
            }
          },
          "name": "cohort.5Fc.5F7a43cf1b93cde9ef4db07e1a5013111f",
          "legendgroup": "cohort.5Fc.5F7a43cf1b93cde9ef4db07e1a5013111f",
          "showlegend": false,
          "xaxis": "x2",
          "yaxis": "y",
          "hoverinfo": "text",
          "frame": null,
          "cohortId": "DIABETES_WITH_OTHER_SPECIFIED_MANIFESTATIONS"
        }
      ],
      "layout": {
        "margin": {
          "t": 37.4307458143075,
          "r": 7.30593607305936,
          "b": 74.7640791476408,
          "l": 48.9497716894977
        },
        "plot_bgcolor": "rgba(255,255,255,1)",
        "paper_bgcolor": "rgba(255,255,255,1)",
        "font": {
          "color": "rgba(0,0,0,1)",
          "family": "",
          "size": 14.6118721461187
        },
        "xaxis": {
          "domain": [
            0,
            0.491438356164384
          ],
          "automargin": true,
          "type": "linear",
          "autorange": false,
          "range": [
            0.4,
            8.6
          ],
          "tickmode": "array",
          "ticktext": [
            "[0,20)",
            "[20,30)",
            "[30,40)",
            "[40,50)",
            "[50,60)",
            "[60,70)",
            "[70,80)",
            "[80,120)"
          ],
          "tickvals": [
            1,
            2,
            3,
            4,
            5,
            6,
            7,
            8
          ],
          "categoryorder": "array",
          "categoryarray": [
            "[0,20)",
            "[20,30)",
            "[30,40)",
            "[40,50)",
            "[50,60)",
            "[60,70)",
            "[70,80)",
            "[80,120)"
          ],
          "nticks": null,
          "ticks": "outside",
          "tickcolor": "rgba(51,51,51,1)",
          "ticklen": 3.65296803652968,
          "tickwidth": 0.66417600664176,
          "showticklabels": true,
          "tickfont": {
            "color": "rgba(77,77,77,1)",
            "family": "",
            "size": 11.689497716895
          },
          "tickangle": -90,
          "showline": false,
          "linecolor": null,
          "linewidth": 0,
          "showgrid": true,
          "gridcolor": "rgba(235,235,235,1)",
          "gridwidth": 0.66417600664176,
          "zeroline": false,
          "anchor": "y",
          "title": "",
          "hoverformat": ".2f"
        },
        "annotations": [
          {
            "text": "Age",
            "x": 0.5,
            "y": 0,
            "showarrow": false,
            "ax": 0,
            "ay": 0,
            "font": {
              "color": "rgba(0,0,0,1)",
              "family": "",
              "size": 14.6118721461187
            },
            "xref": "paper",
            "yref": "paper",
            "textangle": 0,
            "xanchor": "center",
            "yanchor": "top",
            "annotationType": "axis",
            "yshift": -56.986301369863
          },
          {
            "text": "Count",
            "x": 0,
            "y": 0.5,
            "showarrow": false,
            "ax": 0,
            "ay": 0,
            "font": {
              "color": "rgba(0,0,0,1)",
              "family": "",
              "size": 14.6118721461187
            },
            "xref": "paper",
            "yref": "paper",
            "textangle": -90,
            "xanchor": "right",
            "yanchor": "center",
            "annotationType": "axis",
            "xshift": -33.6073059360731
          },
          {
            "text": "male",
            "x": 0.245719178082192,
            "y": 1,
            "showarrow": false,
            "ax": 0,
            "ay": 0,
            "font": {
              "color": "rgba(26,26,26,1)",
              "family": "",
              "size": 11.689497716895
            },
            "xref": "paper",
            "yref": "paper",
            "textangle": 0,
            "xanchor": "center",
            "yanchor": "bottom"
          },
          {
            "text": "female",
            "x": 0.754280821917808,
            "y": 1,
            "showarrow": false,
            "ax": 0,
            "ay": 0,
            "font": {
              "color": "rgba(26,26,26,1)",
              "family": "",
              "size": 11.689497716895
            },
            "xref": "paper",
            "yref": "paper",
            "textangle": 0,
            "xanchor": "center",
            "yanchor": "bottom"
          }
        ],
        "yaxis": {
          "domain": [
            0,
            1
          ],
          "automargin": true,
          "type": "linear",
          "autorange": false,
          "range": [
            -103.4,
            2171.4
          ],
          "tickmode": "array",
          "ticktext": [
            "0",
            "500",
            "1000",
            "1500",
            "2000"
          ],
          "tickvals": [
            0,
            500,
            1000,
            1500,
            2000
          ],
          "categoryorder": "array",
          "categoryarray": [
            "0",
            "500",
            "1000",
            "1500",
            "2000"
          ],
          "nticks": null,
          "ticks": "outside",
          "tickcolor": "rgba(51,51,51,1)",
          "ticklen": 3.65296803652968,
          "tickwidth": 0.66417600664176,
          "showticklabels": true,
          "tickfont": {
            "color": "rgba(77,77,77,1)",
            "family": "",
            "size": 11.689497716895
          },
          "tickangle": 0,
          "showline": false,
          "linecolor": null,
          "linewidth": 0,
          "showgrid": true,
          "gridcolor": "rgba(235,235,235,1)",
          "gridwidth": 0.66417600664176,
          "zeroline": false,
          "anchor": "x",
          "title": "",
          "hoverformat": ".2f"
        },
        "shapes": [
          {
            "type": "rect",
            "fillcolor": "transparent",
            "line": {
              "color": "rgba(51,51,51,1)",
              "width": 0.66417600664176,
              "linetype": "solid"
            },
            "yref": "paper",
            "xref": "paper",
            "x0": 0,
            "x1": 0.491438356164384,
            "y0": 0,
            "y1": 1
          },
          {
            "type": "rect",
            "fillcolor": null,
            "line": {
              "color": null,
              "width": 0,
              "linetype": []
            },
            "yref": "paper",
            "xref": "paper",
            "x0": 0,
            "x1": 0.491438356164384,
            "y0": 0,
            "y1": 23.37899543379,
            "yanchor": 1,
            "ysizemode": "pixel"
          },
          {
            "type": "rect",
            "fillcolor": "transparent",
            "line": {
              "color": "rgba(51,51,51,1)",
              "width": 0.66417600664176,
              "linetype": "solid"
            },
            "yref": "paper",
            "xref": "paper",
            "x0": 0.508561643835616,
            "x1": 1,
            "y0": 0,
            "y1": 1
          },
          {
            "type": "rect",
            "fillcolor": null,
            "line": {
              "color": null,
              "width": 0,
              "linetype": []
            },
            "yref": "paper",
            "xref": "paper",
            "x0": 0.508561643835616,
            "x1": 1,
            "y0": 0,
            "y1": 23.37899543379,
            "yanchor": 1,
            "ysizemode": "pixel"
          }
        ],
        "xaxis2": {
          "type": "linear",
          "autorange": false,
          "range": [
            0.4,
            8.6
          ],
          "tickmode": "array",
          "ticktext": [
            "[0,20)",
            "[20,30)",
            "[30,40)",
            "[40,50)",
            "[50,60)",
            "[60,70)",
            "[70,80)",
            "[80,120)"
          ],
          "tickvals": [
            1,
            2,
            3,
            4,
            5,
            6,
            7,
            8
          ],
          "categoryorder": "array",
          "categoryarray": [
            "[0,20)",
            "[20,30)",
            "[30,40)",
            "[40,50)",
            "[50,60)",
            "[60,70)",
            "[70,80)",
            "[80,120)"
          ],
          "nticks": null,
          "ticks": "outside",
          "tickcolor": "rgba(51,51,51,1)",
          "ticklen": 3.65296803652968,
          "tickwidth": 0.66417600664176,
          "showticklabels": true,
          "tickfont": {
            "color": "rgba(77,77,77,1)",
            "family": "",
            "size": 11.689497716895
          },
          "tickangle": -90,
          "showline": false,
          "linecolor": null,
          "linewidth": 0,
          "showgrid": true,
          "domain": [
            0.508561643835616,
            1
          ],
          "gridcolor": "rgba(235,235,235,1)",
          "gridwidth": 0.66417600664176,
          "zeroline": false,
          "anchor": "y",
          "title": "",
          "hoverformat": ".2f"
        },
        "showlegend": true,
        "legend": {
          "bgcolor": "rgba(255,255,255,1)",
          "bordercolor": "transparent",
          "borderwidth": 1.88976377952756,
          "font": {
            "color": "rgba(0,0,0,1)",
            "family": "",
            "size": 11.689497716895
          },
          "title": {
            "text": "",
            "font": {
              "color": "rgba(0,0,0,1)",
              "family": "",
              "size": 14.6118721461187
            }
          }
        },
        "hovermode": "closest",
        "barmode": "relative"
      }
    }
  },
  "id": "302b7973-386d-4ac2-88cf-af2c0f246c08"
}