{
  "timestamp": "20240404175720522530",
  "request_id": "1f568568-8754-4698-bba6-566271a60221",
  "output_file": "data/outputs\\full_cohort_builder_with_export_all_reports\\0311123747136_genReport_prevalence.json",
  "expected_output_file": "data/expectations\\full_cohort_builder_with_export_all_reports\\0311123747136_genReport_prevalence.json",
  "diff": [
    {
      "path": [
        "figures",
        "data",
        0,
        "error_y",
        "width"
      ],
      "action": "values_changed",
      "value": 1.51215121512151,
      "old_value": 1.92019201920192
    },
    {
      "path": [
        "figures",
        "data",
        1,
        "error_y",
        "width"
      ],
      "action": "values_changed",
      "value": 1.51215121512151,
      "old_value": 1.92019201920192
    },
    {
      "path": [
        "figures",
        "layout",
        "margin",
        "t"
      ],
      "action": "values_changed",
      "value": 23.3059360730594,
      "old_value": 25.7412480974125
    },
    {
      "path": [
        "figures",
        "layout",
        "margin",
        "b"
      ],
      "action": "values_changed",
      "value": 37.2602739726027,
      "old_value": 39.6955859969559
    }
  ]
}