{
  "messageType": "chronicDiseaseCohorts.buildCohort",
  "cohortId": "c_a571c2d5f1ac98681d70635e4a8afbe6",
  "cohort": {
    "name": "CHF",
    "id": "c_a571c2d5f1ac98681d70635e4a8afbe6",
    "inclusionCriteria": [
      {
        "enabled": true,
        "type": "ICD9",
        "label": "428.0* CONGESTIVE HEART FAILURE",
        "track": "icd9_428.0"
      }
    ],
    "requiredFilter": [
      {
        "enabled": true,
        "type": "ICD9",
        "label": "250* DIABETES MELLITUS",
        "stime": -1825,
        "etime": 0,
        "track": "icd9_250"
      }
    ],
    "excludeFilter": [
      {
        "enabled": true,
        "type": "Med",
        "label": "HTN BETA BLOCKERS",
        "stime": -1825,
        "etime": 0,
        "track": "WZMN.med.HTN.BETA_BLOCKERS"
      }
    ],
    "adjustOnsetTime": [],
    "isChronic": true
  }
}