{
  "data": {
    "messageType": "analysisDocument.report",
    "requestId": "83e59761-8309-439f-87c9-8f37cb4fe729",
    "cohortIds": [
      "c_b0475e53c4b385489d065b1eba846603",
      "c_99e70e1c5f1b94ad5527b29e70d7125f",
      "c_56bef3eb6a1907d71a3fee360940931b"
    ],
    "type": "lab",
    "data": null,
    "figures": {
      "WZMN.med.HTN.BETA_BLOCKERS.male": {
        "data": [
          {
            "orientation": "v",
            "width": 0.3,
            "base": 0,
            "x": 0.7,
            "y": 1,
            "text": "bins: [0,5)<br />percent: 1<br />cohort: cohort.5Fc.5F56bef3eb6a1907d71a3fee360940931b",
            "type": "bar",
            "textposition": "none",
            "marker": {
              "autocolorscale": false,
              "color": "rgba(248,118,109,1)",
              "line": {
                "width": 1.88976377952756,
                "color": "transparent"
              }
            },
            "name": "cohort.5Fc.5F56bef3eb6a1907d71a3fee360940931b",
            "legendgroup": "cohort.5Fc.5F56bef3eb6a1907d71a3fee360940931b",
            "showlegend": true,
            "xaxis": "x",
            "yaxis": "y",
            "hoverinfo": "text",
            "frame": null,
            "cohortId": "DIABETES_WITH_OTHER_SPECIFIED_MANIFESTATIONS"
          },
          {
            "orientation": "v",
            "width": 0.3,
            "base": 0,
            "x": 1,
            "y": 1,
            "text": "bins: [0,5)<br />percent: 1<br />cohort: cohort.5Fc.5F99e70e1c5f1b94ad5527b29e70d7125f",
            "type": "bar",
            "textposition": "none",
            "marker": {
              "autocolorscale": false,
              "color": "rgba(0,186,56,1)",
              "line": {
                "width": 1.88976377952756,
                "color": "transparent"
              }
            },
            "name": "cohort.5Fc.5F99e70e1c5f1b94ad5527b29e70d7125f",
            "legendgroup": "cohort.5Fc.5F99e70e1c5f1b94ad5527b29e70d7125f",
            "showlegend": true,
            "xaxis": "x",
            "yaxis": "y",
            "hoverinfo": "text",
            "frame": null,
            "cohortId": "DIABETES_WITH_OPHTHALMIC_MANIFESTATIONS"
          },
          {
            "orientation": "v",
            "width": 0.3,
            "base": 0,
            "x": 1.3,
            "y": 1,
            "text": "bins: [0,5)<br />percent: 1<br />cohort: cohort.5Fc.5Fb0475e53c4b385489d065b1eba846603",
            "type": "bar",
            "textposition": "none",
            "marker": {
              "autocolorscale": false,
              "color": "rgba(97,156,255,1)",
              "line": {
                "width": 1.88976377952756,
                "color": "transparent"
              }
            },
            "name": "cohort.5Fc.5Fb0475e53c4b385489d065b1eba846603",
            "legendgroup": "cohort.5Fc.5Fb0475e53c4b385489d065b1eba846603",
            "showlegend": true,
            "xaxis": "x",
            "yaxis": "y",
            "hoverinfo": "text",
            "frame": null,
            "cohortId": "DIABETES_WITH_NEUROLOGICAL_MANIFESTATIONS"
          }
        ],
        "layout": {
          "margin": {
            "t": 23.3059360730594,
            "r": 7.30593607305936,
            "b": 54.7945205479452,
            "l": 48.9497716894977
          },
          "plot_bgcolor": "rgba(255,255,255,1)",
          "paper_bgcolor": "rgba(255,255,255,1)",
          "font": {
            "color": "rgba(0,0,0,1)",
            "family": "",
            "size": 14.6118721461187
          },
          "xaxis": {
            "domain": [
              0,
              1
            ],
            "automargin": true,
            "type": "linear",
            "autorange": false,
            "range": [
              0.4,
              1.6
            ],
            "tickmode": "array",
            "ticktext": "[0,5)",
            "tickvals": 1,
            "categoryorder": "array",
            "categoryarray": "[0,5)",
            "nticks": null,
            "ticks": "outside",
            "tickcolor": "rgba(51,51,51,1)",
            "ticklen": 3.65296803652968,
            "tickwidth": 0.66417600664176,
            "showticklabels": true,
            "tickfont": {
              "color": "rgba(77,77,77,1)",
              "family": "",
              "size": 11.689497716895
            },
            "tickangle": -90,
            "showline": false,
            "linecolor": null,
            "linewidth": 0,
            "showgrid": true,
            "gridcolor": "rgba(235,235,235,1)",
            "gridwidth": 0.66417600664176,
            "zeroline": false,
            "anchor": "y",
            "title": {
              "text": "Bin",
              "font": {
                "color": "rgba(0,0,0,1)",
                "family": "",
                "size": 14.6118721461187
              }
            },
            "hoverformat": ".2f"
          },
          "yaxis": {
            "domain": [
              0,
              1
            ],
            "automargin": true,
            "type": "linear",
            "autorange": false,
            "range": [
              -0.05,
              1.05
            ],
            "tickmode": "array",
            "ticktext": [
              "0.00",
              "0.25",
              "0.50",
              "0.75",
              "1.00"
            ],
            "tickvals": [
              0,
              0.25,
              0.5,
              0.75,
              1
            ],
            "categoryorder": "array",
            "categoryarray": [
              "0.00",
              "0.25",
              "0.50",
              "0.75",
              "1.00"
            ],
            "nticks": null,
            "ticks": "outside",
            "tickcolor": "rgba(51,51,51,1)",
            "ticklen": 3.65296803652968,
            "tickwidth": 0.66417600664176,
            "showticklabels": true,
            "tickfont": {
              "color": "rgba(77,77,77,1)",
              "family": "",
              "size": 11.689497716895
            },
            "tickangle": 0,
            "showline": false,
            "linecolor": null,
            "linewidth": 0,
            "showgrid": true,
            "gridcolor": "rgba(235,235,235,1)",
            "gridwidth": 0.66417600664176,
            "zeroline": false,
            "anchor": "x",
            "title": {
              "text": "Percent",
              "font": {
                "color": "rgba(0,0,0,1)",
                "family": "",
                "size": 14.6118721461187
              }
            },
            "hoverformat": ".2f"
          },
          "shapes": [
            {
              "type": "rect",
              "fillcolor": "transparent",
              "line": {
                "color": "rgba(51,51,51,1)",
                "width": 0.66417600664176,
                "linetype": "solid"
              },
              "yref": "paper",
              "xref": "paper",
              "x0": 0,
              "x1": 1,
              "y0": 0,
              "y1": 1
            }
          ],
          "showlegend": false,
          "legend": {
            "bgcolor": "rgba(255,255,255,1)",
            "bordercolor": "transparent",
            "borderwidth": 1.88976377952756,
            "font": {
              "color": "rgba(0,0,0,1)",
              "family": "",
              "size": 11.689497716895
            },
            "title": {
              "text": "cohort",
              "font": {
                "color": "rgba(0,0,0,1)",
                "family": "",
                "size": 14.6118721461187
              }
            }
          },
          "hovermode": "closest",
          "barmode": "relative"
        }
      },
      "WZMN.med.HTN.BETA_BLOCKERS.female": {
        "data": [
          {
            "orientation": "v",
            "width": 0.3,
            "base": 0,
            "x": 0.7,
            "y": 1,
            "text": "bins: [0,5)<br />percent: 1<br />cohort: cohort.5Fc.5F56bef3eb6a1907d71a3fee360940931b",
            "type": "bar",
            "textposition": "none",
            "marker": {
              "autocolorscale": false,
              "color": "rgba(248,118,109,1)",
              "line": {
                "width": 1.88976377952756,
                "color": "transparent"
              }
            },
            "name": "cohort.5Fc.5F56bef3eb6a1907d71a3fee360940931b",
            "legendgroup": "cohort.5Fc.5F56bef3eb6a1907d71a3fee360940931b",
            "showlegend": true,
            "xaxis": "x",
            "yaxis": "y",
            "hoverinfo": "text",
            "frame": null,
            "cohortId": "DIABETES_WITH_OTHER_SPECIFIED_MANIFESTATIONS"
          },
          {
            "orientation": "v",
            "width": 0.3,
            "base": 0,
            "x": 1,
            "y": 1,
            "text": "bins: [0,5)<br />percent: 1<br />cohort: cohort.5Fc.5F99e70e1c5f1b94ad5527b29e70d7125f",
            "type": "bar",
            "textposition": "none",
            "marker": {
              "autocolorscale": false,
              "color": "rgba(0,186,56,1)",
              "line": {
                "width": 1.88976377952756,
                "color": "transparent"
              }
            },
            "name": "cohort.5Fc.5F99e70e1c5f1b94ad5527b29e70d7125f",
            "legendgroup": "cohort.5Fc.5F99e70e1c5f1b94ad5527b29e70d7125f",
            "showlegend": true,
            "xaxis": "x",
            "yaxis": "y",
            "hoverinfo": "text",
            "frame": null,
            "cohortId": "DIABETES_WITH_OPHTHALMIC_MANIFESTATIONS"
          },
          {
            "orientation": "v",
            "width": 0.3,
            "base": 0,
            "x": 1.3,
            "y": 1,
            "text": "bins: [0,5)<br />percent: 1<br />cohort: cohort.5Fc.5Fb0475e53c4b385489d065b1eba846603",
            "type": "bar",
            "textposition": "none",
            "marker": {
              "autocolorscale": false,
              "color": "rgba(97,156,255,1)",
              "line": {
                "width": 1.88976377952756,
                "color": "transparent"
              }
            },
            "name": "cohort.5Fc.5Fb0475e53c4b385489d065b1eba846603",
            "legendgroup": "cohort.5Fc.5Fb0475e53c4b385489d065b1eba846603",
            "showlegend": true,
            "xaxis": "x",
            "yaxis": "y",
            "hoverinfo": "text",
            "frame": null,
            "cohortId": "DIABETES_WITH_NEUROLOGICAL_MANIFESTATIONS"
          }
        ],
        "layout": {
          "margin": {
            "t": 23.3059360730594,
            "r": 7.30593607305936,
            "b": 54.7945205479452,
            "l": 48.9497716894977
          },
          "plot_bgcolor": "rgba(255,255,255,1)",
          "paper_bgcolor": "rgba(255,255,255,1)",
          "font": {
            "color": "rgba(0,0,0,1)",
            "family": "",
            "size": 14.6118721461187
          },
          "xaxis": {
            "domain": [
              0,
              1
            ],
            "automargin": true,
            "type": "linear",
            "autorange": false,
            "range": [
              0.4,
              1.6
            ],
            "tickmode": "array",
            "ticktext": "[0,5)",
            "tickvals": 1,
            "categoryorder": "array",
            "categoryarray": "[0,5)",
            "nticks": null,
            "ticks": "outside",
            "tickcolor": "rgba(51,51,51,1)",
            "ticklen": 3.65296803652968,
            "tickwidth": 0.66417600664176,
            "showticklabels": true,
            "tickfont": {
              "color": "rgba(77,77,77,1)",
              "family": "",
              "size": 11.689497716895
            },
            "tickangle": -90,
            "showline": false,
            "linecolor": null,
            "linewidth": 0,
            "showgrid": true,
            "gridcolor": "rgba(235,235,235,1)",
            "gridwidth": 0.66417600664176,
            "zeroline": false,
            "anchor": "y",
            "title": {
              "text": "Bin",
              "font": {
                "color": "rgba(0,0,0,1)",
                "family": "",
                "size": 14.6118721461187
              }
            },
            "hoverformat": ".2f"
          },
          "yaxis": {
            "domain": [
              0,
              1
            ],
            "automargin": true,
            "type": "linear",
            "autorange": false,
            "range": [
              -0.05,
              1.05
            ],
            "tickmode": "array",
            "ticktext": [
              "0.00",
              "0.25",
              "0.50",
              "0.75",
              "1.00"
            ],
            "tickvals": [
              0,
              0.25,
              0.5,
              0.75,
              1
            ],
            "categoryorder": "array",
            "categoryarray": [
              "0.00",
              "0.25",
              "0.50",
              "0.75",
              "1.00"
            ],
            "nticks": null,
            "ticks": "outside",
            "tickcolor": "rgba(51,51,51,1)",
            "ticklen": 3.65296803652968,
            "tickwidth": 0.66417600664176,
            "showticklabels": true,
            "tickfont": {
              "color": "rgba(77,77,77,1)",
              "family": "",
              "size": 11.689497716895
            },
            "tickangle": 0,
            "showline": false,
            "linecolor": null,
            "linewidth": 0,
            "showgrid": true,
            "gridcolor": "rgba(235,235,235,1)",
            "gridwidth": 0.66417600664176,
            "zeroline": false,
            "anchor": "x",
            "title": {
              "text": "Percent",
              "font": {
                "color": "rgba(0,0,0,1)",
                "family": "",
                "size": 14.6118721461187
              }
            },
            "hoverformat": ".2f"
          },
          "shapes": [
            {
              "type": "rect",
              "fillcolor": "transparent",
              "line": {
                "color": "rgba(51,51,51,1)",
                "width": 0.66417600664176,
                "linetype": "solid"
              },
              "yref": "paper",
              "xref": "paper",
              "x0": 0,
              "x1": 1,
              "y0": 0,
              "y1": 1
            }
          ],
          "showlegend": false,
          "legend": {
            "bgcolor": "rgba(255,255,255,1)",
            "bordercolor": "transparent",
            "borderwidth": 1.88976377952756,
            "font": {
              "color": "rgba(0,0,0,1)",
              "family": "",
              "size": 11.689497716895
            },
            "title": {
              "text": "cohort",
              "font": {
                "color": "rgba(0,0,0,1)",
                "family": "",
                "size": 14.6118721461187
              }
            }
          },
          "hovermode": "closest",
          "barmode": "relative"
        }
      }
    }
  },
  "id": "83e59761-8309-439f-87c9-8f37cb4fe729"
}