{
  "data": {
    "messageType": "analysisDocument.report",
    "requestId": "1620f90c-c89e-46ae-93dd-734e1e48fce2",
    "cohortIds": [
      "c_b0475e53c4b385489d065b1eba846603",
      "c_99e70e1c5f1b94ad5527b29e70d7125f",
      "c_56bef3eb6a1907d71a3fee360940931b"
    ],
    "type": "year_gender",
    "data": [
      {
        "year": "[2004,2005)",
        "sex": "male",
        "n": 570,
        "y": 2004,
        "cohort": "c_b0475e53c4b385489d065b1eba846603"
      },
      {
        "year": "[2005,2006)",
        "sex": "male",
        "n": 443,
        "y": 2005,
        "cohort": "c_b0475e53c4b385489d065b1eba846603"
      },
      {
        "year": "[2006,2007)",
        "sex": "male",
        "n": 324,
        "y": 2006,
        "cohort": "c_b0475e53c4b385489d065b1eba846603"
      },
      {
        "year": "[2007,2008)",
        "sex": "male",
        "n": 254,
        "y": 2007,
        "cohort": "c_b0475e53c4b385489d065b1eba846603"
      },
      {
        "year": "[2008,2009)",
        "sex": "male",
        "n": 251,
        "y": 2008,
        "cohort": "c_b0475e53c4b385489d065b1eba846603"
      },
      {
        "year": "[2009,2010)",
        "sex": "male",
        "n": 232,
        "y": 2009,
        "cohort": "c_b0475e53c4b385489d065b1eba846603"
      },
      {
        "year": "[2010,2011)",
        "sex": "male",
        "n": 203,
        "y": 2010,
        "cohort": "c_b0475e53c4b385489d065b1eba846603"
      },
      {
        "year": "[2011,2012)",
        "sex": "male",
        "n": 234,
        "y": 2011,
        "cohort": "c_b0475e53c4b385489d065b1eba846603"
      },
      {
        "year": "[2012,2013)",
        "sex": "male",
        "n": 186,
        "y": 2012,
        "cohort": "c_b0475e53c4b385489d065b1eba846603"
      },
      {
        "year": "[2013,2014)",
        "sex": "male",
        "n": 205,
        "y": 2013,
        "cohort": "c_b0475e53c4b385489d065b1eba846603"
      },
      {
        "year": "[2014,2015)",
        "sex": "male",
        "n": 198,
        "y": 2014,
        "cohort": "c_b0475e53c4b385489d065b1eba846603"
      },
      {
        "year": "[2015,2016)",
        "sex": "male",
        "n": 206,
        "y": 2015,
        "cohort": "c_b0475e53c4b385489d065b1eba846603"
      },
      {
        "year": "[2016,2017)",
        "sex": "male",
        "n": 194,
        "y": 2016,
        "cohort": "c_b0475e53c4b385489d065b1eba846603"
      },
      {
        "year": "[2017,2018)",
        "sex": "male",
        "n": 213,
        "y": 2017,
        "cohort": "c_b0475e53c4b385489d065b1eba846603"
      },
      {
        "year": "[2004,2005)",
        "sex": "female",
        "n": 632,
        "y": 2004,
        "cohort": "c_b0475e53c4b385489d065b1eba846603"
      },
      {
        "year": "[2005,2006)",
        "sex": "female",
        "n": 560,
        "y": 2005,
        "cohort": "c_b0475e53c4b385489d065b1eba846603"
      },
      {
        "year": "[2006,2007)",
        "sex": "female",
        "n": 448,
        "y": 2006,
        "cohort": "c_b0475e53c4b385489d065b1eba846603"
      },
      {
        "year": "[2007,2008)",
        "sex": "female",
        "n": 350,
        "y": 2007,
        "cohort": "c_b0475e53c4b385489d065b1eba846603"
      },
      {
        "year": "[2008,2009)",
        "sex": "female",
        "n": 297,
        "y": 2008,
        "cohort": "c_b0475e53c4b385489d065b1eba846603"
      },
      {
        "year": "[2009,2010)",
        "sex": "female",
        "n": 267,
        "y": 2009,
        "cohort": "c_b0475e53c4b385489d065b1eba846603"
      },
      {
        "year": "[2010,2011)",
        "sex": "female",
        "n": 280,
        "y": 2010,
        "cohort": "c_b0475e53c4b385489d065b1eba846603"
      },
      {
        "year": "[2011,2012)",
        "sex": "female",
        "n": 269,
        "y": 2011,
        "cohort": "c_b0475e53c4b385489d065b1eba846603"
      },
      {
        "year": "[2012,2013)",
        "sex": "female",
        "n": 272,
        "y": 2012,
        "cohort": "c_b0475e53c4b385489d065b1eba846603"
      },
      {
        "year": "[2013,2014)",
        "sex": "female",
        "n": 244,
        "y": 2013,
        "cohort": "c_b0475e53c4b385489d065b1eba846603"
      },
      {
        "year": "[2014,2015)",
        "sex": "female",
        "n": 247,
        "y": 2014,
        "cohort": "c_b0475e53c4b385489d065b1eba846603"
      },
      {
        "year": "[2015,2016)",
        "sex": "female",
        "n": 213,
        "y": 2015,
        "cohort": "c_b0475e53c4b385489d065b1eba846603"
      },
      {
        "year": "[2016,2017)",
        "sex": "female",
        "n": 248,
        "y": 2016,
        "cohort": "c_b0475e53c4b385489d065b1eba846603"
      },
      {
        "year": "[2017,2018)",
        "sex": "female",
        "n": 244,
        "y": 2017,
        "cohort": "c_b0475e53c4b385489d065b1eba846603"
      },
      {
        "year": "[2004,2005)",
        "sex": "male",
        "n": 750,
        "y": 2004,
        "cohort": "c_99e70e1c5f1b94ad5527b29e70d7125f"
      },
      {
        "year": "[2005,2006)",
        "sex": "male",
        "n": 580,
        "y": 2005,
        "cohort": "c_99e70e1c5f1b94ad5527b29e70d7125f"
      },
      {
        "year": "[2006,2007)",
        "sex": "male",
        "n": 491,
        "y": 2006,
        "cohort": "c_99e70e1c5f1b94ad5527b29e70d7125f"
      },
      {
        "year": "[2007,2008)",
        "sex": "male",
        "n": 418,
        "y": 2007,
        "cohort": "c_99e70e1c5f1b94ad5527b29e70d7125f"
      },
      {
        "year": "[2008,2009)",
        "sex": "male",
        "n": 353,
        "y": 2008,
        "cohort": "c_99e70e1c5f1b94ad5527b29e70d7125f"
      },
      {
        "year": "[2009,2010)",
        "sex": "male",
        "n": 352,
        "y": 2009,
        "cohort": "c_99e70e1c5f1b94ad5527b29e70d7125f"
      },
      {
        "year": "[2010,2011)",
        "sex": "male",
        "n": 311,
        "y": 2010,
        "cohort": "c_99e70e1c5f1b94ad5527b29e70d7125f"
      },
      {
        "year": "[2011,2012)",
        "sex": "male",
        "n": 343,
        "y": 2011,
        "cohort": "c_99e70e1c5f1b94ad5527b29e70d7125f"
      },
      {
        "year": "[2012,2013)",
        "sex": "male",
        "n": 317,
        "y": 2012,
        "cohort": "c_99e70e1c5f1b94ad5527b29e70d7125f"
      },
      {
        "year": "[2013,2014)",
        "sex": "male",
        "n": 303,
        "y": 2013,
        "cohort": "c_99e70e1c5f1b94ad5527b29e70d7125f"
      },
      {
        "year": "[2014,2015)",
        "sex": "male",
        "n": 291,
        "y": 2014,
        "cohort": "c_99e70e1c5f1b94ad5527b29e70d7125f"
      },
      {
        "year": "[2015,2016)",
        "sex": "male",
        "n": 282,
        "y": 2015,
        "cohort": "c_99e70e1c5f1b94ad5527b29e70d7125f"
      },
      {
        "year": "[2016,2017)",
        "sex": "male",
        "n": 336,
        "y": 2016,
        "cohort": "c_99e70e1c5f1b94ad5527b29e70d7125f"
      },
      {
        "year": "[2017,2018)",
        "sex": "male",
        "n": 322,
        "y": 2017,
        "cohort": "c_99e70e1c5f1b94ad5527b29e70d7125f"
      },
      {
        "year": "[2004,2005)",
        "sex": "female",
        "n": 786,
        "y": 2004,
        "cohort": "c_99e70e1c5f1b94ad5527b29e70d7125f"
      },
      {
        "year": "[2005,2006)",
        "sex": "female",
        "n": 661,
        "y": 2005,
        "cohort": "c_99e70e1c5f1b94ad5527b29e70d7125f"
      },
      {
        "year": "[2006,2007)",
        "sex": "female",
        "n": 556,
        "y": 2006,
        "cohort": "c_99e70e1c5f1b94ad5527b29e70d7125f"
      },
      {
        "year": "[2007,2008)",
        "sex": "female",
        "n": 456,
        "y": 2007,
        "cohort": "c_99e70e1c5f1b94ad5527b29e70d7125f"
      },
      {
        "year": "[2008,2009)",
        "sex": "female",
        "n": 432,
        "y": 2008,
        "cohort": "c_99e70e1c5f1b94ad5527b29e70d7125f"
      },
      {
        "year": "[2009,2010)",
        "sex": "female",
        "n": 353,
        "y": 2009,
        "cohort": "c_99e70e1c5f1b94ad5527b29e70d7125f"
      },
      {
        "year": "[2010,2011)",
        "sex": "female",
        "n": 370,
        "y": 2010,
        "cohort": "c_99e70e1c5f1b94ad5527b29e70d7125f"
      },
      {
        "year": "[2011,2012)",
        "sex": "female",
        "n": 403,
        "y": 2011,
        "cohort": "c_99e70e1c5f1b94ad5527b29e70d7125f"
      },
      {
        "year": "[2012,2013)",
        "sex": "female",
        "n": 325,
        "y": 2012,
        "cohort": "c_99e70e1c5f1b94ad5527b29e70d7125f"
      },
      {
        "year": "[2013,2014)",
        "sex": "female",
        "n": 329,
        "y": 2013,
        "cohort": "c_99e70e1c5f1b94ad5527b29e70d7125f"
      },
      {
        "year": "[2014,2015)",
        "sex": "female",
        "n": 346,
        "y": 2014,
        "cohort": "c_99e70e1c5f1b94ad5527b29e70d7125f"
      },
      {
        "year": "[2015,2016)",
        "sex": "female",
        "n": 351,
        "y": 2015,
        "cohort": "c_99e70e1c5f1b94ad5527b29e70d7125f"
      },
      {
        "year": "[2016,2017)",
        "sex": "female",
        "n": 361,
        "y": 2016,
        "cohort": "c_99e70e1c5f1b94ad5527b29e70d7125f"
      },
      {
        "year": "[2017,2018)",
        "sex": "female",
        "n": 344,
        "y": 2017,
        "cohort": "c_99e70e1c5f1b94ad5527b29e70d7125f"
      },
      {
        "year": "[2004,2005)",
        "sex": "male",
        "n": 424,
        "y": 2004,
        "cohort": "c_56bef3eb6a1907d71a3fee360940931b"
      },
      {
        "year": "[2005,2006)",
        "sex": "male",
        "n": 275,
        "y": 2005,
        "cohort": "c_56bef3eb6a1907d71a3fee360940931b"
      },
      {
        "year": "[2006,2007)",
        "sex": "male",
        "n": 200,
        "y": 2006,
        "cohort": "c_56bef3eb6a1907d71a3fee360940931b"
      },
      {
        "year": "[2007,2008)",
        "sex": "male",
        "n": 154,
        "y": 2007,
        "cohort": "c_56bef3eb6a1907d71a3fee360940931b"
      },
      {
        "year": "[2008,2009)",
        "sex": "male",
        "n": 154,
        "y": 2008,
        "cohort": "c_56bef3eb6a1907d71a3fee360940931b"
      },
      {
        "year": "[2009,2010)",
        "sex": "male",
        "n": 122,
        "y": 2009,
        "cohort": "c_56bef3eb6a1907d71a3fee360940931b"
      },
      {
        "year": "[2010,2011)",
        "sex": "male",
        "n": 136,
        "y": 2010,
        "cohort": "c_56bef3eb6a1907d71a3fee360940931b"
      },
      {
        "year": "[2011,2012)",
        "sex": "male",
        "n": 150,
        "y": 2011,
        "cohort": "c_56bef3eb6a1907d71a3fee360940931b"
      },
      {
        "year": "[2012,2013)",
        "sex": "male",
        "n": 133,
        "y": 2012,
        "cohort": "c_56bef3eb6a1907d71a3fee360940931b"
      },
      {
        "year": "[2013,2014)",
        "sex": "male",
        "n": 154,
        "y": 2013,
        "cohort": "c_56bef3eb6a1907d71a3fee360940931b"
      },
      {
        "year": "[2014,2015)",
        "sex": "male",
        "n": 127,
        "y": 2014,
        "cohort": "c_56bef3eb6a1907d71a3fee360940931b"
      },
      {
        "year": "[2015,2016)",
        "sex": "male",
        "n": 150,
        "y": 2015,
        "cohort": "c_56bef3eb6a1907d71a3fee360940931b"
      },
      {
        "year": "[2016,2017)",
        "sex": "male",
        "n": 149,
        "y": 2016,
        "cohort": "c_56bef3eb6a1907d71a3fee360940931b"
      },
      {
        "year": "[2017,2018)",
        "sex": "male",
        "n": 148,
        "y": 2017,
        "cohort": "c_56bef3eb6a1907d71a3fee360940931b"
      },
      {
        "year": "[2004,2005)",
        "sex": "female",
        "n": 502,
        "y": 2004,
        "cohort": "c_56bef3eb6a1907d71a3fee360940931b"
      },
      {
        "year": "[2005,2006)",
        "sex": "female",
        "n": 330,
        "y": 2005,
        "cohort": "c_56bef3eb6a1907d71a3fee360940931b"
      },
      {
        "year": "[2006,2007)",
        "sex": "female",
        "n": 261,
        "y": 2006,
        "cohort": "c_56bef3eb6a1907d71a3fee360940931b"
      },
      {
        "year": "[2007,2008)",
        "sex": "female",
        "n": 202,
        "y": 2007,
        "cohort": "c_56bef3eb6a1907d71a3fee360940931b"
      },
      {
        "year": "[2008,2009)",
        "sex": "female",
        "n": 167,
        "y": 2008,
        "cohort": "c_56bef3eb6a1907d71a3fee360940931b"
      },
      {
        "year": "[2009,2010)",
        "sex": "female",
        "n": 176,
        "y": 2009,
        "cohort": "c_56bef3eb6a1907d71a3fee360940931b"
      },
      {
        "year": "[2010,2011)",
        "sex": "female",
        "n": 154,
        "y": 2010,
        "cohort": "c_56bef3eb6a1907d71a3fee360940931b"
      },
      {
        "year": "[2011,2012)",
        "sex": "female",
        "n": 157,
        "y": 2011,
        "cohort": "c_56bef3eb6a1907d71a3fee360940931b"
      },
      {
        "year": "[2012,2013)",
        "sex": "female",
        "n": 149,
        "y": 2012,
        "cohort": "c_56bef3eb6a1907d71a3fee360940931b"
      },
      {
        "year": "[2013,2014)",
        "sex": "female",
        "n": 146,
        "y": 2013,
        "cohort": "c_56bef3eb6a1907d71a3fee360940931b"
      },
      {
        "year": "[2014,2015)",
        "sex": "female",
        "n": 146,
        "y": 2014,
        "cohort": "c_56bef3eb6a1907d71a3fee360940931b"
      },
      {
        "year": "[2015,2016)",
        "sex": "female",
        "n": 135,
        "y": 2015,
        "cohort": "c_56bef3eb6a1907d71a3fee360940931b"
      },
      {
        "year": "[2016,2017)",
        "sex": "female",
        "n": 133,
        "y": 2016,
        "cohort": "c_56bef3eb6a1907d71a3fee360940931b"
      },
      {
        "year": "[2017,2018)",
        "sex": "female",
        "n": 149,
        "y": 2017,
        "cohort": "c_56bef3eb6a1907d71a3fee360940931b"
      }
    ],
    "figures": null
  },
  "id": "1620f90c-c89e-46ae-93dd-734e1e48fce2"
}