{
  "data": {
    "messageType": "analysisDocument.report",
    "requestId": "c9285c92-852b-4a83-a6f3-e09696f81f43",
    "cohortIds": [
      "c_b0475e53c4b385489d065b1eba846603",
      "c_99e70e1c5f1b94ad5527b29e70d7125f",
      "c_56bef3eb6a1907d71a3fee360940931b"
    ],
    "type": "prevalence",
    "data": [
      {
        "cohort": "c_b0475e53c4b385489d065b1eba846603",
        "age": "[0,20)",
        "sex": "male",
        "track_duration": 0,
        "age_mid": 10,
        "duration": 11230721,
        "est": 0,
        "lwr.ci": 0,
        "upr.ci": 0
      },
      {
        "cohort": "c_b0475e53c4b385489d065b1eba846603",
        "age": "[20,30)",
        "sex": "male",
        "track_duration": 1269,
        "age_mid": 25,
        "duration": 47983643,
        "est": 2.64465122000012e-05,
        "lwr.ci": 2.4991455416583e-05,
        "upr.ci": 2.79015689834193e-05
      },
      {
        "cohort": "c_b0475e53c4b385489d065b1eba846603",
        "age": "[30,40)",
        "sex": "male",
        "track_duration": 9113,
        "age_mid": 35,
        "duration": 58130794,
        "est": 0.000156767168877824,
        "lwr.ci": 0.000153548780309418,
        "upr.ci": 0.000159985557446231
      },
      {
        "cohort": "c_b0475e53c4b385489d065b1eba846603",
        "age": "[40,50)",
        "sex": "male",
        "track_duration": 28436,
        "age_mid": 45,
        "duration": 39774625,
        "est": 0.000714928173427154,
        "lwr.ci": 0.000706621618334573,
        "upr.ci": 0.000723234728519735
      },
      {
        "cohort": "c_b0475e53c4b385489d065b1eba846603",
        "age": "[50,60)",
        "sex": "male",
        "track_duration": 96805,
        "age_mid": 55,
        "duration": 33003406,
        "est": 0.00293318210853752,
        "lwr.ci": 0.00291473193925166,
        "upr.ci": 0.00295163227782339
      },
      {
        "cohort": "c_b0475e53c4b385489d065b1eba846603",
        "age": "[60,70)",
        "sex": "male",
        "track_duration": 162045,
        "age_mid": 65,
        "duration": 23531611,
        "est": 0.00688626885766555,
        "lwr.ci": 0.00685285599070781,
        "upr.ci": 0.00691968172462329
      },
      {
        "cohort": "c_b0475e53c4b385489d065b1eba846603",
        "age": "[70,80)",
        "sex": "male",
        "track_duration": 107988,
        "age_mid": 75,
        "duration": 10298922,
        "est": 0.0104853692454414,
        "lwr.ci": 0.0104231599645763,
        "upr.ci": 0.0105475785263066
      },
      {
        "cohort": "c_b0475e53c4b385489d065b1eba846603",
        "age": "[80,120)",
        "sex": "male",
        "track_duration": 25067,
        "age_mid": 100,
        "duration": 2160604,
        "est": 0.0116018483720293,
        "lwr.ci": 0.0114590609153507,
        "upr.ci": 0.0117446358287079
      },
      {
        "cohort": "c_b0475e53c4b385489d065b1eba846603",
        "age": "[0,20)",
        "sex": "female",
        "track_duration": 0,
        "age_mid": 10,
        "duration": 10620157,
        "est": 0,
        "lwr.ci": 0,
        "upr.ci": 0
      },
      {
        "cohort": "c_b0475e53c4b385489d065b1eba846603",
        "age": "[20,30)",
        "sex": "female",
        "track_duration": 1872,
        "age_mid": 25,
        "duration": 43447530,
        "est": 4.30864539365069e-05,
        "lwr.ci": 4.11346932535675e-05,
        "upr.ci": 4.50382146194462e-05
      },
      {
        "cohort": "c_b0475e53c4b385489d065b1eba846603",
        "age": "[30,40)",
        "sex": "female",
        "track_duration": 11421,
        "age_mid": 35,
        "duration": 54275841,
        "est": 0.000210425113449647,
        "lwr.ci": 0.000206566352301339,
        "upr.ci": 0.000214283874597955
      },
      {
        "cohort": "c_b0475e53c4b385489d065b1eba846603",
        "age": "[40,50)",
        "sex": "female",
        "track_duration": 24964,
        "age_mid": 45,
        "duration": 42263479,
        "est": 0.00059067546237734,
        "lwr.ci": 0.000583350394851788,
        "upr.ci": 0.000598000529902893
      },
      {
        "cohort": "c_b0475e53c4b385489d065b1eba846603",
        "age": "[50,60)",
        "sex": "female",
        "track_duration": 90623,
        "age_mid": 55,
        "duration": 38943204,
        "est": 0.00232705557560184,
        "lwr.ci": 0.00231192241202944,
        "upr.ci": 0.00234218873917425
      },
      {
        "cohort": "c_b0475e53c4b385489d065b1eba846603",
        "age": "[60,70)",
        "sex": "female",
        "track_duration": 154937,
        "age_mid": 65,
        "duration": 29096604,
        "est": 0.00532491695594441,
        "lwr.ci": 0.0052984731489734,
        "upr.ci": 0.00535136076291542
      },
      {
        "cohort": "c_b0475e53c4b385489d065b1eba846603",
        "age": "[70,80)",
        "sex": "female",
        "track_duration": 156723,
        "age_mid": 75,
        "duration": 16040943,
        "est": 0.00977018620414024,
        "lwr.ci": 0.00972205213665154,
        "upr.ci": 0.00981832027162895
      },
      {
        "cohort": "c_b0475e53c4b385489d065b1eba846603",
        "age": "[80,120)",
        "sex": "female",
        "track_duration": 60828,
        "age_mid": 100,
        "duration": 4937606,
        "est": 0.0123193304609562,
        "lwr.ci": 0.0122220351961203,
        "upr.ci": 0.012416625725792
      },
      {
        "cohort": "c_99e70e1c5f1b94ad5527b29e70d7125f",
        "age": "[0,20)",
        "sex": "male",
        "track_duration": 0,
        "age_mid": 10,
        "duration": 11230721,
        "est": 0,
        "lwr.ci": 0,
        "upr.ci": 0
      },
      {
        "cohort": "c_99e70e1c5f1b94ad5527b29e70d7125f",
        "age": "[20,30)",
        "sex": "male",
        "track_duration": 756,
        "age_mid": 25,
        "duration": 47983643,
        "est": 1.57553689702135e-05,
        "lwr.ci": 1.46322846854213e-05,
        "upr.ci": 1.68784532550056e-05
      },
      {
        "cohort": "c_99e70e1c5f1b94ad5527b29e70d7125f",
        "age": "[30,40)",
        "sex": "male",
        "track_duration": 10041,
        "age_mid": 35,
        "duration": 58130794,
        "est": 0.000172731168956681,
        "lwr.ci": 0.000169352911000426,
        "upr.ci": 0.000176109426912936
      },
      {
        "cohort": "c_99e70e1c5f1b94ad5527b29e70d7125f",
        "age": "[40,50)",
        "sex": "male",
        "track_duration": 33767,
        "age_mid": 45,
        "duration": 39774625,
        "est": 0.0008489583497016,
        "lwr.ci": 0.000839907198729825,
        "upr.ci": 0.000858009500673375
      },
      {
        "cohort": "c_99e70e1c5f1b94ad5527b29e70d7125f",
        "age": "[50,60)",
        "sex": "male",
        "track_duration": 124834,
        "age_mid": 55,
        "duration": 33003406,
        "est": 0.00378245808932569,
        "lwr.ci": 0.00376151538001378,
        "upr.ci": 0.0038034007986376
      },
      {
        "cohort": "c_99e70e1c5f1b94ad5527b29e70d7125f",
        "age": "[60,70)",
        "sex": "male",
        "track_duration": 231116,
        "age_mid": 65,
        "duration": 23531611,
        "est": 0.00982151200782641,
        "lwr.ci": 0.00978166752627877,
        "upr.ci": 0.00986135648937404
      },
      {
        "cohort": "c_99e70e1c5f1b94ad5527b29e70d7125f",
        "age": "[70,80)",
        "sex": "male",
        "track_duration": 162671,
        "age_mid": 75,
        "duration": 10298922,
        "est": 0.0157949540738341,
        "lwr.ci": 0.0157188068308181,
        "upr.ci": 0.0158711013168501
      },
      {
        "cohort": "c_99e70e1c5f1b94ad5527b29e70d7125f",
        "age": "[80,120)",
        "sex": "male",
        "track_duration": 33076,
        "age_mid": 100,
        "duration": 2160604,
        "est": 0.0153086822018287,
        "lwr.ci": 0.0151449705987363,
        "upr.ci": 0.0154723938049212
      },
      {
        "cohort": "c_99e70e1c5f1b94ad5527b29e70d7125f",
        "age": "[0,20)",
        "sex": "female",
        "track_duration": 0,
        "age_mid": 10,
        "duration": 10620157,
        "est": 0,
        "lwr.ci": 0,
        "upr.ci": 0
      },
      {
        "cohort": "c_99e70e1c5f1b94ad5527b29e70d7125f",
        "age": "[20,30)",
        "sex": "female",
        "track_duration": 2686,
        "age_mid": 25,
        "duration": 43447530,
        "est": 6.18216961930862e-05,
        "lwr.ci": 5.94838142395089e-05,
        "upr.ci": 6.41595781466635e-05
      },
      {
        "cohort": "c_99e70e1c5f1b94ad5527b29e70d7125f",
        "age": "[30,40)",
        "sex": "female",
        "track_duration": 10485,
        "age_mid": 35,
        "duration": 54275841,
        "est": 0.000193179871685452,
        "lwr.ci": 0.000189482579317062,
        "upr.ci": 0.000196877164053842
      },
      {
        "cohort": "c_99e70e1c5f1b94ad5527b29e70d7125f",
        "age": "[40,50)",
        "sex": "female",
        "track_duration": 29794,
        "age_mid": 45,
        "duration": 42263479,
        "est": 0.000704958529325047,
        "lwr.ci": 0.000696956610894626,
        "upr.ci": 0.000712960447755468
      },
      {
        "cohort": "c_99e70e1c5f1b94ad5527b29e70d7125f",
        "age": "[50,60)",
        "sex": "female",
        "track_duration": 98694,
        "age_mid": 55,
        "duration": 38943204,
        "est": 0.00253430611410402,
        "lwr.ci": 0.00251851507275425,
        "upr.ci": 0.00255009715545378
      },
      {
        "cohort": "c_99e70e1c5f1b94ad5527b29e70d7125f",
        "age": "[60,70)",
        "sex": "female",
        "track_duration": 210508,
        "age_mid": 65,
        "duration": 29096604,
        "est": 0.00723479619820925,
        "lwr.ci": 0.00720400239262241,
        "upr.ci": 0.00726559000379608
      },
      {
        "cohort": "c_99e70e1c5f1b94ad5527b29e70d7125f",
        "age": "[70,80)",
        "sex": "female",
        "track_duration": 228250,
        "age_mid": 75,
        "duration": 16040943,
        "est": 0.0142292133324082,
        "lwr.ci": 0.0141712555766491,
        "upr.ci": 0.0142871710881673
      },
      {
        "cohort": "c_99e70e1c5f1b94ad5527b29e70d7125f",
        "age": "[80,120)",
        "sex": "female",
        "track_duration": 78124,
        "age_mid": 100,
        "duration": 4937606,
        "est": 0.015822242600969,
        "lwr.ci": 0.0157121747043106,
        "upr.ci": 0.0159323104976273
      },
      {
        "cohort": "c_56bef3eb6a1907d71a3fee360940931b",
        "age": "[0,20)",
        "sex": "male",
        "track_duration": 0,
        "age_mid": 10,
        "duration": 11230721,
        "est": 0,
        "lwr.ci": 0,
        "upr.ci": 0
      },
      {
        "cohort": "c_56bef3eb6a1907d71a3fee360940931b",
        "age": "[20,30)",
        "sex": "male",
        "track_duration": 3385,
        "age_mid": 25,
        "duration": 47983643,
        "est": 7.05448729684822e-05,
        "lwr.ci": 6.81684765394174e-05,
        "upr.ci": 7.2921269397547e-05
      },
      {
        "cohort": "c_56bef3eb6a1907d71a3fee360940931b",
        "age": "[30,40)",
        "sex": "male",
        "track_duration": 20262,
        "age_mid": 35,
        "duration": 58130794,
        "est": 0.000348558803445898,
        "lwr.ci": 0.000343760283661028,
        "upr.ci": 0.000353357323230769
      },
      {
        "cohort": "c_56bef3eb6a1907d71a3fee360940931b",
        "age": "[40,50)",
        "sex": "male",
        "track_duration": 53235,
        "age_mid": 45,
        "duration": 39774625,
        "est": 0.00133841613842997,
        "lwr.ci": 0.0013270542688863,
        "upr.ci": 0.00134977800797363
      },
      {
        "cohort": "c_56bef3eb6a1907d71a3fee360940931b",
        "age": "[50,60)",
        "sex": "male",
        "track_duration": 145150,
        "age_mid": 55,
        "duration": 33003406,
        "est": 0.00439803091838461,
        "lwr.ci": 0.00437545524451876,
        "upr.ci": 0.00442060659225045
      },
      {
        "cohort": "c_56bef3eb6a1907d71a3fee360940931b",
        "age": "[60,70)",
        "sex": "male",
        "track_duration": 168805,
        "age_mid": 65,
        "duration": 23531611,
        "est": 0.00717354200696246,
        "lwr.ci": 0.00713944425440721,
        "upr.ci": 0.00720763975951771
      },
      {
        "cohort": "c_56bef3eb6a1907d71a3fee360940931b",
        "age": "[70,80)",
        "sex": "male",
        "track_duration": 102743,
        "age_mid": 75,
        "duration": 10298922,
        "est": 0.00997609264348249,
        "lwr.ci": 0.00991539731244903,
        "upr.ci": 0.010036787974516
      },
      {
        "cohort": "c_56bef3eb6a1907d71a3fee360940931b",
        "age": "[80,120)",
        "sex": "male",
        "track_duration": 22998,
        "age_mid": 100,
        "duration": 2160604,
        "est": 0.0106442457757183,
        "lwr.ci": 0.0105074117223407,
        "upr.ci": 0.0107810798290958
      },
      {
        "cohort": "c_56bef3eb6a1907d71a3fee360940931b",
        "age": "[0,20)",
        "sex": "female",
        "track_duration": 0,
        "age_mid": 10,
        "duration": 10620157,
        "est": 0,
        "lwr.ci": 0,
        "upr.ci": 0
      },
      {
        "cohort": "c_56bef3eb6a1907d71a3fee360940931b",
        "age": "[20,30)",
        "sex": "female",
        "track_duration": 3899,
        "age_mid": 25,
        "duration": 43447530,
        "est": 8.97404294329275e-05,
        "lwr.ci": 8.69237324467764e-05,
        "upr.ci": 9.25571264190785e-05
      },
      {
        "cohort": "c_56bef3eb6a1907d71a3fee360940931b",
        "age": "[30,40)",
        "sex": "female",
        "track_duration": 17601,
        "age_mid": 35,
        "duration": 54275841,
        "est": 0.000324287927661959,
        "lwr.ci": 0.000319497880699874,
        "upr.ci": 0.000329077974624044
      },
      {
        "cohort": "c_56bef3eb6a1907d71a3fee360940931b",
        "age": "[40,50)",
        "sex": "female",
        "track_duration": 41168,
        "age_mid": 45,
        "duration": 42263479,
        "est": 0.000974079772278094,
        "lwr.ci": 0.000964674938814823,
        "upr.ci": 0.000983484605741365
      },
      {
        "cohort": "c_56bef3eb6a1907d71a3fee360940931b",
        "age": "[50,60)",
        "sex": "female",
        "track_duration": 106720,
        "age_mid": 55,
        "duration": 38943204,
        "est": 0.00274040112364663,
        "lwr.ci": 0.00272398224729528,
        "upr.ci": 0.00275681999999798
      },
      {
        "cohort": "c_56bef3eb6a1907d71a3fee360940931b",
        "age": "[60,70)",
        "sex": "female",
        "track_duration": 149796,
        "age_mid": 65,
        "duration": 29096604,
        "est": 0.00514822966968929,
        "lwr.ci": 0.00512222597343639,
        "upr.ci": 0.00517423336594218
      },
      {
        "cohort": "c_56bef3eb6a1907d71a3fee360940931b",
        "age": "[70,80)",
        "sex": "female",
        "track_duration": 118733,
        "age_mid": 75,
        "duration": 16040943,
        "est": 0.007401871573261,
        "lwr.ci": 0.0073599255646182,
        "upr.ci": 0.00744381758190379
      },
      {
        "cohort": "c_56bef3eb6a1907d71a3fee360940931b",
        "age": "[80,120)",
        "sex": "female",
        "track_duration": 41070,
        "age_mid": 100,
        "duration": 4937606,
        "est": 0.00831779611414925,
        "lwr.ci": 0.00823768730603848,
        "upr.ci": 0.00839790492226001
      }
    ],
    "figures": null
  },
  "id": "c9285c92-852b-4a83-a6f3-e09696f81f43"
}