{
  "messageType": "chronicDiseaseCohorts.buildCohort",
  "cohortId": "c_debb178a1c4955f95e8f9db21dbcc765",
  "cohort": {
    "name": "cardio_diabetes",
    "id": "c_debb178a1c4955f95e8f9db21dbcc765",
    "inclusionCriteria": [
      {
        "enabled": true,
        "type": "ICD9",
        "label": "429* ILL-DEFINED DESCRIPTIONS AND COMPLICATIONS OF HEART DISEASE",
        "track": "icd9_429"
      },
      {
        "enabled": true,
        "type": "ICD9",
        "label": "425* CARDIOMYOPATHY",
        "track": "icd9_425"
      },
      {
        "enabled": true,
        "type": "ICD9",
        "label": "306.2* CARDIOVASCULAR MALFUNCTION ARISING FROM MENTAL FACTORS",
        "track": "icd9_306.2"
      }
    ],
    "requiredFilter": [
      {
        "enabled": true,
        "negate": false,
        "type": "Lab",
        "label": "25203 HEMOGLOBIN A1C CALCULATED",
        "stime": -1825,
        "etime": 0,
        "track": "lab.25203",
        "operator": ">",
        "value": 6.5
      },
      [
        {
          "enabled": true,
          "negate": false,
          "type": "Med",
          "label": "ATORVASTATIN",
          "stime": -1825,
          "etime": 0,
          "track": "WZMN.med.ATORVASTATIN"
        },
        {
          "enabled": true,
          "negate": false,
          "type": "Med",
          "label": "ROSUVASTATIN",
          "stime": -1825,
          "etime": 0,
          "track": "WZMN.med.ROSUVASTATIN"
        },
        {
          "enabled": true,
          "negate": false,
          "type": "Med",
          "label": "PRAVASTATIN",
          "stime": -1825,
          "etime": 0,
          "track": "WZMN.med.PRAVASTATIN"
        },
        {
          "enabled": true,
          "negate": false,
          "type": "Med",
          "label": "ATORVASTATIN AND EZETIMIBE",
          "stime": -1825,
          "etime": 0,
          "track": "WZMN.med.ATORVASTATIN_AND_EZETIMIBE"
        },
        {
          "enabled": true,
          "negate": false,
          "type": "Med",
          "label": "FLUVASTATIN",
          "stime": -1825,
          "etime": 0,
          "track": "WZMN.med.FLUVASTATIN"
        }
      ],
      {
        "enabled": true,
        "negate": false,
        "type": "age",
        "minAge": 40,
        "maxAge": 90
      }
    ],
    "excludeFilter": [
      {
        "enabled": true,
        "negate": false,
        "type": "Cohort",
        "label": "disease.CANCER",
        "stime": -7300,
        "etime": 0,
        "track": "disease.CANCER"
      },
      {
        "enabled": true,
        "negate": false,
        "type": "death",
        "stime": 0,
        "etime": 365
      }
    ],
    "adjustOnsetTime": [
      {
        "enabled": true,
        "type": "Lab",
        "label": "25203 HEMOGLOBIN A1C CALCULATED",
        "stime": 0,
        "etime": 0,
        "track": "lab.25203",
        "operator": ">",
        "value": 6.5
      }
    ],
    "isChronic": true
  }
}